{"type": "FeatureCollection", "features": [{"type": "Feature", "id": 1762, "geometry": {"type": "Point", "coordinates": [-95.30059, 29.85606]}, "properties": {"OBJECTID": 1762, "registry_id": "110015333245", "primary_name": "9929 HOMESTEAD ROAD", "location_address": "9929 HOMESTEAD ROAD", "city_name": "HOUSTON", "county_name": "HARRIS", "state_code": "TX", "epa_region": "Region 06", "postal_code": "77016", "latitude": 29.85606, "longitude": -95.30059, "pgm_sys_acrnm": "ACRES", "pgm_sys_id": "13971", "fips_code": "", "huc_code": "", "facility_url": "https://ofmpub.epa.gov/apex/cimc/f?p=CIMC:31::::Y,31,0:P31_ID:13971", "dma_county": "Harris"}}, {"type": "Feature", "id": 2039, "geometry": {"type": "Point", "coordinates": [-96.101704, 29.314714]}, "properties": {"OBJECTID": 2039, "registry_id": "110015337009", "primary_name": "NORTH RICHMOND ROAD", "location_address": "404 RICHMOND ROAD", "city_name": "WHARTON", "county_name": "WHARTON", "state_code": "TX", "epa_region": "Region 06", "postal_code": "77488", "latitude": 29.314714, "longitude": -96.101704, "pgm_sys_acrnm": "ACRES", "pgm_sys_id": "10904", "fips_code": "", "huc_code": "", "facility_url": "https://ofmpub.epa.gov/apex/cimc/f?p=CIMC:31::::Y,31,0:P31_ID:10904", "dma_county": "Wharton"}}, {"type": "Feature", "id": 2528, "geometry": {"type": "Point", "coordinates": [-94.83517, 29.29015]}, "properties": {"OBJECTID": 2528, "registry_id": "110030942951", "primary_name": "OLD MUNICIPAL INCINERATOR", "location_address": "3 LENNOX AVENUE", "city_name": "GALVESTON", "county_name": "GALVESTON", "state_code": "TX", "epa_region": "Region 06", "postal_code": "77551", "latitude": 29.29015, "longitude": -94.83517, "pgm_sys_acrnm": "ACRES", "pgm_sys_id": "20882", "fips_code": "", "huc_code": "", "facility_url": "https://ofmpub.epa.gov/apex/cimc/f?p=CIMC:31::::Y,31,0:P31_ID:20882", "dma_county": "Galveston"}}, {"type": "Feature", "id": 2833, "geometry": {"type": "Point", "coordinates": [-94.670008, 30.723789]}, "properties": {"OBJECTID": 2833, "registry_id": "110038692858", "primary_name": "ALABAMA COUSHATTA TRIBE MIDWAY WEST ROAD LANDFIL", "location_address": "MIDWAY WEST ROAD US HIGHWAY 190", "city_name": "INDIAN VILLAGE", "county_name": "POLK", "state_code": "TX", "epa_region": "Region 06", "postal_code": "", "latitude": 30.723789, "longitude": -94.670008, "pgm_sys_acrnm": "ACRES", "pgm_sys_id": "10909", "fips_code": "", "huc_code": "", "facility_url": "https://ofmpub.epa.gov/apex/cimc/f?p=CIMC:31::::Y,31,0:P31_ID:10909", "dma_county": "Polk"}}, {"type": "Feature", "id": 6934, "geometry": {"type": "Point", "coordinates": [-95.0346, 29.4424]}, "properties": {"OBJECTID": 6934, "registry_id": "110038737533", "primary_name": "124 ACRES DICKINSON INDEPENDENT SCHOOL DISTRIC", "location_address": "NEAR SOUTHEAST CORNER OF HIGHWAY 3 AND BENOIST RD", "city_name": "DICKINSON", "county_name": "HIDALGO", "state_code": "TX", "epa_region": "Region 06", "postal_code": "78539", "latitude": 29.4424, "longitude": -95.0346, "pgm_sys_acrnm": "ACRES", "pgm_sys_id": "86201", "fips_code": "", "huc_code": "", "facility_url": "https://ofmpub.epa.gov/apex/cimc/f?p=CIMC:31::::Y,31,0:P31_ID:86201", "dma_county": "Galveston"}}, {"type": "Feature", "id": 7216, "geometry": {"type": "Point", "coordinates": [-95.15974, 29.46881]}, "properties": {"OBJECTID": 7216, "registry_id": "110038743544", "primary_name": "DORSET MARKET STREETS", "location_address": "5798 EMERALD BROOK LN", "city_name": "LEAGUE CITY", "county_name": "GALVESTON", "state_code": "TX", "epa_region": "Region 06", "postal_code": "77573", "latitude": 29.46881, "longitude": -95.15974, "pgm_sys_acrnm": "ACRES", "pgm_sys_id": "10849", "fips_code": "", "huc_code": "", "facility_url": "https://ofmpub.epa.gov/apex/cimc/f?p=CIMC:31::::Y,31,0:P31_ID:10849", "dma_county": "Galveston"}}, {"type": "Feature", "id": 7243, "geometry": {"type": "Point", "coordinates": [-95.436799, 29.785559]}, "properties": {"OBJECTID": 7243, "registry_id": "110038744286", "primary_name": "SMITH INDUSTIRES INC LIQUIDATING TRUST PROPERTY", "location_address": "NW OF DOWNTOWN HOUSTON", "city_name": "HOUSTON", "county_name": "HARRIS", "state_code": "TX", "epa_region": "Region 06", "postal_code": "77002", "latitude": 29.785559, "longitude": -95.436799, "pgm_sys_acrnm": "ACRES", "pgm_sys_id": "10943", "fips_code": "", "huc_code": "", "facility_url": "https://ofmpub.epa.gov/apex/cimc/f?p=CIMC:31::::Y,31,0:P31_ID:10943", "dma_county": "Harris"}}, {"type": "Feature", "id": 7247, "geometry": {"type": "Point", "coordinates": [-95.295931, 29.738282]}, "properties": {"OBJECTID": 7247, "registry_id": "110038744320", "primary_name": "7238 CANAL STREET", "location_address": "7238 CANAL STREET", "city_name": "HOUSTON", "county_name": "HARRIS", "state_code": "TX", "epa_region": "Region 06", "postal_code": "77011", "latitude": 29.738282, "longitude": -95.295931, "pgm_sys_acrnm": "ACRES", "pgm_sys_id": "10951", "fips_code": "", "huc_code": "", "facility_url": "https://ofmpub.epa.gov/apex/cimc/f?p=CIMC:31::::Y,31,0:P31_ID:10951", "dma_county": "Harris"}}, {"type": "Feature", "id": 7248, "geometry": {"type": "Point", "coordinates": [-95.09139, 29.50678]}, "properties": {"OBJECTID": 7248, "registry_id": "110038744339", "primary_name": "WISCONSIN STREET CLOSED LANDFILL", "location_address": "298 SAUNDERS ST W", "city_name": "LEAGUE CITY", "county_name": "GALVESTON", "state_code": "TX", "epa_region": "Region 06", "postal_code": "77573", "latitude": 29.50678, "longitude": -95.09139, "pgm_sys_acrnm": "ACRES", "pgm_sys_id": "10954", "fips_code": "", "huc_code": "", "facility_url": "https://ofmpub.epa.gov/apex/cimc/f?p=CIMC:31::::Y,31,0:P31_ID:10954", "dma_county": "Galveston"}}, {"type": "Feature", "id": 7256, "geometry": {"type": "Point", "coordinates": [-95.36746, 29.76886]}, "properties": {"OBJECTID": 7256, "registry_id": "110038744419", "primary_name": "FORMER JEFFERSON DAVIS HOSPITAL", "location_address": "1101 ELDER STREET", "city_name": "HOUSTON", "county_name": "HARRIS", "state_code": "TX", "epa_region": "Region 06", "postal_code": "77007", "latitude": 29.76886, "longitude": -95.36746, "pgm_sys_acrnm": "ACRES", "pgm_sys_id": "15155", "fips_code": "", "huc_code": "", "facility_url": "https://ofmpub.epa.gov/apex/cimc/f?p=CIMC:31::::Y,31,0:P31_ID:15155", "dma_county": "Harris"}}, {"type": "Feature", "id": 7318, "geometry": {"type": "Point", "coordinates": [-95.2948, 29.7375]}, "properties": {"OBJECTID": 7318, "registry_id": "110038745212", "primary_name": "COMMUNITY FAMILY CENTERS TRACTS", "location_address": "CANAL AND SHERMAN STREETS", "city_name": "HOUSTON", "county_name": "HARRIS", "state_code": "TX", "epa_region": "Region 06", "postal_code": "77012", "latitude": 29.7375, "longitude": -95.2948, "pgm_sys_acrnm": "ACRES", "pgm_sys_id": "23161", "fips_code": "", "huc_code": "", "facility_url": "https://ofmpub.epa.gov/apex/cimc/f?p=CIMC:31::::Y,31,0:P31_ID:23161", "dma_county": "Harris"}}, {"type": "Feature", "id": 7319, "geometry": {"type": "Point", "coordinates": [-95.295931, 29.738282]}, "properties": {"OBJECTID": 7319, "registry_id": "110038745221", "primary_name": "FORMER CANAL STREET HEALTH CENTER", "location_address": "7238 CANAL STREET", "city_name": "HOUSTON", "county_name": "HARRIS", "state_code": "TX", "epa_region": "Region 06", "postal_code": "77011", "latitude": 29.738282, "longitude": -95.295931, "pgm_sys_acrnm": "ACRES", "pgm_sys_id": "23162", "fips_code": "", "huc_code": "", "facility_url": "https://ofmpub.epa.gov/apex/cimc/f?p=CIMC:31::::Y,31,0:P31_ID:23162", "dma_county": "Harris"}}, {"type": "Feature", "id": 7642, "geometry": {"type": "Point", "coordinates": [-95.287376, 29.7742]}, "properties": {"OBJECTID": 7642, "registry_id": "110038748950", "primary_name": "800 DORSETT STREET", "location_address": "800 DORSETT STREET", "city_name": "HOUSTON", "county_name": "HARRIS", "state_code": "TX", "epa_region": "Region 06", "postal_code": "77029", "latitude": 29.7742, "longitude": -95.287376, "pgm_sys_acrnm": "ACRES", "pgm_sys_id": "13982", "fips_code": "", "huc_code": "", "facility_url": "https://ofmpub.epa.gov/apex/cimc/f?p=CIMC:31::::Y,31,0:P31_ID:13982", "dma_county": "Harris"}}, {"type": "Feature", "id": 7643, "geometry": {"type": "Point", "coordinates": [-95.330067, 29.758351]}, "properties": {"OBJECTID": 7643, "registry_id": "110038748969", "primary_name": "808 NORTH YORK STREET", "location_address": "808 NORTH YORK STREET", "city_name": "HOUSTON", "county_name": "HARRIS", "state_code": "TX", "epa_region": "Region 06", "postal_code": "77003", "latitude": 29.758351, "longitude": -95.330067, "pgm_sys_acrnm": "ACRES", "pgm_sys_id": "13983", "fips_code": "", "huc_code": "", "facility_url": "https://ofmpub.epa.gov/apex/cimc/f?p=CIMC:31::::Y,31,0:P31_ID:13983", "dma_county": "Harris"}}, {"type": "Feature", "id": 7991, "geometry": {"type": "Point", "coordinates": [-95.407042, 29.645167]}, "properties": {"OBJECTID": 7991, "registry_id": "110038753818", "primary_name": "TAYLOR HEIRS PROPERTY", "location_address": "11755 11825 ALMEDA RD", "city_name": "HOUSTON", "county_name": "HARRIS", "state_code": "TX", "epa_region": "Region 06", "postal_code": "77045", "latitude": 29.645167, "longitude": -95.407042, "pgm_sys_acrnm": "ACRES", "pgm_sys_id": "33141", "fips_code": "", "huc_code": "", "facility_url": "https://ofmpub.epa.gov/apex/cimc/f?p=CIMC:31::::Y,31,0:P31_ID:33141", "dma_county": "Harris"}}, {"type": "Feature", "id": 8044, "geometry": {"type": "Point", "coordinates": [-95.32378, 29.75477]}, "properties": {"OBJECTID": 8044, "registry_id": "110038754443", "primary_name": "0 IRA ST", "location_address": "0 IRA ST", "city_name": "HOUSTON", "county_name": "HARRIS", "state_code": "TX", "epa_region": "Region 06", "postal_code": "77011", "latitude": 29.75477, "longitude": -95.32378, "pgm_sys_acrnm": "ACRES", "pgm_sys_id": "51001", "fips_code": "", "huc_code": "", "facility_url": "https://ofmpub.epa.gov/apex/cimc/f?p=CIMC:31::::Y,31,0:P31_ID:51001", "dma_county": "Harris"}}, {"type": "Feature", "id": 8063, "geometry": {"type": "Point", "coordinates": [-95.60424, 29.69261]}, "properties": {"OBJECTID": 8063, "registry_id": "110038754648", "primary_name": "7777 DAIRY ASHFORD ST", "location_address": "7777 DAIRY ASHFORD ST", "city_name": "HOUSTON", "county_name": "HARRIS", "state_code": "TX", "epa_region": "Region 06", "postal_code": "77072", "latitude": 29.69261, "longitude": -95.60424, "pgm_sys_acrnm": "ACRES", "pgm_sys_id": "51021", "fips_code": "", "huc_code": "", "facility_url": "https://ofmpub.epa.gov/apex/cimc/f?p=CIMC:31::::Y,31,0:P31_ID:51021", "dma_county": "Harris"}}, {"type": "Feature", "id": 8064, "geometry": {"type": "Point", "coordinates": [-95.51236, 29.7245]}, "properties": {"OBJECTID": 8064, "registry_id": "110038754657", "primary_name": "3906 WESTHOLME DR", "location_address": "3906 WESTHOLME DR", "city_name": "HOUSTON", "county_name": "HARRIS", "state_code": "TX", "epa_region": "Region 06", "postal_code": "77063", "latitude": 29.7245, "longitude": -95.51236, "pgm_sys_acrnm": "ACRES", "pgm_sys_id": "51101", "fips_code": "", "huc_code": "", "facility_url": "https://ofmpub.epa.gov/apex/cimc/f?p=CIMC:31::::Y,31,0:P31_ID:51101", "dma_county": "Harris"}}, {"type": "Feature", "id": 8065, "geometry": {"type": "Point", "coordinates": [-95.29749, 29.75243]}, "properties": {"OBJECTID": 8065, "registry_id": "110038754666", "primary_name": "2600 WAYSIDE DRIVE", "location_address": "2600 WAYSIDE DRIVE", "city_name": "HOUSTON", "county_name": "HARRIS", "state_code": "TX", "epa_region": "Region 06", "postal_code": "77023", "latitude": 29.75243, "longitude": -95.29749, "pgm_sys_acrnm": "ACRES", "pgm_sys_id": "51121", "fips_code": "", "huc_code": "", "facility_url": "https://ofmpub.epa.gov/apex/cimc/f?p=CIMC:31::::Y,31,0:P31_ID:51121", "dma_county": "Harris"}}, {"type": "Feature", "id": 8206, "geometry": {"type": "Point", "coordinates": [-95.32385, 29.76547]}, "properties": {"OBJECTID": 8206, "registry_id": "110038756539", "primary_name": "4600 CLINTON DR", "location_address": "4600 CLINTON DR", "city_name": "HOUSTON", "county_name": "HARRIS", "state_code": "TX", "epa_region": "Region 06", "postal_code": "77029", "latitude": 29.76547, "longitude": -95.32385, "pgm_sys_acrnm": "ACRES", "pgm_sys_id": "40181", "fips_code": "", "huc_code": "", "facility_url": "https://ofmpub.epa.gov/apex/cimc/f?p=CIMC:31::::Y,31,0:P31_ID:40181", "dma_county": "Harris"}}, {"type": "Feature", "id": 8207, "geometry": {"type": "Point", "coordinates": [-95.282327, 29.721377]}, "properties": {"OBJECTID": 8207, "registry_id": "110038756548", "primary_name": "550 NUECES ST", "location_address": "550 NUECES ST", "city_name": "HOUSTON", "county_name": "HARRIS", "state_code": "TX", "epa_region": "Region 06", "postal_code": "77012", "latitude": 29.721377, "longitude": -95.282327, "pgm_sys_acrnm": "ACRES", "pgm_sys_id": "40182", "fips_code": "", "huc_code": "", "facility_url": "https://ofmpub.epa.gov/apex/cimc/f?p=CIMC:31::::Y,31,0:P31_ID:40182", "dma_county": "Harris"}}, {"type": "Feature", "id": 8208, "geometry": {"type": "Point", "coordinates": [-95.282332, 29.721478]}, "properties": {"OBJECTID": 8208, "registry_id": "110038756557", "primary_name": "530 NUECES ST", "location_address": "530 NUECES ST", "city_name": "HOUSTON", "county_name": "HARRIS", "state_code": "TX", "epa_region": "Region 06", "postal_code": "77012", "latitude": 29.721478, "longitude": -95.282332, "pgm_sys_acrnm": "ACRES", "pgm_sys_id": "40183", "fips_code": "", "huc_code": "", "facility_url": "https://ofmpub.epa.gov/apex/cimc/f?p=CIMC:31::::Y,31,0:P31_ID:40183", "dma_county": "Harris"}}, {"type": "Feature", "id": 8209, "geometry": {"type": "Point", "coordinates": [-95.3681, 29.63114]}, "properties": {"OBJECTID": 8209, "registry_id": "110038756566", "primary_name": "0 SCOTT ST", "location_address": "0 SCOTT ST 10600 10700 BLOCK OF SCOTT ST", "city_name": "HOUSTON", "county_name": "HARRIS", "state_code": "TX", "epa_region": "Region 06", "postal_code": "77047", "latitude": 29.63114, "longitude": -95.3681, "pgm_sys_acrnm": "ACRES", "pgm_sys_id": "40184", "fips_code": "", "huc_code": "", "facility_url": "https://ofmpub.epa.gov/apex/cimc/f?p=CIMC:31::::Y,31,0:P31_ID:40184", "dma_county": "Harris"}}, {"type": "Feature", "id": 8210, "geometry": {"type": "Point", "coordinates": [-95.282335, 29.721529]}, "properties": {"OBJECTID": 8210, "registry_id": "110038756575", "primary_name": "520 NUECES ST", "location_address": "520 NUECES ST", "city_name": "HOUSTON", "county_name": "HARRIS", "state_code": "TX", "epa_region": "Region 06", "postal_code": "77012", "latitude": 29.721529, "longitude": -95.282335, "pgm_sys_acrnm": "ACRES", "pgm_sys_id": "40203", "fips_code": "", "huc_code": "", "facility_url": "https://ofmpub.epa.gov/apex/cimc/f?p=CIMC:31::::Y,31,0:P31_ID:40203", "dma_county": "Harris"}}, {"type": "Feature", "id": 8211, "geometry": {"type": "Point", "coordinates": [-95.35586, 29.63953]}, "properties": {"OBJECTID": 8211, "registry_id": "110038756584", "primary_name": "11017 CULLEN BOULEVARD", "location_address": "11017 CULLEN BOULEVARD", "city_name": "HOUSTON", "county_name": "HARRIS", "state_code": "TX", "epa_region": "Region 06", "postal_code": "77047", "latitude": 29.63953, "longitude": -95.35586, "pgm_sys_acrnm": "ACRES", "pgm_sys_id": "40206", "fips_code": "", "huc_code": "", "facility_url": "https://ofmpub.epa.gov/apex/cimc/f?p=CIMC:31::::Y,31,0:P31_ID:40206", "dma_county": "Harris"}}, {"type": "Feature", "id": 8212, "geometry": {"type": "Point", "coordinates": [-95.32749, 29.63755]}, "properties": {"OBJECTID": 8212, "registry_id": "110038756593", "primary_name": "5900 SELINSKY", "location_address": "5900 SELINSKY", "city_name": "HOUSTON", "county_name": "HARRIS", "state_code": "TX", "epa_region": "Region 06", "postal_code": "77048", "latitude": 29.63755, "longitude": -95.32749, "pgm_sys_acrnm": "ACRES", "pgm_sys_id": "40209", "fips_code": "", "huc_code": "", "facility_url": "https://ofmpub.epa.gov/apex/cimc/f?p=CIMC:31::::Y,31,0:P31_ID:40209", "dma_county": "Harris"}}, {"type": "Feature", "id": 8235, "geometry": {"type": "Point", "coordinates": [-95.28966, 29.72186]}, "properties": {"OBJECTID": 8235, "registry_id": "110038756851", "primary_name": "7715 ELM ST E", "location_address": "7715 ELM ST E", "city_name": "HOUSTON", "county_name": "HARRIS", "state_code": "TX", "epa_region": "Region 06", "postal_code": "77012", "latitude": 29.72186, "longitude": -95.28966, "pgm_sys_acrnm": "ACRES", "pgm_sys_id": "40223", "fips_code": "", "huc_code": "", "facility_url": "https://ofmpub.epa.gov/apex/cimc/f?p=CIMC:31::::Y,31,0:P31_ID:40223", "dma_county": "Harris"}}, {"type": "Feature", "id": 8236, "geometry": {"type": "Point", "coordinates": [-95.290022, 29.721883]}, "properties": {"OBJECTID": 8236, "registry_id": "110038756860", "primary_name": "7725 ELM ST E", "location_address": "7725 ELM ST E", "city_name": "HOUSTON", "county_name": "HARRIS", "state_code": "TX", "epa_region": "Region 06", "postal_code": "77012", "latitude": 29.721883, "longitude": -95.290022, "pgm_sys_acrnm": "ACRES", "pgm_sys_id": "40241", "fips_code": "", "huc_code": "", "facility_url": "https://ofmpub.epa.gov/apex/cimc/f?p=CIMC:31::::Y,31,0:P31_ID:40241", "dma_county": "Harris"}}, {"type": "Feature", "id": 8237, "geometry": {"type": "Point", "coordinates": [-95.28233, 29.721428]}, "properties": {"OBJECTID": 8237, "registry_id": "110038756879", "primary_name": "540 NUECES ST", "location_address": "540 NUECES ST", "city_name": "HOUSTON", "county_name": "HARRIS", "state_code": "TX", "epa_region": "Region 06", "postal_code": "77012", "latitude": 29.721428, "longitude": -95.28233, "pgm_sys_acrnm": "ACRES", "pgm_sys_id": "40242", "fips_code": "", "huc_code": "", "facility_url": "https://ofmpub.epa.gov/apex/cimc/f?p=CIMC:31::::Y,31,0:P31_ID:40242", "dma_county": "Harris"}}, {"type": "Feature", "id": 8238, "geometry": {"type": "Point", "coordinates": [-95.33955, 29.775]}, "properties": {"OBJECTID": 8238, "registry_id": "110038757066", "primary_name": "3100 LYONS AVENUE", "location_address": "3100 LYONS AVENUE", "city_name": "HOUSTON", "county_name": "HARRIS", "state_code": "TX", "epa_region": "Region 06", "postal_code": "77020", "latitude": 29.775, "longitude": -95.33955, "pgm_sys_acrnm": "ACRES", "pgm_sys_id": "40261", "fips_code": "", "huc_code": "", "facility_url": "https://ofmpub.epa.gov/apex/cimc/f?p=CIMC:31::::Y,31,0:P31_ID:40261", "dma_county": "Harris"}}, {"type": "Feature", "id": 8243, "geometry": {"type": "Point", "coordinates": [-95.40731, 29.64449]}, "properties": {"OBJECTID": 8243, "registry_id": "110038757119", "primary_name": "11800 ALMEDA RD", "location_address": "11800 ALMEDA RD", "city_name": "HOUSTON", "county_name": "HARRIS", "state_code": "TX", "epa_region": "Region 06", "postal_code": "77045", "latitude": 29.64449, "longitude": -95.40731, "pgm_sys_acrnm": "ACRES", "pgm_sys_id": "40441", "fips_code": "", "huc_code": "", "facility_url": "https://ofmpub.epa.gov/apex/cimc/f?p=CIMC:31::::Y,31,0:P31_ID:40441", "dma_county": "Harris"}}, {"type": "Feature", "id": 8331, "geometry": {"type": "Point", "coordinates": [-95.21242, 29.80003]}, "properties": {"OBJECTID": 8331, "registry_id": "110038758261", "primary_name": "12800 TEXACO RD", "location_address": "12800 TEXACO RD", "city_name": "HOUSTON", "county_name": "HARRIS", "state_code": "TX", "epa_region": "Region 06", "postal_code": "77013", "latitude": 29.80003, "longitude": -95.21242, "pgm_sys_acrnm": "ACRES", "pgm_sys_id": "48301", "fips_code": "", "huc_code": "", "facility_url": "https://ofmpub.epa.gov/apex/cimc/f?p=CIMC:31::::Y,31,0:P31_ID:48301", "dma_county": "Harris"}}, {"type": "Feature", "id": 8333, "geometry": {"type": "Point", "coordinates": [-95.323683, 29.764617]}, "properties": {"OBJECTID": 8333, "registry_id": "110038758289", "primary_name": "0 IDA STREET BETWEEN BILLY STREET AND DICK STREET", "location_address": "0 IDA ST BETWEEN BILLY STREET AND DICK STREET", "city_name": "HOUSTON", "county_name": "HARRIS", "state_code": "TX", "epa_region": "Region 06", "postal_code": "77020", "latitude": 29.764617, "longitude": -95.323683, "pgm_sys_acrnm": "ACRES", "pgm_sys_id": "48361", "fips_code": "", "huc_code": "", "facility_url": "https://ofmpub.epa.gov/apex/cimc/f?p=CIMC:31::::Y,31,0:P31_ID:48361", "dma_county": "Harris"}}, {"type": "Feature", "id": 8334, "geometry": {"type": "Point", "coordinates": [-95.31405, 29.70978]}, "properties": {"OBJECTID": 8334, "registry_id": "110038758298", "primary_name": "3522 TELEPHONE ROAD", "location_address": "3522 TELEPHONE ROAD", "city_name": "HOUSTON", "county_name": "HARRIS", "state_code": "TX", "epa_region": "Region 06", "postal_code": "77023", "latitude": 29.70978, "longitude": -95.31405, "pgm_sys_acrnm": "ACRES", "pgm_sys_id": "48421", "fips_code": "", "huc_code": "", "facility_url": "https://ofmpub.epa.gov/apex/cimc/f?p=CIMC:31::::Y,31,0:P31_ID:48421", "dma_county": "Harris"}}, {"type": "Feature", "id": 8419, "geometry": {"type": "Point", "coordinates": [-95.482539, 30.23465]}, "properties": {"OBJECTID": 8419, "registry_id": "110038759331", "primary_name": "W G JONES TEXAS STATE FOREST", "location_address": "1328 FM 1488", "city_name": "CONROE", "county_name": "MONTGOMERY", "state_code": "TX", "epa_region": "Region 06", "postal_code": "77384", "latitude": 30.23465, "longitude": -95.482539, "pgm_sys_acrnm": "ACRES", "pgm_sys_id": "42821", "fips_code": "", "huc_code": "", "facility_url": "https://ofmpub.epa.gov/apex/cimc/f?p=CIMC:31::::Y,31,0:P31_ID:42821", "dma_county": "Montgomery"}}, {"type": "Feature", "id": 9440, "geometry": {"type": "Point", "coordinates": [-95.389612, 29.639154]}, "properties": {"OBJECTID": 9440, "registry_id": "110039062313", "primary_name": "0 AIRPORT AND HIGHWAY 288 NORTH AT SIMS BAYOU", "location_address": "0 AIRPORT AND HIGHWAY 288", "city_name": "HOUSTON", "county_name": "HARRIS", "state_code": "TX", "epa_region": "Region 06", "postal_code": "77045", "latitude": 29.639154, "longitude": -95.389612, "pgm_sys_acrnm": "ACRES", "pgm_sys_id": "97502", "fips_code": "", "huc_code": "", "facility_url": "https://ofmpub.epa.gov/apex/cimc/f?p=CIMC:31::::Y,31,0:P31_ID:97502", "dma_county": "Harris"}}, {"type": "Feature", "id": 9458, "geometry": {"type": "Point", "coordinates": [-95.36306, 29.6632]}, "properties": {"OBJECTID": 9458, "registry_id": "110039062527", "primary_name": "4334 BRINKLEY ST", "location_address": "4334 BRINKLEY ST", "city_name": "HOUSTON", "county_name": "HARRIS", "state_code": "TX", "epa_region": "Region 06", "postal_code": "77051", "latitude": 29.6632, "longitude": -95.36306, "pgm_sys_acrnm": "ACRES", "pgm_sys_id": "48221", "fips_code": "", "huc_code": "", "facility_url": "https://ofmpub.epa.gov/apex/cimc/f?p=CIMC:31::::Y,31,0:P31_ID:48221", "dma_county": "Harris"}}, {"type": "Feature", "id": 9459, "geometry": {"type": "Point", "coordinates": [-95.32143, 29.71105]}, "properties": {"OBJECTID": 9459, "registry_id": "110039062536", "primary_name": "2739 RENSHAW ST", "location_address": "2739 RENSHAW ST", "city_name": "HOUSTON", "county_name": "HARRIS", "state_code": "TX", "epa_region": "Region 06", "postal_code": "77023", "latitude": 29.71105, "longitude": -95.32143, "pgm_sys_acrnm": "ACRES", "pgm_sys_id": "48341", "fips_code": "", "huc_code": "", "facility_url": "https://ofmpub.epa.gov/apex/cimc/f?p=CIMC:31::::Y,31,0:P31_ID:48341", "dma_county": "Harris"}}, {"type": "Feature", "id": 9489, "geometry": {"type": "Point", "coordinates": [-95.37714, 29.76622]}, "properties": {"OBJECTID": 9489, "registry_id": "110039062894", "primary_name": "1900 KANE ST", "location_address": "1900 KANE ST", "city_name": "HOUSTON", "county_name": "HARRIS", "state_code": "TX", "epa_region": "Region 06", "postal_code": "77007", "latitude": 29.76622, "longitude": -95.37714, "pgm_sys_acrnm": "ACRES", "pgm_sys_id": "85165", "fips_code": "", "huc_code": "", "facility_url": "https://ofmpub.epa.gov/apex/cimc/f?p=CIMC:31::::Y,31,0:P31_ID:85165", "dma_county": "Harris"}}, {"type": "Feature", "id": 9554, "geometry": {"type": "Point", "coordinates": [-95.52574, 29.66197]}, "properties": {"OBJECTID": 9554, "registry_id": "110039063866", "primary_name": "0 WILLIAMCREST AT GESSNER", "location_address": "0 WILLIAMCREST AT GESSNER", "city_name": "HOUSTON", "county_name": "HARRIS", "state_code": "TX", "epa_region": "Region 06", "postal_code": "77071", "latitude": 29.66197, "longitude": -95.52574, "pgm_sys_acrnm": "ACRES", "pgm_sys_id": "97641", "fips_code": "", "huc_code": "", "facility_url": "https://ofmpub.epa.gov/apex/cimc/f?p=CIMC:31::::Y,31,0:P31_ID:97641", "dma_county": "Harris"}}, {"type": "Feature", "id": 9555, "geometry": {"type": "Point", "coordinates": [-95.35061, 29.60778]}, "properties": {"OBJECTID": 9555, "registry_id": "110039063875", "primary_name": "4251 SCHURMIER", "location_address": "4251 SCHURMIER", "city_name": "HOUSTON", "county_name": "HARRIS", "state_code": "TX", "epa_region": "Region 06", "postal_code": "77048", "latitude": 29.60778, "longitude": -95.35061, "pgm_sys_acrnm": "ACRES", "pgm_sys_id": "97642", "fips_code": "", "huc_code": "", "facility_url": "https://ofmpub.epa.gov/apex/cimc/f?p=CIMC:31::::Y,31,0:P31_ID:97642", "dma_county": "Harris"}}, {"type": "Feature", "id": 9556, "geometry": {"type": "Point", "coordinates": [-95.35343, 29.66964]}, "properties": {"OBJECTID": 9556, "registry_id": "110039063893", "primary_name": "5000 SUNFLOWER", "location_address": "5000 SUNFLOWER", "city_name": "HOUSTON", "county_name": "HARRIS", "state_code": "TX", "epa_region": "Region 06", "postal_code": "77033", "latitude": 29.66964, "longitude": -95.35343, "pgm_sys_acrnm": "ACRES", "pgm_sys_id": "83861", "fips_code": "", "huc_code": "", "facility_url": "https://ofmpub.epa.gov/apex/cimc/f?p=CIMC:31::::Y,31,0:P31_ID:83861", "dma_county": "Harris"}}, {"type": "Feature", "id": 9557, "geometry": {"type": "Point", "coordinates": [-95.35343, 29.66964]}, "properties": {"OBJECTID": 9557, "registry_id": "110039063893", "primary_name": "5000 SUNFLOWER", "location_address": "5000 SUNFLOWER", "city_name": "HOUSTON", "county_name": "HARRIS", "state_code": "TX", "epa_region": "Region 06", "postal_code": "77033", "latitude": 29.66964, "longitude": -95.35343, "pgm_sys_acrnm": "ACRES", "pgm_sys_id": "97644", "fips_code": "", "huc_code": "", "facility_url": "https://ofmpub.epa.gov/apex/cimc/f?p=CIMC:31::::Y,31,0:P31_ID:97644", "dma_county": "Harris"}}, {"type": "Feature", "id": 9621, "geometry": {"type": "Point", "coordinates": [-95.342871, 29.778631]}, "properties": {"OBJECTID": 9621, "registry_id": "110039138518", "primary_name": "0 DAVIS ST", "location_address": "1906 DAVIS ST", "city_name": "HOUSTON", "county_name": "HARRIS", "state_code": "TX", "epa_region": "Region 06", "postal_code": "77026", "latitude": 29.778631, "longitude": -95.342871, "pgm_sys_acrnm": "ACRES", "pgm_sys_id": "48162", "fips_code": "", "huc_code": "", "facility_url": "https://ofmpub.epa.gov/apex/cimc/f?p=CIMC:31::::Y,31,0:P31_ID:48162", "dma_county": "Harris"}}, {"type": "Feature", "id": 9622, "geometry": {"type": "Point", "coordinates": [-95.28668, 29.7337]}, "properties": {"OBJECTID": 9622, "registry_id": "110039138554", "primary_name": "7709 AVENUE E", "location_address": "7709 AVENUE E", "city_name": "HOUSTON", "county_name": "HARRIS", "state_code": "TX", "epa_region": "Region 06", "postal_code": "77012", "latitude": 29.7337, "longitude": -95.28668, "pgm_sys_acrnm": "ACRES", "pgm_sys_id": "48261", "fips_code": "", "huc_code": "", "facility_url": "https://ofmpub.epa.gov/apex/cimc/f?p=CIMC:31::::Y,31,0:P31_ID:48261", "dma_county": "Harris"}}, {"type": "Feature", "id": 9623, "geometry": {"type": "Point", "coordinates": [-95.417603, 29.76149]}, "properties": {"OBJECTID": 9623, "registry_id": "110039138572", "primary_name": "5502 MEMORIAL DR", "location_address": "5502 MEMORIAL DR", "city_name": "HOUSTON", "county_name": "HARRIS", "state_code": "TX", "epa_region": "Region 06", "postal_code": "77007", "latitude": 29.76149, "longitude": -95.417603, "pgm_sys_acrnm": "ACRES", "pgm_sys_id": "85202", "fips_code": "", "huc_code": "", "facility_url": "https://ofmpub.epa.gov/apex/cimc/f?p=CIMC:31::::Y,31,0:P31_ID:85202", "dma_county": "Harris"}}, {"type": "Feature", "id": 9624, "geometry": {"type": "Point", "coordinates": [-95.417603, 29.76149]}, "properties": {"OBJECTID": 9624, "registry_id": "110039138572", "primary_name": "5502 MEMORIAL DRIVE", "location_address": "5502 MEMORIAL DRIVE", "city_name": "HOUSTON", "county_name": "HARRIS", "state_code": "TX", "epa_region": "Region 06", "postal_code": "77007", "latitude": 29.76149, "longitude": -95.417603, "pgm_sys_acrnm": "ACRES", "pgm_sys_id": "97343", "fips_code": "", "huc_code": "", "facility_url": "https://ofmpub.epa.gov/apex/cimc/f?p=CIMC:31::::Y,31,0:P31_ID:97343", "dma_county": "Harris"}}, {"type": "Feature", "id": 9632, "geometry": {"type": "Point", "coordinates": [-95.32475, 29.71146]}, "properties": {"OBJECTID": 9632, "registry_id": "110039138714", "primary_name": "5625 OLD SPANISH TRAIL", "location_address": "5625 OLD SPANISH TRAIL", "city_name": "HOUSTON", "county_name": "HARRIS", "state_code": "TX", "epa_region": "Region 06", "postal_code": "77023", "latitude": 29.71146, "longitude": -95.32475, "pgm_sys_acrnm": "ACRES", "pgm_sys_id": "102881", "fips_code": "", "huc_code": "", "facility_url": "https://ofmpub.epa.gov/apex/cimc/f?p=CIMC:31::::Y,31,0:P31_ID:102881", "dma_county": "Harris"}}, {"type": "Feature", "id": 9633, "geometry": {"type": "Point", "coordinates": [-95.32475, 29.71146]}, "properties": {"OBJECTID": 9633, "registry_id": "110039138714", "primary_name": "5625 OLD SPANISH TRAIL", "location_address": "5625 OLD SPANISH TRAIL", "city_name": "HOUSTON", "county_name": "HARRIS", "state_code": "TX", "epa_region": "Region 06", "postal_code": "77023", "latitude": 29.71146, "longitude": -95.32475, "pgm_sys_acrnm": "ACRES", "pgm_sys_id": "124368", "fips_code": "", "huc_code": "", "facility_url": "https://ofmpub.epa.gov/apex/cimc/f?p=CIMC:31::::Y,31,0:P31_ID:124368", "dma_county": "Harris"}}, {"type": "Feature", "id": 9634, "geometry": {"type": "Point", "coordinates": [-95.32475, 29.71146]}, "properties": {"OBJECTID": 9634, "registry_id": "110039138714", "primary_name": "5625 OLD SPANISH TRAIL", "location_address": "5625 OLD SPANISH TRAIL", "city_name": "HOUSTON", "county_name": "HARRIS", "state_code": "TX", "epa_region": "Region 06", "postal_code": "77023", "latitude": 29.71146, "longitude": -95.32475, "pgm_sys_acrnm": "ACRES", "pgm_sys_id": "85164", "fips_code": "", "huc_code": "", "facility_url": "https://ofmpub.epa.gov/apex/cimc/f?p=CIMC:31::::Y,31,0:P31_ID:85164", "dma_county": "Harris"}}, {"type": "Feature", "id": 9637, "geometry": {"type": "Point", "coordinates": [-95.351781, 29.751124]}, "properties": {"OBJECTID": 9637, "registry_id": "110039138750", "primary_name": "810 DOWLING STREET", "location_address": "810 DOWLING STREET", "city_name": "HOUSTON", "county_name": "HARRIS", "state_code": "TX", "epa_region": "Region 06", "postal_code": "77045", "latitude": 29.751124, "longitude": -95.351781, "pgm_sys_acrnm": "ACRES", "pgm_sys_id": "97321", "fips_code": "", "huc_code": "", "facility_url": "https://ofmpub.epa.gov/apex/cimc/f?p=CIMC:31::::Y,31,0:P31_ID:97321", "dma_county": "Harris"}}, {"type": "Feature", "id": 9703, "geometry": {"type": "Point", "coordinates": [-95.326692, 29.747928]}, "properties": {"OBJECTID": 9703, "registry_id": "110039219565", "primary_name": "0 LOCKWOOD AT THE 600 BLOCK INCLUDING 0 IRA STREET", "location_address": "0 LOCKWOOD AT THE 600 BLOCK INCLUDING 0 IRA STREET", "city_name": "HOUSTON", "county_name": "HARRIS", "state_code": "TX", "epa_region": "Region 06", "postal_code": "77011", "latitude": 29.747928, "longitude": -95.326692, "pgm_sys_acrnm": "ACRES", "pgm_sys_id": "85162", "fips_code": "", "huc_code": "", "facility_url": "https://ofmpub.epa.gov/apex/cimc/f?p=CIMC:31::::Y,31,0:P31_ID:85162", "dma_county": "Harris"}}, {"type": "Feature", "id": 10273, "geometry": {"type": "Point", "coordinates": [-95.365868, 29.682475]}, "properties": {"OBJECTID": 10273, "registry_id": "110039535376", "primary_name": "7407 SCOTT", "location_address": "7407 SCOTT", "city_name": "HOUSTON", "county_name": "HARRIS", "state_code": "TX", "epa_region": "Region 06", "postal_code": "77021", "latitude": 29.682475, "longitude": -95.365868, "pgm_sys_acrnm": "ACRES", "pgm_sys_id": "100882", "fips_code": "", "huc_code": "", "facility_url": "https://ofmpub.epa.gov/apex/cimc/f?p=CIMC:31::::Y,31,0:P31_ID:100882", "dma_county": "Harris"}}, {"type": "Feature", "id": 10274, "geometry": {"type": "Point", "coordinates": [-95.365868, 29.682475]}, "properties": {"OBJECTID": 10274, "registry_id": "110039535376", "primary_name": "7407 SCOTT", "location_address": "7407 SCOTT", "city_name": "HOUSTON", "county_name": "HARRIS", "state_code": "TX", "epa_region": "Region 06", "postal_code": "77002", "latitude": 29.682475, "longitude": -95.365868, "pgm_sys_acrnm": "ACRES", "pgm_sys_id": "97501", "fips_code": "", "huc_code": "", "facility_url": "https://ofmpub.epa.gov/apex/cimc/f?p=CIMC:31::::Y,31,0:P31_ID:97501", "dma_county": "Harris"}}, {"type": "Feature", "id": 10350, "geometry": {"type": "Point", "coordinates": [-95.32589, 29.7114]}, "properties": {"OBJECTID": 10350, "registry_id": "110039536357", "primary_name": "5500 OLD SPANISH TRAIL", "location_address": "5500 OLD SPANISH TRAIL", "city_name": "HOUSTON", "county_name": "HARRIS", "state_code": "TX", "epa_region": "Region 06", "postal_code": "77023", "latitude": 29.7114, "longitude": -95.32589, "pgm_sys_acrnm": "ACRES", "pgm_sys_id": "102341", "fips_code": "", "huc_code": "", "facility_url": "https://ofmpub.epa.gov/apex/cimc/f?p=CIMC:31::::Y,31,0:P31_ID:102341", "dma_county": "Harris"}}, {"type": "Feature", "id": 10351, "geometry": {"type": "Point", "coordinates": [-95.32589, 29.7114]}, "properties": {"OBJECTID": 10351, "registry_id": "110039536357", "primary_name": "5500 OLD SPANISH TRAIL", "location_address": "5500 OLD SPANISH TRAIL", "city_name": "HOUSTON", "county_name": "HARRIS", "state_code": "TX", "epa_region": "Region 06", "postal_code": "77023", "latitude": 29.7114, "longitude": -95.32589, "pgm_sys_acrnm": "ACRES", "pgm_sys_id": "48281", "fips_code": "", "huc_code": "", "facility_url": "https://ofmpub.epa.gov/apex/cimc/f?p=CIMC:31::::Y,31,0:P31_ID:48281", "dma_county": "Harris"}}, {"type": "Feature", "id": 10366, "geometry": {"type": "Point", "coordinates": [-95.31864, 29.70909]}, "properties": {"OBJECTID": 10366, "registry_id": "110039536516", "primary_name": "6035 WHEELER AVENUE", "location_address": "6035 WHEELER AVENUE", "city_name": "HOUSTON", "county_name": "HARRIS", "state_code": "TX", "epa_region": "Region 06", "postal_code": "77023", "latitude": 29.70909, "longitude": -95.31864, "pgm_sys_acrnm": "ACRES", "pgm_sys_id": "102882", "fips_code": "", "huc_code": "", "facility_url": "https://ofmpub.epa.gov/apex/cimc/f?p=CIMC:31::::Y,31,0:P31_ID:102882", "dma_county": "Harris"}}, {"type": "Feature", "id": 10498, "geometry": {"type": "Point", "coordinates": [-95.31349, 29.78573]}, "properties": {"OBJECTID": 10498, "registry_id": "110039538319", "primary_name": "2607 SAKOWITZ STREET", "location_address": "2607 SAKOWITZ STREET", "city_name": "HOUSTON", "county_name": "HARRIS", "state_code": "TX", "epa_region": "Region 06", "postal_code": "77020", "latitude": 29.78573, "longitude": -95.31349, "pgm_sys_acrnm": "ACRES", "pgm_sys_id": "47501", "fips_code": "", "huc_code": "", "facility_url": "https://ofmpub.epa.gov/apex/cimc/f?p=CIMC:31::::Y,31,0:P31_ID:47501", "dma_county": "Harris"}}, {"type": "Feature", "id": 10500, "geometry": {"type": "Point", "coordinates": [-95.29956, 29.672788]}, "properties": {"OBJECTID": 10500, "registry_id": "110039538337", "primary_name": "7250 BELLFORT ST", "location_address": "7250 BELLFORT ST", "city_name": "HOUSTON", "county_name": "HARRIS", "state_code": "TX", "epa_region": "Region 06", "postal_code": "77087", "latitude": 29.672788, "longitude": -95.29956, "pgm_sys_acrnm": "ACRES", "pgm_sys_id": "48401", "fips_code": "", "huc_code": "", "facility_url": "https://ofmpub.epa.gov/apex/cimc/f?p=CIMC:31::::Y,31,0:P31_ID:48401", "dma_county": "Harris"}}, {"type": "Feature", "id": 10550, "geometry": {"type": "Point", "coordinates": [-95.24047, 29.77302]}, "properties": {"OBJECTID": 10550, "registry_id": "110039538925", "primary_name": "0 GARVER", "location_address": "0 GARVER", "city_name": "HOUSTON", "county_name": "HARRIS", "state_code": "TX", "epa_region": "Region 06", "postal_code": "77020", "latitude": 29.77302, "longitude": -95.24047, "pgm_sys_acrnm": "ACRES", "pgm_sys_id": "97264", "fips_code": "", "huc_code": "", "facility_url": "https://ofmpub.epa.gov/apex/cimc/f?p=CIMC:31::::Y,31,0:P31_ID:97264", "dma_county": "Harris"}}, {"type": "Feature", "id": 11113, "geometry": {"type": "Point", "coordinates": [-95.0222, 29.4694]}, "properties": {"OBJECTID": 11113, "registry_id": "110039545855", "primary_name": "30 ACRES PROPOSED SCHOOL SITE", "location_address": "NORTH OF FM 517 EAST OF BRIAR HOLLOW DRIVE", "city_name": "DICKINSON", "county_name": "HIDALGO", "state_code": "TX", "epa_region": "Region 06", "postal_code": "78539", "latitude": 29.4694, "longitude": -95.0222, "pgm_sys_acrnm": "ACRES", "pgm_sys_id": "86181", "fips_code": "", "huc_code": "", "facility_url": "https://ofmpub.epa.gov/apex/cimc/f?p=CIMC:31::::Y,31,0:P31_ID:86181", "dma_county": "Galveston"}}, {"type": "Feature", "id": 12232, "geometry": {"type": "Point", "coordinates": [-95.29792, 29.74803]}, "properties": {"OBJECTID": 12232, "registry_id": "110040317065", "primary_name": "6941 AVENUE S", "location_address": "6941 AVENUE S", "city_name": "HOUSTON", "county_name": "HARRIS", "state_code": "TX", "epa_region": "Region 06", "postal_code": "77011", "latitude": 29.74803, "longitude": -95.29792, "pgm_sys_acrnm": "ACRES", "pgm_sys_id": "101061", "fips_code": "", "huc_code": "", "facility_url": "https://ofmpub.epa.gov/apex/cimc/f?p=CIMC:31::::Y,31,0:P31_ID:101061", "dma_county": "Harris"}}, {"type": "Feature", "id": 12695, "geometry": {"type": "Point", "coordinates": [-95.418132, 29.761573]}, "properties": {"OBJECTID": 12695, "registry_id": "110040721494", "primary_name": "5514 AND 5526 MEMORIAL", "location_address": "5514 AND 5526 MEMORIAL", "city_name": "HOUSTON", "county_name": "HARRIS", "state_code": "TX", "epa_region": "Region 06", "postal_code": "77007", "latitude": 29.761573, "longitude": -95.418132, "pgm_sys_acrnm": "ACRES", "pgm_sys_id": "101062", "fips_code": "", "huc_code": "", "facility_url": "https://ofmpub.epa.gov/apex/cimc/f?p=CIMC:31::::Y,31,0:P31_ID:101062", "dma_county": "Harris"}}, {"type": "Feature", "id": 13703, "geometry": {"type": "Point", "coordinates": [-95.376722, 29.669218]}, "properties": {"OBJECTID": 13703, "registry_id": "110042111229", "primary_name": "BELLFORT LANDFILL", "location_address": "3300 BELLFORT BLVD", "city_name": "HOUSTON", "county_name": "HARRIS", "state_code": "TX", "epa_region": "Region 06", "postal_code": "77051", "latitude": 29.669218, "longitude": -95.376722, "pgm_sys_acrnm": "ACRES", "pgm_sys_id": "13990", "fips_code": "", "huc_code": "", "facility_url": "https://ofmpub.epa.gov/apex/cimc/f?p=CIMC:31::::Y,31,0:P31_ID:13990", "dma_county": "Harris"}}, {"type": "Feature", "id": 14857, "geometry": {"type": "Point", "coordinates": [-95.43894, 30.3167]}, "properties": {"OBJECTID": 14857, "registry_id": "110043317390", "primary_name": "1402 E DAVIS CONROE SITE", "location_address": "1402 EAST DAVIS", "city_name": "CONROE", "county_name": "MONTGOMERY", "state_code": "TX", "epa_region": "Region 06", "postal_code": "77301", "latitude": 30.3167, "longitude": -95.43894, "pgm_sys_acrnm": "ACRES", "pgm_sys_id": "125661", "fips_code": "", "huc_code": "", "facility_url": "https://ofmpub.epa.gov/apex/cimc/f?p=CIMC:31::::Y,31,0:P31_ID:125661", "dma_county": "Montgomery"}}, {"type": "Feature", "id": 14929, "geometry": {"type": "Point", "coordinates": [-96.64801, 28.97772]}, "properties": {"OBJECTID": 14929, "registry_id": "110043425674", "primary_name": "EDNA THEATER", "location_address": "201 WEST MAIN STREET", "city_name": "EDNA", "county_name": "JACKSON", "state_code": "TX", "epa_region": "Region 06", "postal_code": "77957", "latitude": 28.97772, "longitude": -96.64801, "pgm_sys_acrnm": "ACRES", "pgm_sys_id": "126382", "fips_code": "", "huc_code": "", "facility_url": "https://ofmpub.epa.gov/apex/cimc/f?p=CIMC:31::::Y,31,0:P31_ID:126382", "dma_county": "Jackson"}}, {"type": "Feature", "id": 14996, "geometry": {"type": "Point", "coordinates": [-95.441092, 29.85643]}, "properties": {"OBJECTID": 14996, "registry_id": "110043454847", "primary_name": "0 ANTOINE", "location_address": "0 ANTOINE NW QUAD ANTOINE AND HOLLY VIEW", "city_name": "HOUSTON", "county_name": "HARRIS", "state_code": "TX", "epa_region": "Region 06", "postal_code": "77091", "latitude": 29.85643, "longitude": -95.441092, "pgm_sys_acrnm": "ACRES", "pgm_sys_id": "124363", "fips_code": "", "huc_code": "", "facility_url": "https://ofmpub.epa.gov/apex/cimc/f?p=CIMC:31::::Y,31,0:P31_ID:124363", "dma_county": "Harris"}}, {"type": "Feature", "id": 14997, "geometry": {"type": "Point", "coordinates": [-95.271056, 29.716118]}, "properties": {"OBJECTID": 14997, "registry_id": "110043454856", "primary_name": "0 NUECES", "location_address": "0 NUECES NW QUARD NUECES AND ELM", "city_name": "HOUSTON", "county_name": "HARRIS", "state_code": "TX", "epa_region": "Region 06", "postal_code": "77012", "latitude": 29.716118, "longitude": -95.271056, "pgm_sys_acrnm": "ACRES", "pgm_sys_id": "124364", "fips_code": "", "huc_code": "", "facility_url": "https://ofmpub.epa.gov/apex/cimc/f?p=CIMC:31::::Y,31,0:P31_ID:124364", "dma_county": "Harris"}}, {"type": "Feature", "id": 14998, "geometry": {"type": "Point", "coordinates": [-95.271056, 29.716118]}, "properties": {"OBJECTID": 14998, "registry_id": "110043454865", "primary_name": "0 NUECES NE ELM", "location_address": "0 NUECES NE QUARD NUECES AND ELM", "city_name": "HOUSTON", "county_name": "HARRIS", "state_code": "TX", "epa_region": "Region 06", "postal_code": "77012", "latitude": 29.716118, "longitude": -95.271056, "pgm_sys_acrnm": "ACRES", "pgm_sys_id": "124365", "fips_code": "", "huc_code": "", "facility_url": "https://ofmpub.epa.gov/apex/cimc/f?p=CIMC:31::::Y,31,0:P31_ID:124365", "dma_county": "Harris"}}, {"type": "Feature", "id": 14999, "geometry": {"type": "Point", "coordinates": [-95.351781, 29.751124]}, "properties": {"OBJECTID": 14999, "registry_id": "110043454874", "primary_name": "DYNAMO STADIUM", "location_address": "810 DOWLING", "city_name": "HOUSTON", "county_name": "HARRIS", "state_code": "TX", "epa_region": "Region 06", "postal_code": "77002", "latitude": 29.751124, "longitude": -95.351781, "pgm_sys_acrnm": "ACRES", "pgm_sys_id": "124369", "fips_code": "", "huc_code": "", "facility_url": "https://ofmpub.epa.gov/apex/cimc/f?p=CIMC:31::::Y,31,0:P31_ID:124369", "dma_county": "Harris"}}, {"type": "Feature", "id": 15004, "geometry": {"type": "Point", "coordinates": [-95.3235, 29.7132]}, "properties": {"OBJECTID": 15004, "registry_id": "110043454963", "primary_name": "2610 CARROLTON STREET", "location_address": "2610 CARROLTON STREET", "city_name": "HOUSTON", "county_name": "HARRIS", "state_code": "TX", "epa_region": "Region 06", "postal_code": "77023", "latitude": 29.7132, "longitude": -95.3235, "pgm_sys_acrnm": "ACRES", "pgm_sys_id": "125409", "fips_code": "", "huc_code": "", "facility_url": "https://ofmpub.epa.gov/apex/cimc/f?p=CIMC:31::::Y,31,0:P31_ID:125409", "dma_county": "Harris"}}, {"type": "Feature", "id": 15005, "geometry": {"type": "Point", "coordinates": [-95.372468, 29.780035]}, "properties": {"OBJECTID": 15005, "registry_id": "110043454972", "primary_name": "2450 HOUSTON AVE", "location_address": "2450 HOUSTON AVE", "city_name": "HOUSTON", "county_name": "HARRIS", "state_code": "TX", "epa_region": "Region 06", "postal_code": "77007", "latitude": 29.780035, "longitude": -95.372468, "pgm_sys_acrnm": "ACRES", "pgm_sys_id": "125411", "fips_code": "", "huc_code": "", "facility_url": "https://ofmpub.epa.gov/apex/cimc/f?p=CIMC:31::::Y,31,0:P31_ID:125411", "dma_county": "Harris"}}, {"type": "Feature", "id": 15955, "geometry": {"type": "Point", "coordinates": [-95.36788, 29.74667]}, "properties": {"OBJECTID": 15955, "registry_id": "110044760737", "primary_name": "1404 GRAY STREET", "location_address": "1404 GRAY STREET", "city_name": "HOUSTON", "county_name": "HARRIS", "state_code": "TX", "epa_region": "Region 06", "postal_code": "77002", "latitude": 29.74667, "longitude": -95.36788, "pgm_sys_acrnm": "ACRES", "pgm_sys_id": "130427", "fips_code": "", "huc_code": "", "facility_url": "https://ofmpub.epa.gov/apex/cimc/f?p=CIMC:31::::Y,31,0:P31_ID:130427", "dma_county": "Harris"}}, {"type": "Feature", "id": 16130, "geometry": {"type": "Point", "coordinates": [-95.37155, 29.73583]}, "properties": {"OBJECTID": 16130, "registry_id": "110044762815", "primary_name": "0 HOLMAN", "location_address": "3400 CHENEVERT", "city_name": "HOUSTON", "county_name": "HARRIS", "state_code": "TX", "epa_region": "Region 06", "postal_code": "77004", "latitude": 29.73583, "longitude": -95.37155, "pgm_sys_acrnm": "ACRES", "pgm_sys_id": "134102", "fips_code": "", "huc_code": "", "facility_url": "https://ofmpub.epa.gov/apex/cimc/f?p=CIMC:31::::Y,31,0:P31_ID:134102", "dma_county": "Harris"}}, {"type": "Feature", "id": 16318, "geometry": {"type": "Point", "coordinates": [-95.29956, 29.672788]}, "properties": {"OBJECTID": 16318, "registry_id": "110045009575", "primary_name": "7250 BELFORT", "location_address": "7250 BELFORT", "city_name": "HOUSTON", "county_name": "HARRIS", "state_code": "TX", "epa_region": "Region 06", "postal_code": "77031", "latitude": 29.672788, "longitude": -95.29956, "pgm_sys_acrnm": "ACRES", "pgm_sys_id": "97341", "fips_code": "", "huc_code": "", "facility_url": "https://ofmpub.epa.gov/apex/cimc/f?p=CIMC:31::::Y,31,0:P31_ID:97341", "dma_county": "Harris"}}, {"type": "Feature", "id": 16812, "geometry": {"type": "Point", "coordinates": [-95.32635, 29.78676]}, "properties": {"OBJECTID": 16812, "registry_id": "110046367846", "primary_name": "4401 LIBERTY ROAD", "location_address": "4401 LIBERTY ROAD", "city_name": "HOUSTON", "county_name": "HARRIS", "state_code": "TX", "epa_region": "Region 06", "postal_code": "77026", "latitude": 29.78676, "longitude": -95.32635, "pgm_sys_acrnm": "ACRES", "pgm_sys_id": "47484", "fips_code": "", "huc_code": "", "facility_url": "https://ofmpub.epa.gov/apex/cimc/f?p=CIMC:31::::Y,31,0:P31_ID:47484", "dma_county": "Harris"}}, {"type": "Feature", "id": 16886, "geometry": {"type": "Point", "coordinates": [-95.287378, 29.774324]}, "properties": {"OBJECTID": 16886, "registry_id": "110046368765", "primary_name": "CACTUS PIPE YARD", "location_address": "815 DORSETT ST", "city_name": "HOUSTON", "county_name": "HARRIS", "state_code": "TX", "epa_region": "Region 06", "postal_code": "77029", "latitude": 29.774324, "longitude": -95.287378, "pgm_sys_acrnm": "ACRES", "pgm_sys_id": "125343", "fips_code": "", "huc_code": "", "facility_url": "https://ofmpub.epa.gov/apex/cimc/f?p=CIMC:31::::Y,31,0:P31_ID:125343", "dma_county": "Harris"}}, {"type": "Feature", "id": 16914, "geometry": {"type": "Point", "coordinates": [-95.44133, 29.87342]}, "properties": {"OBJECTID": 16914, "registry_id": "110046369069", "primary_name": "8000 CORA", "location_address": "8000 CORA STREET", "city_name": "HOUSTON", "county_name": "HARRIS", "state_code": "TX", "epa_region": "Region 06", "postal_code": "77088", "latitude": 29.87342, "longitude": -95.44133, "pgm_sys_acrnm": "ACRES", "pgm_sys_id": "135542", "fips_code": "", "huc_code": "", "facility_url": "https://ofmpub.epa.gov/apex/cimc/f?p=CIMC:31::::Y,31,0:P31_ID:135542", "dma_county": "Harris"}}, {"type": "Feature", "id": 16915, "geometry": {"type": "Point", "coordinates": [-95.42748, 29.88217]}, "properties": {"OBJECTID": 16915, "registry_id": "110046369078", "primary_name": "1050 DEWALT STREET", "location_address": "1050 DEWALT STREET", "city_name": "HOUSTON", "county_name": "HARRIS", "state_code": "TX", "epa_region": "Region 06", "postal_code": "77088", "latitude": 29.88217, "longitude": -95.42748, "pgm_sys_acrnm": "ACRES", "pgm_sys_id": "135543", "fips_code": "", "huc_code": "", "facility_url": "https://ofmpub.epa.gov/apex/cimc/f?p=CIMC:31::::Y,31,0:P31_ID:135543", "dma_county": "Harris"}}, {"type": "Feature", "id": 16916, "geometry": {"type": "Point", "coordinates": [-95.4273, 29.87905]}, "properties": {"OBJECTID": 16916, "registry_id": "110046369087", "primary_name": "1043 CONKIN", "location_address": "1043 CONKIN STREET", "city_name": "HOUSTON", "county_name": "HARRIS", "state_code": "TX", "epa_region": "Region 06", "postal_code": "77088", "latitude": 29.87905, "longitude": -95.4273, "pgm_sys_acrnm": "ACRES", "pgm_sys_id": "135544", "fips_code": "", "huc_code": "", "facility_url": "https://ofmpub.epa.gov/apex/cimc/f?p=CIMC:31::::Y,31,0:P31_ID:135544", "dma_county": "Harris"}}, {"type": "Feature", "id": 16917, "geometry": {"type": "Point", "coordinates": [-95.42301, 29.87905]}, "properties": {"OBJECTID": 16917, "registry_id": "110046369096", "primary_name": "946 CONKLIN SITE", "location_address": "946 CONKLIN", "city_name": "HOUSTON", "county_name": "HARRIS", "state_code": "TX", "epa_region": "Region 06", "postal_code": "77088", "latitude": 29.87905, "longitude": -95.42301, "pgm_sys_acrnm": "ACRES", "pgm_sys_id": "135564", "fips_code": "", "huc_code": "", "facility_url": "https://ofmpub.epa.gov/apex/cimc/f?p=CIMC:31::::Y,31,0:P31_ID:135564", "dma_county": "Harris"}}, {"type": "Feature", "id": 16918, "geometry": {"type": "Point", "coordinates": [-95.42117, 29.86297]}, "properties": {"OBJECTID": 16918, "registry_id": "110046369112", "primary_name": "887 DILLARD STREET", "location_address": "887 DILLARD STREET", "city_name": "HOUSTON", "county_name": "HARRIS", "state_code": "TX", "epa_region": "Region 06", "postal_code": "77091", "latitude": 29.86297, "longitude": -95.42117, "pgm_sys_acrnm": "ACRES", "pgm_sys_id": "135582", "fips_code": "", "huc_code": "", "facility_url": "https://ofmpub.epa.gov/apex/cimc/f?p=CIMC:31::::Y,31,0:P31_ID:135582", "dma_county": "Harris"}}, {"type": "Feature", "id": 18340, "geometry": {"type": "Point", "coordinates": [-95.202455, 29.773658]}, "properties": {"OBJECTID": 18340, "registry_id": "110060766407", "primary_name": "12895 GREENS BAYOU", "location_address": "12895 GREENS BAYOU", "city_name": "HOUSTON", "county_name": "HARRIS", "state_code": "TX", "epa_region": "Region 06", "postal_code": "77019", "latitude": 29.773658, "longitude": -95.202455, "pgm_sys_acrnm": "ACRES", "pgm_sys_id": "101042", "fips_code": "", "huc_code": "", "facility_url": "https://ofmpub.epa.gov/apex/cimc/f?p=CIMC:31::::Y,31,0:P31_ID:101042", "dma_county": "Harris"}}, {"type": "Feature", "id": 18341, "geometry": {"type": "Point", "coordinates": [-95.38405, 29.76836]}, "properties": {"OBJECTID": 18341, "registry_id": "110060766540", "primary_name": "2505 WASHINGTON AVENUE", "location_address": "2505 WASHINGTON AVENUE", "city_name": "HOUSTON", "county_name": "HARRIS", "state_code": "TX", "epa_region": "Region 06", "postal_code": "77007", "latitude": 29.76836, "longitude": -95.38405, "pgm_sys_acrnm": "ACRES", "pgm_sys_id": "13968", "fips_code": "", "huc_code": "", "facility_url": "https://ofmpub.epa.gov/apex/cimc/f?p=CIMC:31::::Y,31,0:P31_ID:13968", "dma_county": "Harris"}}, {"type": "Feature", "id": 18342, "geometry": {"type": "Point", "coordinates": [-95.31508, 29.78561]}, "properties": {"OBJECTID": 18342, "registry_id": "110060766611", "primary_name": "2602 CHEW STEET", "location_address": "2602 CHEW STREET", "city_name": "HOUSTON", "county_name": "HARRIS", "state_code": "TX", "epa_region": "Region 06", "postal_code": "77020", "latitude": 29.78561, "longitude": -95.31508, "pgm_sys_acrnm": "ACRES", "pgm_sys_id": "130424", "fips_code": "", "huc_code": "", "facility_url": "https://ofmpub.epa.gov/apex/cimc/f?p=CIMC:31::::Y,31,0:P31_ID:130424", "dma_county": "Harris"}}, {"type": "Feature", "id": 18343, "geometry": {"type": "Point", "coordinates": [-95.31508, 29.78575]}, "properties": {"OBJECTID": 18343, "registry_id": "110060766675", "primary_name": "2606 CHEW ST", "location_address": "2606 CHEW ST", "city_name": "HOUSTON", "county_name": "HARRIS", "state_code": "TX", "epa_region": "Region 06", "postal_code": "77020", "latitude": 29.78575, "longitude": -95.31508, "pgm_sys_acrnm": "ACRES", "pgm_sys_id": "85181", "fips_code": "", "huc_code": "", "facility_url": "https://ofmpub.epa.gov/apex/cimc/f?p=CIMC:31::::Y,31,0:P31_ID:85181", "dma_county": "Harris"}}, {"type": "Feature", "id": 18344, "geometry": {"type": "Point", "coordinates": [-95.431011, 29.742006]}, "properties": {"OBJECTID": 18344, "registry_id": "110060766808", "primary_name": "3437 WESTHEIMER ROAD", "location_address": "3437 WESTHEIMER RD", "city_name": "HOUSTON", "county_name": "HARRIS", "state_code": "TX", "epa_region": "Region 06", "postal_code": "77027", "latitude": 29.742006, "longitude": -95.431011, "pgm_sys_acrnm": "ACRES", "pgm_sys_id": "13988", "fips_code": "", "huc_code": "", "facility_url": "https://ofmpub.epa.gov/apex/cimc/f?p=CIMC:31::::Y,31,0:P31_ID:13988", "dma_county": "Harris"}}, {"type": "Feature", "id": 18345, "geometry": {"type": "Point", "coordinates": [-95.31463, 29.71046]}, "properties": {"OBJECTID": 18345, "registry_id": "110060766871", "primary_name": "3500 TELEPHONE ROAD", "location_address": "3500 TELEPHONE ROAD", "city_name": "HOUSTON", "county_name": "HARRIS", "state_code": "TX", "epa_region": "Region 06", "postal_code": "77023", "latitude": 29.71046, "longitude": -95.31463, "pgm_sys_acrnm": "ACRES", "pgm_sys_id": "48381", "fips_code": "", "huc_code": "", "facility_url": "https://ofmpub.epa.gov/apex/cimc/f?p=CIMC:31::::Y,31,0:P31_ID:48381", "dma_county": "Harris"}}, {"type": "Feature", "id": 18400, "geometry": {"type": "Point", "coordinates": [-95.643333, 29.14333]}, "properties": {"OBJECTID": 18400, "registry_id": "110060787340", "primary_name": "BLANCHARD AUTO SALES", "location_address": "E BRAZOS", "city_name": "WEST COLUMBIA", "county_name": "BRAZORIA", "state_code": "TX", "epa_region": "Region 06", "postal_code": "77486", "latitude": 29.14333, "longitude": -95.643333, "pgm_sys_acrnm": "ACRES", "pgm_sys_id": "10865", "fips_code": "", "huc_code": "", "facility_url": "https://ofmpub.epa.gov/apex/cimc/f?p=CIMC:31::::Y,31,0:P31_ID:10865", "dma_county": "Brazoria"}}, {"type": "Feature", "id": 18402, "geometry": {"type": "Point", "coordinates": [-95.35425, 29.76737]}, "properties": {"OBJECTID": 18402, "registry_id": "110060790979", "primary_name": "801 RICHEY STREET", "location_address": "801 RICHEY STREET", "city_name": "HOUSTON", "county_name": "HARRIS", "state_code": "TX", "epa_region": "Region 06", "postal_code": "77002", "latitude": 29.76737, "longitude": -95.35425, "pgm_sys_acrnm": "ACRES", "pgm_sys_id": "13975", "fips_code": "", "huc_code": "", "facility_url": "https://ofmpub.epa.gov/apex/cimc/f?p=CIMC:31::::Y,31,0:P31_ID:13975", "dma_county": "Harris"}}, {"type": "Feature", "id": 18415, "geometry": {"type": "Point", "coordinates": [-95.09186, 29.51936]}, "properties": {"OBJECTID": 18415, "registry_id": "110060793743", "primary_name": "FORMER WISCONSIN STREET LANDFILL", "location_address": "800 NORTH WISCONSIN STREET", "city_name": "LEAGUE CITY", "county_name": "GALVESTON", "state_code": "TX", "epa_region": "Region 06", "postal_code": "77573", "latitude": 29.51936, "longitude": -95.09186, "pgm_sys_acrnm": "ACRES", "pgm_sys_id": "23141", "fips_code": "", "huc_code": "", "facility_url": "https://ofmpub.epa.gov/apex/cimc/f?p=CIMC:31::::Y,31,0:P31_ID:23141", "dma_county": "Galveston"}}, {"type": "Feature", "id": 18587, "geometry": {"type": "Point", "coordinates": [-95.31528, 29.83821]}, "properties": {"OBJECTID": 18587, "registry_id": "110060886616", "primary_name": "8601 PEACHTREET STREET", "location_address": "8601 PEACHTREE STREET", "city_name": "HOUSTON", "county_name": "HARRIS", "state_code": "TX", "epa_region": "Region 06", "postal_code": "77016", "latitude": 29.83821, "longitude": -95.31528, "pgm_sys_acrnm": "ACRES", "pgm_sys_id": "130425", "fips_code": "", "huc_code": "", "facility_url": "https://ofmpub.epa.gov/apex/cimc/f?p=CIMC:31::::Y,31,0:P31_ID:130425", "dma_county": "Harris"}}, {"type": "Feature", "id": 18588, "geometry": {"type": "Point", "coordinates": [-95.31528, 29.83821]}, "properties": {"OBJECTID": 18588, "registry_id": "110060886616", "primary_name": "8601 PEACHTREE ST", "location_address": "8601 PEACHTREE ST", "city_name": "HOUSTON", "county_name": "HARRIS", "state_code": "TX", "epa_region": "Region 06", "postal_code": "77016", "latitude": 29.83821, "longitude": -95.31528, "pgm_sys_acrnm": "ACRES", "pgm_sys_id": "85201", "fips_code": "", "huc_code": "", "facility_url": "https://ofmpub.epa.gov/apex/cimc/f?p=CIMC:31::::Y,31,0:P31_ID:85201", "dma_county": "Harris"}}, {"type": "Feature", "id": 18920, "geometry": {"type": "Point", "coordinates": [-95.30991, 29.85003]}, "properties": {"OBJECTID": 18920, "registry_id": "110061008314", "primary_name": "0 BERTWOOD", "location_address": "0 BERTWOOD", "city_name": "HOUSTON", "county_name": "HARRIS", "state_code": "TX", "epa_region": "Region 06", "postal_code": "77016", "latitude": 29.85003, "longitude": -95.30991, "pgm_sys_acrnm": "ACRES", "pgm_sys_id": "130422", "fips_code": "", "huc_code": "", "facility_url": "https://ofmpub.epa.gov/apex/cimc/f?p=CIMC:31::::Y,31,0:P31_ID:130422", "dma_county": "Harris"}}, {"type": "Feature", "id": 18921, "geometry": {"type": "Point", "coordinates": [-95.38903, 29.82157]}, "properties": {"OBJECTID": 18921, "registry_id": "110061008378", "primary_name": "0 EAST 39TH STREET", "location_address": "0 EAST 39TH STREET", "city_name": "HOUSTON", "county_name": "HARRIS", "state_code": "TX", "epa_region": "Region 06", "postal_code": "77022", "latitude": 29.82157, "longitude": -95.38903, "pgm_sys_acrnm": "ACRES", "pgm_sys_id": "130423", "fips_code": "", "huc_code": "", "facility_url": "https://ofmpub.epa.gov/apex/cimc/f?p=CIMC:31::::Y,31,0:P31_ID:130423", "dma_county": "Harris"}}, {"type": "Feature", "id": 18923, "geometry": {"type": "Point", "coordinates": [-95.21176, 29.79413]}, "properties": {"OBJECTID": 18923, "registry_id": "110061008617", "primary_name": "12800 COOLGREEN", "location_address": "12800 COOLGREEN", "city_name": "HOUSTON", "county_name": "HARRIS", "state_code": "TX", "epa_region": "Region 06", "postal_code": "77015", "latitude": 29.79413, "longitude": -95.21176, "pgm_sys_acrnm": "ACRES", "pgm_sys_id": "97643", "fips_code": "", "huc_code": "", "facility_url": "https://ofmpub.epa.gov/apex/cimc/f?p=CIMC:31::::Y,31,0:P31_ID:97643", "dma_county": "Harris"}}, {"type": "Feature", "id": 19431, "geometry": {"type": "Point", "coordinates": [-95.3241, 29.77622]}, "properties": {"OBJECTID": 19431, "registry_id": "110070525703", "primary_name": "ST ELIZABETH S", "location_address": "4514 LYONS AVENUE", "city_name": "HOUSTON", "county_name": "HARRIS", "state_code": "TX", "epa_region": "Region 06", "postal_code": "77020", "latitude": 29.77622, "longitude": -95.3241, "pgm_sys_acrnm": "ACRES", "pgm_sys_id": "239049", "fips_code": "", "huc_code": "", "facility_url": "https://ofmpub.epa.gov/apex/cimc/f?p=CIMC:31::::Y,31,0:P31_ID:239049", "dma_county": "Harris"}}, {"type": "Feature", "id": 22442, "geometry": {"type": "Point", "coordinates": [-96.03342, 29.01663]}, "properties": {"OBJECTID": 22442, "registry_id": "110071966296", "primary_name": "BURKHART ESTATE", "location_address": "COUNTY ROAD 408", "city_name": "MARKHAM", "county_name": "MATAGORDA", "state_code": "TX", "epa_region": "Region 06", "postal_code": "77456", "latitude": 29.01663, "longitude": -96.03342, "pgm_sys_acrnm": "ACRES", "pgm_sys_id": "177282", "fips_code": "", "huc_code": "", "facility_url": "https://ofmpub.epa.gov/apex/cimc/f?p=CIMC:31::::Y,31,0:P31_ID:177282", "dma_county": "Matagorda"}}, {"type": "Feature", "id": 22501, "geometry": {"type": "Point", "coordinates": [-95.347298, 29.531144]}, "properties": {"OBJECTID": 22501, "registry_id": "110071966350", "primary_name": "PEARLAND ASSAULT BASEBALL CLUB", "location_address": "4850 OLD CHOCOLATE BAYOU RD", "city_name": "PEARLAND", "county_name": "BRAZORIA", "state_code": "TX", "epa_region": "Region 06", "postal_code": "77578", "latitude": 29.531144, "longitude": -95.347298, "pgm_sys_acrnm": "ACRES", "pgm_sys_id": "172502", "fips_code": "", "huc_code": "", "facility_url": "https://ofmpub.epa.gov/apex/cimc/f?p=CIMC:31::::Y,31,0:P31_ID:172502", "dma_county": "Brazoria"}}, {"type": "Feature", "id": 22574, "geometry": {"type": "Point", "coordinates": [-94.926006, 29.223138]}, "properties": {"OBJECTID": 22574, "registry_id": "110071966422", "primary_name": "ARTIST BOAT SETTEGAST RD PROPERTY", "location_address": "SETTEGAST RD", "city_name": "GALVESTON", "county_name": "GALVESTON", "state_code": "TX", "epa_region": "Region 06", "postal_code": "77554", "latitude": 29.223138, "longitude": -94.926006, "pgm_sys_acrnm": "ACRES", "pgm_sys_id": "169881", "fips_code": "", "huc_code": "", "facility_url": "https://ofmpub.epa.gov/apex/cimc/f?p=CIMC:31::::Y,31,0:P31_ID:169881", "dma_county": "Galveston"}}, {"type": "Feature", "id": 23205, "geometry": {"type": "Point", "coordinates": [-95.330183, 29.747693]}, "properties": {"OBJECTID": 23205, "registry_id": "110071967011", "primary_name": "117 EASTWOOD", "location_address": "117 EASTWOOD", "city_name": "HOUSTON", "county_name": "HARRIS", "state_code": "TX", "epa_region": "Region 06", "postal_code": "77011", "latitude": 29.747693, "longitude": -95.330183, "pgm_sys_acrnm": "ACRES", "pgm_sys_id": "13967", "fips_code": "", "huc_code": "", "facility_url": "https://ofmpub.epa.gov/apex/cimc/f?p=CIMC:31::::Y,31,0:P31_ID:13967", "dma_county": "Harris"}}, {"type": "Feature", "id": 24389, "geometry": {"type": "Point", "coordinates": [-94.699344, 29.879949]}, "properties": {"OBJECTID": 24389, "registry_id": "110071968139", "primary_name": "TURTLE BAYOU SITE", "location_address": "FARM TO MARKET 563", "city_name": "ANAHUAC", "county_name": "CHAMBERS", "state_code": "TX", "epa_region": "Region 06", "postal_code": "77597", "latitude": 29.879949, "longitude": -94.699344, "pgm_sys_acrnm": "ACRES", "pgm_sys_id": "125342", "fips_code": "", "huc_code": "", "facility_url": "https://ofmpub.epa.gov/apex/cimc/f?p=CIMC:31::::Y,31,0:P31_ID:125342", "dma_county": "Chambers"}}, {"type": "Feature", "id": 24410, "geometry": {"type": "Point", "coordinates": [-95.372738, 29.781086]}, "properties": {"OBJECTID": 24410, "registry_id": "110071968160", "primary_name": "0 WRIGHTWOOD", "location_address": "0 WRIGHTWOOD SW QUAD OF WRIGHTWOOD AND HOUSTON AVE", "city_name": "HOUSTON", "county_name": "HARRIS", "state_code": "TX", "epa_region": "Region 06", "postal_code": "77009", "latitude": 29.781086, "longitude": -95.372738, "pgm_sys_acrnm": "ACRES", "pgm_sys_id": "124361", "fips_code": "", "huc_code": "", "facility_url": "https://ofmpub.epa.gov/apex/cimc/f?p=CIMC:31::::Y,31,0:P31_ID:124361", "dma_county": "Harris"}}, {"type": "Feature", "id": 24411, "geometry": {"type": "Point", "coordinates": [-95.237342, 29.789879]}, "properties": {"OBJECTID": 24411, "registry_id": "110071968161", "primary_name": "333 MERCURY DRIVE", "location_address": "0 MERCURY DRIVE NE QUAD MERCURY DR AND BROADSTARIS ST", "city_name": "HOUSTON", "county_name": "HARRIS", "state_code": "TX", "epa_region": "Region 06", "postal_code": "77013", "latitude": 29.789879, "longitude": -95.237342, "pgm_sys_acrnm": "ACRES", "pgm_sys_id": "124362", "fips_code": "", "huc_code": "", "facility_url": "https://ofmpub.epa.gov/apex/cimc/f?p=CIMC:31::::Y,31,0:P31_ID:124362", "dma_county": "Harris"}}, {"type": "Feature", "id": 24472, "geometry": {"type": "Point", "coordinates": [-96.249386, 29.938042]}, "properties": {"OBJECTID": 24472, "registry_id": "110071968220", "primary_name": "SALTILLO PLAZA DOWNTOWN RAILYARD", "location_address": "1000 E 4TH STREET", "city_name": "AUSTIN", "county_name": "TRAVIS", "state_code": "TX", "epa_region": "Region 06", "postal_code": "78701", "latitude": 29.938042, "longitude": -96.249386, "pgm_sys_acrnm": "ACRES", "pgm_sys_id": "135663", "fips_code": "", "huc_code": "", "facility_url": "https://ofmpub.epa.gov/apex/cimc/f?p=CIMC:31::::Y,31,0:P31_ID:135663", "dma_county": "Austin"}}, {"type": "Feature", "id": 24854, "geometry": {"type": "Point", "coordinates": [-95.31314, 29.73481]}, "properties": {"OBJECTID": 24854, "registry_id": "110071968591", "primary_name": "0 SUPPLY ROW", "location_address": "6500 SUPPLY ROW", "city_name": "HOUSTON", "county_name": "HARRIS", "state_code": "TX", "epa_region": "Region 06", "postal_code": "77023", "latitude": 29.73481, "longitude": -95.31314, "pgm_sys_acrnm": "ACRES", "pgm_sys_id": "134104", "fips_code": "", "huc_code": "", "facility_url": "https://ofmpub.epa.gov/apex/cimc/f?p=CIMC:31::::Y,31,0:P31_ID:134104", "dma_county": "Harris"}}, {"type": "Feature", "id": 26299, "geometry": {"type": "Point", "coordinates": [-94.670736, 30.726201]}, "properties": {"OBJECTID": 26299, "registry_id": "110071969964", "primary_name": "MIDWAY WEST ROAD LANDFILL ALABAMA COUSHATTA TRIBE", "location_address": "679 MIDWAY LOOP W", "city_name": "LIVINGSTON", "county_name": "POLK", "state_code": "TX", "epa_region": "Region 06", "postal_code": "77351", "latitude": 30.726201, "longitude": -94.670736, "pgm_sys_acrnm": "ACRES", "pgm_sys_id": "10945", "fips_code": "", "huc_code": "", "facility_url": "https://ofmpub.epa.gov/apex/cimc/f?p=CIMC:31::::Y,31,0:P31_ID:10945", "dma_county": "Polk"}}, {"type": "Feature", "id": 26396, "geometry": {"type": "Point", "coordinates": [-94.808011, 29.295631]}, "properties": {"OBJECTID": 26396, "registry_id": "110071970032", "primary_name": "57TH AND STEWART ST", "location_address": "1016 37TH ST", "city_name": "GALVESTON", "county_name": "GALVESTON", "state_code": "TX", "epa_region": "Region 06", "postal_code": "77550", "latitude": 29.295631, "longitude": -94.808011, "pgm_sys_acrnm": "ACRES", "pgm_sys_id": "11984", "fips_code": "", "huc_code": "", "facility_url": "https://ofmpub.epa.gov/apex/cimc/f?p=CIMC:31::::Y,31,0:P31_ID:11984", "dma_county": "Galveston"}}, {"type": "Feature", "id": 26397, "geometry": {"type": "Point", "coordinates": [-94.808011, 29.295631]}, "properties": {"OBJECTID": 26397, "registry_id": "110071970033", "primary_name": "600 51ST ST", "location_address": "1016 37TH ST", "city_name": "GALVESTON", "county_name": "GALVESTON", "state_code": "TX", "epa_region": "Region 06", "postal_code": "77550", "latitude": 29.295631, "longitude": -94.808011, "pgm_sys_acrnm": "ACRES", "pgm_sys_id": "11985", "fips_code": "", "huc_code": "", "facility_url": "https://ofmpub.epa.gov/apex/cimc/f?p=CIMC:31::::Y,31,0:P31_ID:11985", "dma_county": "Galveston"}}, {"type": "Feature", "id": 26398, "geometry": {"type": "Point", "coordinates": [-94.808011, 29.295631]}, "properties": {"OBJECTID": 26398, "registry_id": "110071970034", "primary_name": "EAST END FLATS", "location_address": "1016 37TH ST", "city_name": "GALVESTON", "county_name": "GALVESTON", "state_code": "TX", "epa_region": "Region 06", "postal_code": "77550", "latitude": 29.295631, "longitude": -94.808011, "pgm_sys_acrnm": "ACRES", "pgm_sys_id": "11986", "fips_code": "", "huc_code": "", "facility_url": "https://ofmpub.epa.gov/apex/cimc/f?p=CIMC:31::::Y,31,0:P31_ID:11986", "dma_county": "Galveston"}}, {"type": "Feature", "id": 26399, "geometry": {"type": "Point", "coordinates": [-94.808011, 29.295631]}, "properties": {"OBJECTID": 26399, "registry_id": "110071970035", "primary_name": "73RD N 1 2", "location_address": "1016 37TH ST", "city_name": "GALVESTON", "county_name": "GALVESTON", "state_code": "TX", "epa_region": "Region 06", "postal_code": "77550", "latitude": 29.295631, "longitude": -94.808011, "pgm_sys_acrnm": "ACRES", "pgm_sys_id": "11987", "fips_code": "", "huc_code": "", "facility_url": "https://ofmpub.epa.gov/apex/cimc/f?p=CIMC:31::::Y,31,0:P31_ID:11987", "dma_county": "Galveston"}}, {"type": "Feature", "id": 26400, "geometry": {"type": "Point", "coordinates": [-94.808011, 29.295631]}, "properties": {"OBJECTID": 26400, "registry_id": "110071970036", "primary_name": "37TH HARBORSIDE", "location_address": "1016 37TH ST", "city_name": "GALVESTON", "county_name": "GALVESTON", "state_code": "TX", "epa_region": "Region 06", "postal_code": "77550", "latitude": 29.295631, "longitude": -94.808011, "pgm_sys_acrnm": "ACRES", "pgm_sys_id": "11988", "fips_code": "", "huc_code": "", "facility_url": "https://ofmpub.epa.gov/apex/cimc/f?p=CIMC:31::::Y,31,0:P31_ID:11988", "dma_county": "Galveston"}}, {"type": "Feature", "id": 26401, "geometry": {"type": "Point", "coordinates": [-94.808011, 29.295631]}, "properties": {"OBJECTID": 26401, "registry_id": "110071970037", "primary_name": "TELEDYNE PIPE PLANT", "location_address": "1016 37TH ST", "city_name": "GALVESTON", "county_name": "GALVESTON", "state_code": "TX", "epa_region": "Region 06", "postal_code": "77550", "latitude": 29.295631, "longitude": -94.808011, "pgm_sys_acrnm": "ACRES", "pgm_sys_id": "11989", "fips_code": "", "huc_code": "", "facility_url": "https://ofmpub.epa.gov/apex/cimc/f?p=CIMC:31::::Y,31,0:P31_ID:11989", "dma_county": "Galveston"}}, {"type": "Feature", "id": 26402, "geometry": {"type": "Point", "coordinates": [-94.808011, 29.295631]}, "properties": {"OBJECTID": 26402, "registry_id": "110071970038", "primary_name": "514 21ST STREET", "location_address": "1016 37TH ST", "city_name": "GALVESTON", "county_name": "GALVESTON", "state_code": "TX", "epa_region": "Region 06", "postal_code": "77550", "latitude": 29.295631, "longitude": -94.808011, "pgm_sys_acrnm": "ACRES", "pgm_sys_id": "11990", "fips_code": "", "huc_code": "", "facility_url": "https://ofmpub.epa.gov/apex/cimc/f?p=CIMC:31::::Y,31,0:P31_ID:11990", "dma_county": "Galveston"}}, {"type": "Feature", "id": 26403, "geometry": {"type": "Point", "coordinates": [-94.808011, 29.295631]}, "properties": {"OBJECTID": 26403, "registry_id": "110071970038", "primary_name": "527 21ST STREET", "location_address": "1016 37TH ST", "city_name": "GALVESTON", "county_name": "GALVESTON", "state_code": "TX", "epa_region": "Region 06", "postal_code": "77550", "latitude": 29.295631, "longitude": -94.808011, "pgm_sys_acrnm": "ACRES", "pgm_sys_id": "11991", "fips_code": "", "huc_code": "", "facility_url": "https://ofmpub.epa.gov/apex/cimc/f?p=CIMC:31::::Y,31,0:P31_ID:11991", "dma_county": "Galveston"}}, {"type": "Feature", "id": 26404, "geometry": {"type": "Point", "coordinates": [-94.808011, 29.295631]}, "properties": {"OBJECTID": 26404, "registry_id": "110071970039", "primary_name": "202 25TH STREET", "location_address": "1016 37TH ST", "city_name": "GALVESTON", "county_name": "GALVESTON", "state_code": "TX", "epa_region": "Region 06", "postal_code": "77550", "latitude": 29.295631, "longitude": -94.808011, "pgm_sys_acrnm": "ACRES", "pgm_sys_id": "11992", "fips_code": "", "huc_code": "", "facility_url": "https://ofmpub.epa.gov/apex/cimc/f?p=CIMC:31::::Y,31,0:P31_ID:11992", "dma_county": "Galveston"}}, {"type": "Feature", "id": 26405, "geometry": {"type": "Point", "coordinates": [-94.808011, 29.295631]}, "properties": {"OBJECTID": 26405, "registry_id": "110071970039", "primary_name": "302 25TH STREET", "location_address": "1016 37TH ST", "city_name": "GALVESTON", "county_name": "GALVESTON", "state_code": "TX", "epa_region": "Region 06", "postal_code": "77550", "latitude": 29.295631, "longitude": -94.808011, "pgm_sys_acrnm": "ACRES", "pgm_sys_id": "12004", "fips_code": "", "huc_code": "", "facility_url": "https://ofmpub.epa.gov/apex/cimc/f?p=CIMC:31::::Y,31,0:P31_ID:12004", "dma_county": "Galveston"}}, {"type": "Feature", "id": 26406, "geometry": {"type": "Point", "coordinates": [-94.808011, 29.295631]}, "properties": {"OBJECTID": 26406, "registry_id": "110071970040", "primary_name": "2610 MECHANIC", "location_address": "1016 37TH ST", "city_name": "GALVESTON", "county_name": "GALVESTON", "state_code": "TX", "epa_region": "Region 06", "postal_code": "77550", "latitude": 29.295631, "longitude": -94.808011, "pgm_sys_acrnm": "ACRES", "pgm_sys_id": "11993", "fips_code": "", "huc_code": "", "facility_url": "https://ofmpub.epa.gov/apex/cimc/f?p=CIMC:31::::Y,31,0:P31_ID:11993", "dma_county": "Galveston"}}, {"type": "Feature", "id": 26407, "geometry": {"type": "Point", "coordinates": [-94.808011, 29.295631]}, "properties": {"OBJECTID": 26407, "registry_id": "110071970041", "primary_name": "318 27TH STREET", "location_address": "1016 37TH ST", "city_name": "GALVESTON", "county_name": "GALVESTON", "state_code": "TX", "epa_region": "Region 06", "postal_code": "77550", "latitude": 29.295631, "longitude": -94.808011, "pgm_sys_acrnm": "ACRES", "pgm_sys_id": "11994", "fips_code": "", "huc_code": "", "facility_url": "https://ofmpub.epa.gov/apex/cimc/f?p=CIMC:31::::Y,31,0:P31_ID:11994", "dma_county": "Galveston"}}, {"type": "Feature", "id": 26408, "geometry": {"type": "Point", "coordinates": [-94.808011, 29.295631]}, "properties": {"OBJECTID": 26408, "registry_id": "110071970042", "primary_name": "2627 MARKET", "location_address": "1016 37TH ST", "city_name": "GALVESTON", "county_name": "GALVESTON", "state_code": "TX", "epa_region": "Region 06", "postal_code": "77550", "latitude": 29.295631, "longitude": -94.808011, "pgm_sys_acrnm": "ACRES", "pgm_sys_id": "11995", "fips_code": "", "huc_code": "", "facility_url": "https://ofmpub.epa.gov/apex/cimc/f?p=CIMC:31::::Y,31,0:P31_ID:11995", "dma_county": "Galveston"}}, {"type": "Feature", "id": 26409, "geometry": {"type": "Point", "coordinates": [-94.808011, 29.295631]}, "properties": {"OBJECTID": 26409, "registry_id": "110071970042", "primary_name": "2701 MARKET", "location_address": "1016 37TH ST", "city_name": "GALVESTON", "county_name": "GALVESTON", "state_code": "TX", "epa_region": "Region 06", "postal_code": "77550", "latitude": 29.295631, "longitude": -94.808011, "pgm_sys_acrnm": "ACRES", "pgm_sys_id": "11996", "fips_code": "", "huc_code": "", "facility_url": "https://ofmpub.epa.gov/apex/cimc/f?p=CIMC:31::::Y,31,0:P31_ID:11996", "dma_county": "Galveston"}}, {"type": "Feature", "id": 26477, "geometry": {"type": "Point", "coordinates": [-94.808011, 29.295631]}, "properties": {"OBJECTID": 26477, "registry_id": "110071970107", "primary_name": "2728 POST OFFICE", "location_address": "1016 37TH ST", "city_name": "GALVESTON", "county_name": "GALVESTON", "state_code": "TX", "epa_region": "Region 06", "postal_code": "77550", "latitude": 29.295631, "longitude": -94.808011, "pgm_sys_acrnm": "ACRES", "pgm_sys_id": "11997", "fips_code": "", "huc_code": "", "facility_url": "https://ofmpub.epa.gov/apex/cimc/f?p=CIMC:31::::Y,31,0:P31_ID:11997", "dma_county": "Galveston"}}, {"type": "Feature", "id": 26478, "geometry": {"type": "Point", "coordinates": [-94.808011, 29.295631]}, "properties": {"OBJECTID": 26478, "registry_id": "110071970107", "primary_name": "2728 BALL", "location_address": "1016 37TH ST", "city_name": "GALVESTON", "county_name": "GALVESTON", "state_code": "TX", "epa_region": "Region 06", "postal_code": "77550", "latitude": 29.295631, "longitude": -94.808011, "pgm_sys_acrnm": "ACRES", "pgm_sys_id": "12006", "fips_code": "", "huc_code": "", "facility_url": "https://ofmpub.epa.gov/apex/cimc/f?p=CIMC:31::::Y,31,0:P31_ID:12006", "dma_county": "Galveston"}}, {"type": "Feature", "id": 26479, "geometry": {"type": "Point", "coordinates": [-94.808011, 29.295631]}, "properties": {"OBJECTID": 26479, "registry_id": "110071970108", "primary_name": "707 23RD STREET", "location_address": "1016 37TH ST", "city_name": "GALVESTON", "county_name": "GALVESTON", "state_code": "TX", "epa_region": "Region 06", "postal_code": "77550", "latitude": 29.295631, "longitude": -94.808011, "pgm_sys_acrnm": "ACRES", "pgm_sys_id": "11998", "fips_code": "", "huc_code": "", "facility_url": "https://ofmpub.epa.gov/apex/cimc/f?p=CIMC:31::::Y,31,0:P31_ID:11998", "dma_county": "Galveston"}}, {"type": "Feature", "id": 26480, "geometry": {"type": "Point", "coordinates": [-94.808011, 29.295631]}, "properties": {"OBJECTID": 26480, "registry_id": "110071970108", "primary_name": "1119 23RD STREET", "location_address": "1016 37TH ST", "city_name": "GALVESTON", "county_name": "GALVESTON", "state_code": "TX", "epa_region": "Region 06", "postal_code": "77550", "latitude": 29.295631, "longitude": -94.808011, "pgm_sys_acrnm": "ACRES", "pgm_sys_id": "12000", "fips_code": "", "huc_code": "", "facility_url": "https://ofmpub.epa.gov/apex/cimc/f?p=CIMC:31::::Y,31,0:P31_ID:12000", "dma_county": "Galveston"}}, {"type": "Feature", "id": 26481, "geometry": {"type": "Point", "coordinates": [-94.808011, 29.295631]}, "properties": {"OBJECTID": 26481, "registry_id": "110071970108", "primary_name": "910 23RD STREET", "location_address": "1016 37TH ST", "city_name": "GALVESTON", "county_name": "GALVESTON", "state_code": "TX", "epa_region": "Region 06", "postal_code": "77550", "latitude": 29.295631, "longitude": -94.808011, "pgm_sys_acrnm": "ACRES", "pgm_sys_id": "12001", "fips_code": "", "huc_code": "", "facility_url": "https://ofmpub.epa.gov/apex/cimc/f?p=CIMC:31::::Y,31,0:P31_ID:12001", "dma_county": "Galveston"}}, {"type": "Feature", "id": 26482, "geometry": {"type": "Point", "coordinates": [-94.808011, 29.295631]}, "properties": {"OBJECTID": 26482, "registry_id": "110071970109", "primary_name": "2327 WINNIE", "location_address": "1016 37TH ST", "city_name": "GALVESTON", "county_name": "GALVESTON", "state_code": "TX", "epa_region": "Region 06", "postal_code": "77550", "latitude": 29.295631, "longitude": -94.808011, "pgm_sys_acrnm": "ACRES", "pgm_sys_id": "11999", "fips_code": "", "huc_code": "", "facility_url": "https://ofmpub.epa.gov/apex/cimc/f?p=CIMC:31::::Y,31,0:P31_ID:11999", "dma_county": "Galveston"}}, {"type": "Feature", "id": 26483, "geometry": {"type": "Point", "coordinates": [-94.808011, 29.295631]}, "properties": {"OBJECTID": 26483, "registry_id": "110071970110", "primary_name": "2928 BROADWAY", "location_address": "1016 37TH ST", "city_name": "GALVESTON", "county_name": "GALVESTON", "state_code": "TX", "epa_region": "Region 06", "postal_code": "77550", "latitude": 29.295631, "longitude": -94.808011, "pgm_sys_acrnm": "ACRES", "pgm_sys_id": "12002", "fips_code": "", "huc_code": "", "facility_url": "https://ofmpub.epa.gov/apex/cimc/f?p=CIMC:31::::Y,31,0:P31_ID:12002", "dma_county": "Galveston"}}, {"type": "Feature", "id": 26484, "geometry": {"type": "Point", "coordinates": [-94.808011, 29.295631]}, "properties": {"OBJECTID": 26484, "registry_id": "110071970111", "primary_name": "3102 AVENUE L", "location_address": "1016 37TH ST", "city_name": "GALVESTON", "county_name": "GALVESTON", "state_code": "TX", "epa_region": "Region 06", "postal_code": "77550", "latitude": 29.295631, "longitude": -94.808011, "pgm_sys_acrnm": "ACRES", "pgm_sys_id": "12003", "fips_code": "", "huc_code": "", "facility_url": "https://ofmpub.epa.gov/apex/cimc/f?p=CIMC:31::::Y,31,0:P31_ID:12003", "dma_county": "Galveston"}}, {"type": "Feature", "id": 26485, "geometry": {"type": "Point", "coordinates": [-94.808011, 29.295631]}, "properties": {"OBJECTID": 26485, "registry_id": "110071970112", "primary_name": "814 22ND STREET", "location_address": "1016 37TH ST", "city_name": "GALVESTON", "county_name": "GALVESTON", "state_code": "TX", "epa_region": "Region 06", "postal_code": "77550", "latitude": 29.295631, "longitude": -94.808011, "pgm_sys_acrnm": "ACRES", "pgm_sys_id": "12005", "fips_code": "", "huc_code": "", "facility_url": "https://ofmpub.epa.gov/apex/cimc/f?p=CIMC:31::::Y,31,0:P31_ID:12005", "dma_county": "Galveston"}}, {"type": "Feature", "id": 26486, "geometry": {"type": "Point", "coordinates": [-94.79666, 29.30652]}, "properties": {"OBJECTID": 26486, "registry_id": "110071970113", "primary_name": "25TH STRAND", "location_address": "25TH AND STRAND", "city_name": "GALVESTON", "county_name": "GALVESTON", "state_code": "TX", "epa_region": "Region 06", "postal_code": "", "latitude": 29.30652, "longitude": -94.79666, "pgm_sys_acrnm": "ACRES", "pgm_sys_id": "12007", "fips_code": "", "huc_code": "", "facility_url": "https://ofmpub.epa.gov/apex/cimc/f?p=CIMC:31::::Y,31,0:P31_ID:12007", "dma_county": "Galveston"}}, {"type": "Feature", "id": 26487, "geometry": {"type": "Point", "coordinates": [-94.808011, 29.295631]}, "properties": {"OBJECTID": 26487, "registry_id": "110071970114", "primary_name": "61ST STREET PROPERTIES", "location_address": "1016 37TH ST", "city_name": "GALVESTON", "county_name": "GALVESTON", "state_code": "TX", "epa_region": "Region 06", "postal_code": "77550", "latitude": 29.295631, "longitude": -94.808011, "pgm_sys_acrnm": "ACRES", "pgm_sys_id": "12008", "fips_code": "", "huc_code": "", "facility_url": "https://ofmpub.epa.gov/apex/cimc/f?p=CIMC:31::::Y,31,0:P31_ID:12008", "dma_county": "Galveston"}}, {"type": "Feature", "id": 26488, "geometry": {"type": "Point", "coordinates": [-94.80308, 29.29728]}, "properties": {"OBJECTID": 26488, "registry_id": "110071970115", "primary_name": "3224 BROADWAY REAR", "location_address": "3224 BROADWAY", "city_name": "GALVESTON", "county_name": "GALVESTON", "state_code": "TX", "epa_region": "Region 06", "postal_code": "", "latitude": 29.29728, "longitude": -94.80308, "pgm_sys_acrnm": "ACRES", "pgm_sys_id": "12009", "fips_code": "", "huc_code": "", "facility_url": "https://ofmpub.epa.gov/apex/cimc/f?p=CIMC:31::::Y,31,0:P31_ID:12009", "dma_county": "Galveston"}}, {"type": "Feature", "id": 26489, "geometry": {"type": "Point", "coordinates": [-94.808011, 29.295631]}, "properties": {"OBJECTID": 26489, "registry_id": "110071970116", "primary_name": "GALVESTON MATERIALS YARD", "location_address": "1016 37TH ST", "city_name": "GALVESTON", "county_name": "GALVESTON", "state_code": "TX", "epa_region": "Region 06", "postal_code": "77550", "latitude": 29.295631, "longitude": -94.808011, "pgm_sys_acrnm": "ACRES", "pgm_sys_id": "12010", "fips_code": "", "huc_code": "", "facility_url": "https://ofmpub.epa.gov/apex/cimc/f?p=CIMC:31::::Y,31,0:P31_ID:12010", "dma_county": "Galveston"}}, {"type": "Feature", "id": 26539, "geometry": {"type": "Point", "coordinates": [-94.82502, 29.29438]}, "properties": {"OBJECTID": 26539, "registry_id": "110071970150", "primary_name": "ESTATE OF WILLIAM R BLACK DECEASED", "location_address": "699 51ST STREET", "city_name": "GALVESTON", "county_name": "GALVESTON", "state_code": "TX", "epa_region": "Region 06", "postal_code": "", "latitude": 29.29438, "longitude": -94.82502, "pgm_sys_acrnm": "ACRES", "pgm_sys_id": "10874", "fips_code": "", "huc_code": "", "facility_url": "https://ofmpub.epa.gov/apex/cimc/f?p=CIMC:31::::Y,31,0:P31_ID:10874", "dma_county": "Galveston"}}, {"type": "Feature", "id": 28550, "geometry": {"type": "Point", "coordinates": [-95.367247, 29.671274]}, "properties": {"OBJECTID": 28550, "registry_id": "110071972142", "primary_name": "EAST END ATHLETIC CLUB", "location_address": "3915 MCKINNEY", "city_name": "HOUSTON", "county_name": "HARRIS", "state_code": "TX", "epa_region": "Region 06", "postal_code": "77023", "latitude": 29.671274, "longitude": -95.367247, "pgm_sys_acrnm": "ACRES", "pgm_sys_id": "239040", "fips_code": "", "huc_code": "", "facility_url": "https://ofmpub.epa.gov/apex/cimc/f?p=CIMC:31::::Y,31,0:P31_ID:239040", "dma_county": "Harris"}}, {"type": "Feature", "id": 28551, "geometry": {"type": "Point", "coordinates": [-95.367247, 29.671274]}, "properties": {"OBJECTID": 28551, "registry_id": "110071972142", "primary_name": "EAST END ATHLETIC CLUB", "location_address": "3915 MCKINNEY", "city_name": "HOUSTON", "county_name": "HARRIS", "state_code": "TX", "epa_region": "Region 06", "postal_code": "77067", "latitude": 29.671274, "longitude": -95.367247, "pgm_sys_acrnm": "ACRES", "pgm_sys_id": "239048", "fips_code": "", "huc_code": "", "facility_url": "https://ofmpub.epa.gov/apex/cimc/f?p=CIMC:31::::Y,31,0:P31_ID:239048", "dma_county": "Harris"}}, {"type": "Feature", "id": 29034, "geometry": {"type": "Point", "coordinates": [-95.33877, 29.7929]}, "properties": {"OBJECTID": 29034, "registry_id": "110071972686", "primary_name": "3016 CACTUS", "location_address": "3016 CACTUS ST", "city_name": "HOUSTON", "county_name": "HARRIS", "state_code": "TX", "epa_region": "Region 06", "postal_code": "77026", "latitude": 29.7929, "longitude": -95.33877, "pgm_sys_acrnm": "ACRES", "pgm_sys_id": "258269", "fips_code": "", "huc_code": "", "facility_url": "https://ofmpub.epa.gov/apex/cimc/f?p=CIMC:31::::Y,31,0:P31_ID:258269", "dma_county": "Harris"}}, {"type": "Feature", "id": 29035, "geometry": {"type": "Point", "coordinates": [-95.3385, 29.79291]}, "properties": {"OBJECTID": 29035, "registry_id": "110071972687", "primary_name": "3027 CACTUS", "location_address": "3027 CACTUS ST", "city_name": "HOUSTON", "county_name": "HARRIS", "state_code": "TX", "epa_region": "Region 06", "postal_code": "77026", "latitude": 29.79291, "longitude": -95.3385, "pgm_sys_acrnm": "ACRES", "pgm_sys_id": "258270", "fips_code": "", "huc_code": "", "facility_url": "https://ofmpub.epa.gov/apex/cimc/f?p=CIMC:31::::Y,31,0:P31_ID:258270", "dma_county": "Harris"}}, {"type": "Feature", "id": 29036, "geometry": {"type": "Point", "coordinates": [-95.33703, 29.79322]}, "properties": {"OBJECTID": 29036, "registry_id": "110071972688", "primary_name": "3202 CACTUS", "location_address": "3202 CACTUS ST", "city_name": "HOUSTON", "county_name": "HARRIS", "state_code": "TX", "epa_region": "Region 06", "postal_code": "77026", "latitude": 29.79322, "longitude": -95.33703, "pgm_sys_acrnm": "ACRES", "pgm_sys_id": "258271", "fips_code": "", "huc_code": "", "facility_url": "https://ofmpub.epa.gov/apex/cimc/f?p=CIMC:31::::Y,31,0:P31_ID:258271", "dma_county": "Harris"}}, {"type": "Feature", "id": 29037, "geometry": {"type": "Point", "coordinates": [-95.32656, 29.78952]}, "properties": {"OBJECTID": 29037, "registry_id": "110071972689", "primary_name": "3101 KIRK ST", "location_address": "3101 KIRK ST", "city_name": "HOUSTON", "county_name": "HARRIS", "state_code": "TX", "epa_region": "Region 06", "postal_code": "77026", "latitude": 29.78952, "longitude": -95.32656, "pgm_sys_acrnm": "ACRES", "pgm_sys_id": "258272", "fips_code": "", "huc_code": "", "facility_url": "https://ofmpub.epa.gov/apex/cimc/f?p=CIMC:31::::Y,31,0:P31_ID:258272", "dma_county": "Harris"}}, {"type": "Feature", "id": 29038, "geometry": {"type": "Point", "coordinates": [-95.32656, 29.78952]}, "properties": {"OBJECTID": 29038, "registry_id": "110071972690", "primary_name": "3102 KIRK ST", "location_address": "3102 KIRK ST", "city_name": "HOUSTON", "county_name": "HARRIS", "state_code": "TX", "epa_region": "Region 06", "postal_code": "77026", "latitude": 29.78952, "longitude": -95.32656, "pgm_sys_acrnm": "ACRES", "pgm_sys_id": "258273", "fips_code": "", "huc_code": "", "facility_url": "https://ofmpub.epa.gov/apex/cimc/f?p=CIMC:31::::Y,31,0:P31_ID:258273", "dma_county": "Harris"}}, {"type": "Feature", "id": 29039, "geometry": {"type": "Point", "coordinates": [-95.33687, 29.78881]}, "properties": {"OBJECTID": 29039, "registry_id": "110071972691", "primary_name": "3204 LELIA", "location_address": "3204 LELIA ST", "city_name": "HOUSTON", "county_name": "HARRIS", "state_code": "TX", "epa_region": "Region 06", "postal_code": "77026", "latitude": 29.78881, "longitude": -95.33687, "pgm_sys_acrnm": "ACRES", "pgm_sys_id": "258274", "fips_code": "", "huc_code": "", "facility_url": "https://ofmpub.epa.gov/apex/cimc/f?p=CIMC:31::::Y,31,0:P31_ID:258274", "dma_county": "Harris"}}, {"type": "Feature", "id": 29040, "geometry": {"type": "Point", "coordinates": [-95.33346, 29.78893]}, "properties": {"OBJECTID": 29040, "registry_id": "110071972692", "primary_name": "3711 LELIA ST", "location_address": "3711 LELIA ST", "city_name": "HOUSTON", "county_name": "HARRIS", "state_code": "TX", "epa_region": "Region 06", "postal_code": "77026", "latitude": 29.78893, "longitude": -95.33346, "pgm_sys_acrnm": "ACRES", "pgm_sys_id": "258275", "fips_code": "", "huc_code": "", "facility_url": "https://ofmpub.epa.gov/apex/cimc/f?p=CIMC:31::::Y,31,0:P31_ID:258275", "dma_county": "Harris"}}, {"type": "Feature", "id": 29041, "geometry": {"type": "Point", "coordinates": [-95.32394, 29.78956]}, "properties": {"OBJECTID": 29041, "registry_id": "110071972693", "primary_name": "0 LUCILLE 2", "location_address": "0 LUCILLE ST", "city_name": "HOUSTON", "county_name": "HARRIS", "state_code": "TX", "epa_region": "Region 06", "postal_code": "77026", "latitude": 29.78956, "longitude": -95.32394, "pgm_sys_acrnm": "ACRES", "pgm_sys_id": "258276", "fips_code": "", "huc_code": "", "facility_url": "https://ofmpub.epa.gov/apex/cimc/f?p=CIMC:31::::Y,31,0:P31_ID:258276", "dma_county": "Harris"}}, {"type": "Feature", "id": 29042, "geometry": {"type": "Point", "coordinates": [-95.33333, 29.78962]}, "properties": {"OBJECTID": 29042, "registry_id": "110071972694", "primary_name": "3714 LUCILLE", "location_address": "3714 LUCILLE ST", "city_name": "HOUSTON", "county_name": "HARRIS", "state_code": "TX", "epa_region": "Region 06", "postal_code": "77026", "latitude": 29.78962, "longitude": -95.33333, "pgm_sys_acrnm": "ACRES", "pgm_sys_id": "258277", "fips_code": "", "huc_code": "", "facility_url": "https://ofmpub.epa.gov/apex/cimc/f?p=CIMC:31::::Y,31,0:P31_ID:258277", "dma_county": "Harris"}}, {"type": "Feature", "id": 29043, "geometry": {"type": "Point", "coordinates": [-95.32394, 29.78956]}, "properties": {"OBJECTID": 29043, "registry_id": "110071972695", "primary_name": "COMFORT PLACE 0 LUCILLE ST", "location_address": "0 LUCILLE ST", "city_name": "HOUSTON", "county_name": "HARRIS", "state_code": "TX", "epa_region": "Region 06", "postal_code": "77026", "latitude": 29.78956, "longitude": -95.32394, "pgm_sys_acrnm": "ACRES", "pgm_sys_id": "258278", "fips_code": "", "huc_code": "", "facility_url": "https://ofmpub.epa.gov/apex/cimc/f?p=CIMC:31::::Y,31,0:P31_ID:258278", "dma_county": "Harris"}}, {"type": "Feature", "id": 29044, "geometry": {"type": "Point", "coordinates": [-95.33837, 29.78522]}, "properties": {"OBJECTID": 29044, "registry_id": "110071972696", "primary_name": "0 DES CHAUMES", "location_address": "0 DES CHAUMES ST", "city_name": "HOUSTON", "county_name": "HARRIS", "state_code": "TX", "epa_region": "Region 06", "postal_code": "77026", "latitude": 29.78522, "longitude": -95.33837, "pgm_sys_acrnm": "ACRES", "pgm_sys_id": "258279", "fips_code": "", "huc_code": "", "facility_url": "https://ofmpub.epa.gov/apex/cimc/f?p=CIMC:31::::Y,31,0:P31_ID:258279", "dma_county": "Harris"}}, {"type": "Feature", "id": 29045, "geometry": {"type": "Point", "coordinates": [-95.32937, 29.7829]}, "properties": {"OBJECTID": 29045, "registry_id": "110071972697", "primary_name": "0 LEFFINGWELL", "location_address": "0 LEFFINGWELL ST", "city_name": "HOUSTON", "county_name": "HARRIS", "state_code": "TX", "epa_region": "Region 06", "postal_code": "77026", "latitude": 29.7829, "longitude": -95.32937, "pgm_sys_acrnm": "ACRES", "pgm_sys_id": "258280", "fips_code": "", "huc_code": "", "facility_url": "https://ofmpub.epa.gov/apex/cimc/f?p=CIMC:31::::Y,31,0:P31_ID:258280", "dma_county": "Harris"}}, {"type": "Feature", "id": 29046, "geometry": {"type": "Point", "coordinates": [-95.32697, 29.7906]}, "properties": {"OBJECTID": 29046, "registry_id": "110071972698", "primary_name": "0 STAMP", "location_address": "0 STAMP ST", "city_name": "HOUSTON", "county_name": "HARRIS", "state_code": "TX", "epa_region": "Region 06", "postal_code": "77026", "latitude": 29.7906, "longitude": -95.32697, "pgm_sys_acrnm": "ACRES", "pgm_sys_id": "258281", "fips_code": "", "huc_code": "", "facility_url": "https://ofmpub.epa.gov/apex/cimc/f?p=CIMC:31::::Y,31,0:P31_ID:258281", "dma_county": "Harris"}}, {"type": "Feature", "id": 29047, "geometry": {"type": "Point", "coordinates": [-95.33775, 29.79251]}, "properties": {"OBJECTID": 29047, "registry_id": "110071972699", "primary_name": "3115 BRILL ST", "location_address": "3115 BRILL ST", "city_name": "HOUSTON", "county_name": "HARRIS", "state_code": "TX", "epa_region": "Region 06", "postal_code": "77026", "latitude": 29.79251, "longitude": -95.33775, "pgm_sys_acrnm": "ACRES", "pgm_sys_id": "258282", "fips_code": "", "huc_code": "", "facility_url": "https://ofmpub.epa.gov/apex/cimc/f?p=CIMC:31::::Y,31,0:P31_ID:258282", "dma_county": "Harris"}}, {"type": "Feature", "id": 29295, "geometry": {"type": "Point", "coordinates": [-95.31907, 29.74908]}, "properties": {"OBJECTID": 29295, "registry_id": "110071972978", "primary_name": "WATCO 5401 NAVIGATION", "location_address": "5401 NAVIGATION BLVD", "city_name": "HOUSTON", "county_name": "HARRIS", "state_code": "TX", "epa_region": "Region 06", "postal_code": "77011", "latitude": 29.74908, "longitude": -95.31907, "pgm_sys_acrnm": "ACRES", "pgm_sys_id": "228401", "fips_code": "", "huc_code": "", "facility_url": "https://ofmpub.epa.gov/apex/cimc/f?p=CIMC:31::::Y,31,0:P31_ID:228401", "dma_county": "Harris"}}, {"type": "Feature", "id": 29978, "geometry": {"type": "Point", "coordinates": [-95.33678, 29.79107]}, "properties": {"OBJECTID": 29978, "registry_id": "110071973676", "primary_name": "3210 ROLAND ST", "location_address": "3210 ROLAND ST", "city_name": "HOUSTON", "county_name": "HARRIS", "state_code": "TX", "epa_region": "Region 06", "postal_code": "77026", "latitude": 29.79107, "longitude": -95.33678, "pgm_sys_acrnm": "ACRES", "pgm_sys_id": "258283", "fips_code": "", "huc_code": "", "facility_url": "https://ofmpub.epa.gov/apex/cimc/f?p=CIMC:31::::Y,31,0:P31_ID:258283", "dma_county": "Harris"}}, {"type": "Feature", "id": 29979, "geometry": {"type": "Point", "coordinates": [-95.32574, 29.79087]}, "properties": {"OBJECTID": 29979, "registry_id": "110071973677", "primary_name": "3306 WAYNE ST GRANT PARK", "location_address": "3306 WAYNE ST", "city_name": "HOUSTON", "county_name": "HARRIS", "state_code": "TX", "epa_region": "Region 06", "postal_code": "77026", "latitude": 29.79087, "longitude": -95.32574, "pgm_sys_acrnm": "ACRES", "pgm_sys_id": "258284", "fips_code": "", "huc_code": "", "facility_url": "https://ofmpub.epa.gov/apex/cimc/f?p=CIMC:31::::Y,31,0:P31_ID:258284", "dma_county": "Harris"}}, {"type": "Feature", "id": 29980, "geometry": {"type": "Point", "coordinates": [-95.33721, 29.79295]}, "properties": {"OBJECTID": 29980, "registry_id": "110071973678", "primary_name": "3307 BREWSTER ST", "location_address": "3307 BREWSTER ST", "city_name": "HOUSTON", "county_name": "HARRIS", "state_code": "TX", "epa_region": "Region 06", "postal_code": "77026", "latitude": 29.79295, "longitude": -95.33721, "pgm_sys_acrnm": "ACRES", "pgm_sys_id": "258285", "fips_code": "", "huc_code": "", "facility_url": "https://ofmpub.epa.gov/apex/cimc/f?p=CIMC:31::::Y,31,0:P31_ID:258285", "dma_county": "Harris"}}, {"type": "Feature", "id": 30871, "geometry": {"type": "Point", "coordinates": [-94.80434, 29.30072]}, "properties": {"OBJECTID": 30871, "registry_id": "110071974640", "primary_name": "SHIELD PARK", "location_address": "3228 CHURCH ST", "city_name": "GALVESTON", "county_name": "GALVESTON", "state_code": "TX", "epa_region": "Region 06", "postal_code": "77550", "latitude": 29.30072, "longitude": -94.80434, "pgm_sys_acrnm": "ACRES", "pgm_sys_id": "257143", "fips_code": "", "huc_code": "", "facility_url": "https://ofmpub.epa.gov/apex/cimc/f?p=CIMC:31::::Y,31,0:P31_ID:257143", "dma_county": "Galveston"}}, {"type": "Feature", "id": 31494, "geometry": {"type": "Point", "coordinates": [-95.33024, 29.75359]}, "properties": {"OBJECTID": 31494, "registry_id": "110071975308", "primary_name": "LOCKWOOD SITE", "location_address": "0 DRENNAN STREET", "city_name": "HOUSTON", "county_name": "HARRIS", "state_code": "TX", "epa_region": "Region 06", "postal_code": "77011", "latitude": 29.75359, "longitude": -95.33024, "pgm_sys_acrnm": "ACRES", "pgm_sys_id": "243550", "fips_code": "", "huc_code": "", "facility_url": "https://ofmpub.epa.gov/apex/cimc/f?p=CIMC:31::::Y,31,0:P31_ID:243550", "dma_county": "Harris"}}, {"type": "Feature", "id": 31497, "geometry": {"type": "Point", "coordinates": [-95.31507, 29.78498]}, "properties": {"OBJECTID": 31497, "registry_id": "110071975311", "primary_name": "CHEW STREET PROPERTY", "location_address": "2600 CHEW STREET", "city_name": "HOUSTON", "county_name": "HARRIS", "state_code": "TX", "epa_region": "Region 06", "postal_code": "77020", "latitude": 29.78498, "longitude": -95.31507, "pgm_sys_acrnm": "ACRES", "pgm_sys_id": "243555", "fips_code": "", "huc_code": "", "facility_url": "https://ofmpub.epa.gov/apex/cimc/f?p=CIMC:31::::Y,31,0:P31_ID:243555", "dma_county": "Harris"}}, {"type": "Feature", "id": 31751, "geometry": {"type": "Point", "coordinates": [-96.10425, 29.79232]}, "properties": {"OBJECTID": 31751, "registry_id": "110071975611", "primary_name": "VILLA DEL RAY", "location_address": "4000 AVENUE A", "city_name": "AUSTIN", "county_name": "TRAVIS", "state_code": "TX", "epa_region": "Region 06", "postal_code": "78751", "latitude": 29.79232, "longitude": -96.10425, "pgm_sys_acrnm": "ACRES", "pgm_sys_id": "255595", "fips_code": "", "huc_code": "", "facility_url": "https://ofmpub.epa.gov/apex/cimc/f?p=CIMC:31::::Y,31,0:P31_ID:255595", "dma_county": "Austin"}}, {"type": "Feature", "id": 31753, "geometry": {"type": "Point", "coordinates": [-96.10391, 29.792188]}, "properties": {"OBJECTID": 31753, "registry_id": "110071975613", "primary_name": "MIDWAY APARTMENTS", "location_address": "4100 AVENUE A", "city_name": "AUSTIN", "county_name": "TRAVIS", "state_code": "TX", "epa_region": "Region 06", "postal_code": "78751", "latitude": 29.792188, "longitude": -96.10391, "pgm_sys_acrnm": "ACRES", "pgm_sys_id": "255597", "fips_code": "", "huc_code": "", "facility_url": "https://ofmpub.epa.gov/apex/cimc/f?p=CIMC:31::::Y,31,0:P31_ID:255597", "dma_county": "Austin"}}, {"type": "Feature", "id": 31763, "geometry": {"type": "Point", "coordinates": [-95.35211, 29.79024]}, "properties": {"OBJECTID": 31763, "registry_id": "110071975627", "primary_name": "YELLOW CAB SITE", "location_address": "3201 HARDY STREET", "city_name": "HOUSTON", "county_name": "HARRIS", "state_code": "TX", "epa_region": "Region 06", "postal_code": "77009", "latitude": 29.79024, "longitude": -95.35211, "pgm_sys_acrnm": "ACRES", "pgm_sys_id": "256274", "fips_code": "", "huc_code": "", "facility_url": "https://ofmpub.epa.gov/apex/cimc/f?p=CIMC:31::::Y,31,0:P31_ID:256274", "dma_county": "Harris"}}, {"type": "Feature", "id": 32041, "geometry": {"type": "Point", "coordinates": [-96.27635, 29.19261]}, "properties": {"OBJECTID": 32041, "registry_id": "110071975959", "primary_name": "FOREMOST DAIRY", "location_address": "711 W JACKSON ST", "city_name": "EL CAMPO", "county_name": "WHARTON", "state_code": "TX", "epa_region": "Region 06", "postal_code": "77437", "latitude": 29.19261, "longitude": -96.27635, "pgm_sys_acrnm": "ACRES", "pgm_sys_id": "219781", "fips_code": "", "huc_code": "", "facility_url": "https://ofmpub.epa.gov/apex/cimc/f?p=CIMC:31::::Y,31,0:P31_ID:219781", "dma_county": "Wharton"}}, {"type": "Feature", "id": 32175, "geometry": {"type": "Point", "coordinates": [-95.33661, 29.65748]}, "properties": {"OBJECTID": 32175, "registry_id": "110071976074", "primary_name": "8626 MARTIN LUTHER KING JR BLVD", "location_address": "8626 MARTIN LUTHER KING JR BLVD", "city_name": "HOUSTON", "county_name": "HARRIS", "state_code": "TX", "epa_region": "Region 06", "postal_code": "77033", "latitude": 29.65748, "longitude": -95.33661, "pgm_sys_acrnm": "ACRES", "pgm_sys_id": "235746", "fips_code": "", "huc_code": "", "facility_url": "https://ofmpub.epa.gov/apex/cimc/f?p=CIMC:31::::Y,31,0:P31_ID:235746", "dma_county": "Harris"}}, {"type": "Feature", "id": 32176, "geometry": {"type": "Point", "coordinates": [-95.35342, 29.68958]}, "properties": {"OBJECTID": 32176, "registry_id": "110071976075", "primary_name": "6731 CULLEN BLVD", "location_address": "6731 CULLEN BLVD", "city_name": "HOUSTON", "county_name": "HARRIS", "state_code": "TX", "epa_region": "Region 06", "postal_code": "77021", "latitude": 29.68958, "longitude": -95.35342, "pgm_sys_acrnm": "ACRES", "pgm_sys_id": "235747", "fips_code": "", "huc_code": "", "facility_url": "https://ofmpub.epa.gov/apex/cimc/f?p=CIMC:31::::Y,31,0:P31_ID:235747", "dma_county": "Harris"}}, {"type": "Feature", "id": 32181, "geometry": {"type": "Point", "coordinates": [-95.32345, 29.76547]}, "properties": {"OBJECTID": 32181, "registry_id": "110071976080", "primary_name": "4618 CLINTON DRIVE", "location_address": "4618 CLINTON DRIVE", "city_name": "HOUSTON", "county_name": "HARRIS", "state_code": "TX", "epa_region": "Region 06", "postal_code": "77020", "latitude": 29.76547, "longitude": -95.32345, "pgm_sys_acrnm": "ACRES", "pgm_sys_id": "235752", "fips_code": "", "huc_code": "", "facility_url": "https://ofmpub.epa.gov/apex/cimc/f?p=CIMC:31::::Y,31,0:P31_ID:235752", "dma_county": "Harris"}}, {"type": "Feature", "id": 32182, "geometry": {"type": "Point", "coordinates": [-95.32581, 29.76465]}, "properties": {"OBJECTID": 32182, "registry_id": "110071976081", "primary_name": "JAPHET CREEK OHMART", "location_address": "0 IDA STREET", "city_name": "HOUSTON", "county_name": "HARRIS", "state_code": "TX", "epa_region": "Region 06", "postal_code": "77020", "latitude": 29.76465, "longitude": -95.32581, "pgm_sys_acrnm": "ACRES", "pgm_sys_id": "235753", "fips_code": "", "huc_code": "", "facility_url": "https://ofmpub.epa.gov/apex/cimc/f?p=CIMC:31::::Y,31,0:P31_ID:235753", "dma_county": "Harris"}}, {"type": "Feature", "id": 34683, "geometry": {"type": "Point", "coordinates": [-95.27292, 29.81246]}, "properties": {"OBJECTID": 34683, "registry_id": "110071978821", "primary_name": "THE FOREST", "location_address": "0 MANTON ST", "city_name": "HOUSTON", "county_name": "HARRIS", "state_code": "TX", "epa_region": "Region 06", "postal_code": "77028", "latitude": 29.81246, "longitude": -95.27292, "pgm_sys_acrnm": "ACRES", "pgm_sys_id": "263347", "fips_code": "", "huc_code": "", "facility_url": "https://ofmpub.epa.gov/apex/cimc/f?p=CIMC:31::::Y,31,0:P31_ID:263347", "dma_county": "Harris"}}, {"type": "Feature", "id": 36340, "geometry": {"type": "Point", "coordinates": [-95.35281, 29.78336]}, "properties": {"OBJECTID": 36340, "registry_id": "110071980619", "primary_name": "1503 QUITMAN", "location_address": "1503 QUITMAN ST", "city_name": "HOUSTON", "county_name": "HARRIS", "state_code": "TX", "epa_region": "Region 06", "postal_code": "77009", "latitude": 29.78336, "longitude": -95.35281, "pgm_sys_acrnm": "ACRES", "pgm_sys_id": "256587", "fips_code": "", "huc_code": "", "facility_url": "https://ofmpub.epa.gov/apex/cimc/f?p=CIMC:31::::Y,31,0:P31_ID:256587", "dma_county": "Harris"}}, {"type": "Feature", "id": 38153, "geometry": {"type": "Point", "coordinates": [-95.3493, 29.76139]}, "properties": {"OBJECTID": 38153, "registry_id": "110071982622", "primary_name": "HOUSTON SOUTH CANAL SEGMENT", "location_address": "INTERSECTION OF WEST DRIVE AND RUNNELS STREET", "city_name": "HOUSTON", "county_name": "HARRIS", "state_code": "TX", "epa_region": "Region 06", "postal_code": "77003", "latitude": 29.76139, "longitude": -95.3493, "pgm_sys_acrnm": "ACRES", "pgm_sys_id": "257468", "fips_code": "", "huc_code": "", "facility_url": "https://ofmpub.epa.gov/apex/cimc/f?p=CIMC:31::::Y,31,0:P31_ID:257468", "dma_county": "Harris"}}, {"type": "Feature", "id": 38154, "geometry": {"type": "Point", "coordinates": [-95.35207, 29.76738]}, "properties": {"OBJECTID": 38154, "registry_id": "110071982625", "primary_name": "HOUSTON METRO EAST NORTH CANAL SEGMENT", "location_address": "MCKEE STREET AND STERRETT STREET", "city_name": "HOUSTON", "county_name": "HARRIS", "state_code": "TX", "epa_region": "Region 06", "postal_code": "77002", "latitude": 29.76738, "longitude": -95.35207, "pgm_sys_acrnm": "ACRES", "pgm_sys_id": "257471", "fips_code": "", "huc_code": "", "facility_url": "https://ofmpub.epa.gov/apex/cimc/f?p=CIMC:31::::Y,31,0:P31_ID:257471", "dma_county": "Harris"}}, {"type": "Feature", "id": 38234, "geometry": {"type": "Point", "coordinates": [-95.39445, 29.83055]}, "properties": {"OBJECTID": 38234, "registry_id": "110071982721", "primary_name": "RESIDENTIAL DWELLINGS", "location_address": "410 EAST WHITNEY AVE", "city_name": "HOUSTON", "county_name": "HARRIS", "state_code": "TX", "epa_region": "Region 06", "postal_code": "77022", "latitude": 29.83055, "longitude": -95.39445, "pgm_sys_acrnm": "ACRES", "pgm_sys_id": "260492", "fips_code": "", "huc_code": "", "facility_url": "https://ofmpub.epa.gov/apex/cimc/f?p=CIMC:31::::Y,31,0:P31_ID:260492", "dma_county": "Harris"}}, {"type": "Feature", "id": 38461, "geometry": {"type": "Point", "coordinates": [-96.15855, 29.77536]}, "properties": {"OBJECTID": 38461, "registry_id": "110071982984", "primary_name": "THE SALVATION ARMY CENTER AND SOCIAL SERVICES CENTER", "location_address": "501 E 8TH", "city_name": "AUSTIN", "county_name": "TRAVIS", "state_code": "TX", "epa_region": "Region 06", "postal_code": "78702", "latitude": 29.77536, "longitude": -96.15855, "pgm_sys_acrnm": "ACRES", "pgm_sys_id": "231122", "fips_code": "", "huc_code": "", "facility_url": "https://ofmpub.epa.gov/apex/cimc/f?p=CIMC:31::::Y,31,0:P31_ID:231122", "dma_county": "Austin"}}, {"type": "Feature", "id": 39918, "geometry": {"type": "Point", "coordinates": [-95.32678, 29.74327]}, "properties": {"OBJECTID": 39918, "registry_id": "110071984589", "primary_name": "4815 HARRISBURG", "location_address": "4815 HARRISBURG BLVD", "city_name": "HOUSTON", "county_name": "HARRIS", "state_code": "TX", "epa_region": "Region 06", "postal_code": "77011", "latitude": 29.74327, "longitude": -95.32678, "pgm_sys_acrnm": "ACRES", "pgm_sys_id": "257595", "fips_code": "", "huc_code": "", "facility_url": "https://ofmpub.epa.gov/apex/cimc/f?p=CIMC:31::::Y,31,0:P31_ID:257595", "dma_county": "Harris"}}, {"type": "Feature", "id": 39919, "geometry": {"type": "Point", "coordinates": [-95.32754, 29.74339]}, "properties": {"OBJECTID": 39919, "registry_id": "110071984590", "primary_name": "HARRISBURG BURR", "location_address": "4801 HARRISBURG BLVD", "city_name": "HOUSTON", "county_name": "HARRIS", "state_code": "TX", "epa_region": "Region 06", "postal_code": "77011", "latitude": 29.74339, "longitude": -95.32754, "pgm_sys_acrnm": "ACRES", "pgm_sys_id": "257596", "fips_code": "", "huc_code": "", "facility_url": "https://ofmpub.epa.gov/apex/cimc/f?p=CIMC:31::::Y,31,0:P31_ID:257596", "dma_county": "Harris"}}, {"type": "Feature", "id": 39920, "geometry": {"type": "Point", "coordinates": [-95.28541, 29.7305]}, "properties": {"OBJECTID": 39920, "registry_id": "110071984591", "primary_name": "ILA", "location_address": "7811 HARRISBURG BLVD", "city_name": "HOUSTON", "county_name": "HARRIS", "state_code": "TX", "epa_region": "Region 06", "postal_code": "77012", "latitude": 29.7305, "longitude": -95.28541, "pgm_sys_acrnm": "ACRES", "pgm_sys_id": "257597", "fips_code": "", "huc_code": "", "facility_url": "https://ofmpub.epa.gov/apex/cimc/f?p=CIMC:31::::Y,31,0:P31_ID:257597", "dma_county": "Harris"}}, {"type": "Feature", "id": 39921, "geometry": {"type": "Point", "coordinates": [-95.34458, 29.75785]}, "properties": {"OBJECTID": 39921, "registry_id": "110071984592", "primary_name": "0 N CHARLES", "location_address": "0 NORTH ST CHARLES STREET", "city_name": "HOUSTON", "county_name": "HARRIS", "state_code": "TX", "epa_region": "Region 06", "postal_code": "77003", "latitude": 29.75785, "longitude": -95.34458, "pgm_sys_acrnm": "ACRES", "pgm_sys_id": "257598", "fips_code": "", "huc_code": "", "facility_url": "https://ofmpub.epa.gov/apex/cimc/f?p=CIMC:31::::Y,31,0:P31_ID:257598", "dma_county": "Harris"}}, {"type": "Feature", "id": 39922, "geometry": {"type": "Point", "coordinates": [-95.29823, 29.74359]}, "properties": {"OBJECTID": 39922, "registry_id": "110071984593", "primary_name": "0 NAVIGATION", "location_address": "0 NAVIGATION BLVD", "city_name": "HOUSTON", "county_name": "HARRIS", "state_code": "TX", "epa_region": "Region 06", "postal_code": "77011", "latitude": 29.74359, "longitude": -95.29823, "pgm_sys_acrnm": "ACRES", "pgm_sys_id": "257600", "fips_code": "", "huc_code": "", "facility_url": "https://ofmpub.epa.gov/apex/cimc/f?p=CIMC:31::::Y,31,0:P31_ID:257600", "dma_county": "Harris"}}, {"type": "Feature", "id": 40166, "geometry": {"type": "Point", "coordinates": [-95.43648, 29.96108]}, "properties": {"OBJECTID": 40166, "registry_id": "110071984884", "primary_name": "NORTH HOUSTON TIRE SITE", "location_address": "0 SPEARS ROAD", "city_name": "HOUSTON", "county_name": "HARRIS", "state_code": "TX", "epa_region": "Region 06", "postal_code": "77067", "latitude": 29.96108, "longitude": -95.43648, "pgm_sys_acrnm": "ACRES", "pgm_sys_id": "227601", "fips_code": "", "huc_code": "", "facility_url": "https://ofmpub.epa.gov/apex/cimc/f?p=CIMC:31::::Y,31,0:P31_ID:227601", "dma_county": "Harris"}}, {"type": "Feature", "id": 41077, "geometry": {"type": "Point", "coordinates": [-95.3156, 29.74786]}, "properties": {"OBJECTID": 41077, "registry_id": "110071985869", "primary_name": "WATCO 5803 NAVIGATION", "location_address": "5803 NAVIGATION BLVD", "city_name": "HOUSTON", "county_name": "HARRIS", "state_code": "TX", "epa_region": "Region 06", "postal_code": "77011", "latitude": 29.74786, "longitude": -95.3156, "pgm_sys_acrnm": "ACRES", "pgm_sys_id": "227801", "fips_code": "", "huc_code": "", "facility_url": "https://ofmpub.epa.gov/apex/cimc/f?p=CIMC:31::::Y,31,0:P31_ID:227801", "dma_county": "Harris"}}, {"type": "Feature", "id": 41208, "geometry": {"type": "Point", "coordinates": [-95.44553, 29.87951]}, "properties": {"OBJECTID": 41208, "registry_id": "110071985999", "primary_name": "9412 W MONTGOMERY RD", "location_address": "9412 W MONTGOMERY RD", "city_name": "HOUSTON", "county_name": "HARRIS", "state_code": "TX", "epa_region": "Region 06", "postal_code": "77088", "latitude": 29.87951, "longitude": -95.44553, "pgm_sys_acrnm": "ACRES", "pgm_sys_id": "236815", "fips_code": "", "huc_code": "", "facility_url": "https://ofmpub.epa.gov/apex/cimc/f?p=CIMC:31::::Y,31,0:P31_ID:236815", "dma_county": "Harris"}}, {"type": "Feature", "id": 41452, "geometry": {"type": "Point", "coordinates": [-95.33515, 29.77887]}, "properties": {"OBJECTID": 41452, "registry_id": "110071986242", "primary_name": "3416 RAWLEY STREET", "location_address": "3416 RAWLEY STREET", "city_name": "HOUSTON", "county_name": "HARRIS", "state_code": "TX", "epa_region": "Region 06", "postal_code": "77020", "latitude": 29.77887, "longitude": -95.33515, "pgm_sys_acrnm": "ACRES", "pgm_sys_id": "245030", "fips_code": "", "huc_code": "", "facility_url": "https://ofmpub.epa.gov/apex/cimc/f?p=CIMC:31::::Y,31,0:P31_ID:245030", "dma_county": "Harris"}}, {"type": "Feature", "id": 41453, "geometry": {"type": "Point", "coordinates": [-95.34311, 29.76801]}, "properties": {"OBJECTID": 41453, "registry_id": "110071986244", "primary_name": "LYONS JENSON", "location_address": "0 JENSON DRIVE", "city_name": "HOUSTON", "county_name": "HARRIS", "state_code": "TX", "epa_region": "Region 06", "postal_code": "77020", "latitude": 29.76801, "longitude": -95.34311, "pgm_sys_acrnm": "ACRES", "pgm_sys_id": "245032", "fips_code": "", "huc_code": "", "facility_url": "https://ofmpub.epa.gov/apex/cimc/f?p=CIMC:31::::Y,31,0:P31_ID:245032", "dma_county": "Harris"}}, {"type": "Feature", "id": 41454, "geometry": {"type": "Point", "coordinates": [-95.3469, 29.77158]}, "properties": {"OBJECTID": 41454, "registry_id": "110071986245", "primary_name": "LYONS MYSTIC", "location_address": "0 LYONS AVENUE", "city_name": "HOUSTON", "county_name": "HARRIS", "state_code": "TX", "epa_region": "Region 06", "postal_code": "77020", "latitude": 29.77158, "longitude": -95.3469, "pgm_sys_acrnm": "ACRES", "pgm_sys_id": "245033", "fips_code": "", "huc_code": "", "facility_url": "https://ofmpub.epa.gov/apex/cimc/f?p=CIMC:31::::Y,31,0:P31_ID:245033", "dma_county": "Harris"}}, {"type": "Feature", "id": 41700, "geometry": {"type": "Point", "coordinates": [-95.34666, 29.77855]}, "properties": {"OBJECTID": 41700, "registry_id": "110071986530", "primary_name": "0 MARY ST", "location_address": "0 MARY ST", "city_name": "HOUSTON", "county_name": "HARRIS", "state_code": "TX", "epa_region": "Region 06", "postal_code": "77026", "latitude": 29.77855, "longitude": -95.34666, "pgm_sys_acrnm": "ACRES", "pgm_sys_id": "257632", "fips_code": "", "huc_code": "", "facility_url": "https://ofmpub.epa.gov/apex/cimc/f?p=CIMC:31::::Y,31,0:P31_ID:257632", "dma_county": "Harris"}}, {"type": "Feature", "id": 41703, "geometry": {"type": "Point", "coordinates": [-95.337686, 29.80421]}, "properties": {"OBJECTID": 41703, "registry_id": "110071986533", "primary_name": "3111 LEBADIE", "location_address": "3111 LE BADIE ST", "city_name": "HOUSTON", "county_name": "HARRIS", "state_code": "TX", "epa_region": "Region 06", "postal_code": "77026", "latitude": 29.80421, "longitude": -95.337686, "pgm_sys_acrnm": "ACRES", "pgm_sys_id": "257635", "fips_code": "", "huc_code": "", "facility_url": "https://ofmpub.epa.gov/apex/cimc/f?p=CIMC:31::::Y,31,0:P31_ID:257635", "dma_county": "Harris"}}, {"type": "Feature", "id": 41938, "geometry": {"type": "Point", "coordinates": [-95.32529, 29.72288]}, "properties": {"OBJECTID": 41938, "registry_id": "110071986812", "primary_name": "HOUSTON COATING", "location_address": "1923 KOLFAHL STREET", "city_name": "HOUSTON", "county_name": "HARRIS", "state_code": "TX", "epa_region": "Region 06", "postal_code": "77023", "latitude": 29.72288, "longitude": -95.32529, "pgm_sys_acrnm": "ACRES", "pgm_sys_id": "219082", "fips_code": "", "huc_code": "", "facility_url": "https://ofmpub.epa.gov/apex/cimc/f?p=CIMC:31::::Y,31,0:P31_ID:219082", "dma_county": "Harris"}}, {"type": "Feature", "id": 41939, "geometry": {"type": "Point", "coordinates": [-95.36013, 29.737]}, "properties": {"OBJECTID": 41939, "registry_id": "110071986813", "primary_name": "ANDERSON CLAUDE SITE", "location_address": "2604 MCGOWEN STREET", "city_name": "HOUSTON", "county_name": "HARRIS", "state_code": "TX", "epa_region": "Region 06", "postal_code": "77004", "latitude": 29.737, "longitude": -95.36013, "pgm_sys_acrnm": "ACRES", "pgm_sys_id": "219083", "fips_code": "", "huc_code": "", "facility_url": "https://ofmpub.epa.gov/apex/cimc/f?p=CIMC:31::::Y,31,0:P31_ID:219083", "dma_county": "Harris"}}, {"type": "Feature", "id": 41940, "geometry": {"type": "Point", "coordinates": [-95.28385, 29.73646]}, "properties": {"OBJECTID": 41940, "registry_id": "110071986814", "primary_name": "NORMCO", "location_address": "900 78TH STREET", "city_name": "HOUSTON", "county_name": "HARRIS", "state_code": "TX", "epa_region": "Region 06", "postal_code": "77012", "latitude": 29.73646, "longitude": -95.28385, "pgm_sys_acrnm": "ACRES", "pgm_sys_id": "219084", "fips_code": "", "huc_code": "", "facility_url": "https://ofmpub.epa.gov/apex/cimc/f?p=CIMC:31::::Y,31,0:P31_ID:219084", "dma_county": "Harris"}}, {"type": "Feature", "id": 43304, "geometry": {"type": "Point", "coordinates": [-94.80684, 29.292182]}, "properties": {"OBJECTID": 43304, "registry_id": "110072114939", "primary_name": "LA MORGAN SCHOOL", "location_address": "1410 37TH STREET", "city_name": "GALVESTON", "county_name": "GALVESTON", "state_code": "TX", "epa_region": "Region 06", "postal_code": "77550", "latitude": 29.292182, "longitude": -94.80684, "pgm_sys_acrnm": "ACRES", "pgm_sys_id": "268549", "fips_code": "", "huc_code": "", "facility_url": "https://ofmpub.epa.gov/apex/cimc/f?p=CIMC:31::::Y,31,0:P31_ID:268549", "dma_county": "Galveston"}}, {"type": "Feature", "id": 43724, "geometry": {"type": "Point", "coordinates": [-95.27504, 29.81753]}, "properties": {"OBJECTID": 43724, "registry_id": "110072152038", "primary_name": "5926 BOBBY BURNS", "location_address": "5926 BOBBY BURNS", "city_name": "HOUSTON", "county_name": "HARRIS", "state_code": "TX", "epa_region": "Region 06", "postal_code": "77028", "latitude": 29.81753, "longitude": -95.27504, "pgm_sys_acrnm": "ACRES", "pgm_sys_id": "263736", "fips_code": "", "huc_code": "", "facility_url": "https://ofmpub.epa.gov/apex/cimc/f?p=CIMC:31::::Y,31,0:P31_ID:263736", "dma_county": "Harris"}}, {"type": "Feature", "id": 43725, "geometry": {"type": "Point", "coordinates": [-95.28539, 29.81457]}, "properties": {"OBJECTID": 43725, "registry_id": "110072152039", "primary_name": "7846 ANGUS", "location_address": "7846 ANGUS", "city_name": "HOUSTON", "county_name": "HARRIS", "state_code": "TX", "epa_region": "Region 06", "postal_code": "77028", "latitude": 29.81457, "longitude": -95.28539, "pgm_sys_acrnm": "ACRES", "pgm_sys_id": "263738", "fips_code": "", "huc_code": "", "facility_url": "https://ofmpub.epa.gov/apex/cimc/f?p=CIMC:31::::Y,31,0:P31_ID:263738", "dma_county": "Harris"}}, {"type": "Feature", "id": 44184, "geometry": {"type": "Point", "coordinates": [-95.27504, 29.81753]}, "properties": {"OBJECTID": 44184, "registry_id": "110072219082", "primary_name": "5930 BOBBY BURNS", "location_address": "5930 BOBBY BURNS", "city_name": "HOUSTON", "county_name": "HARRIS", "state_code": "TX", "epa_region": "Region 06", "postal_code": "77028", "latitude": 29.81753, "longitude": -95.27504, "pgm_sys_acrnm": "ACRES", "pgm_sys_id": "263737", "fips_code": "", "huc_code": "", "facility_url": "https://ofmpub.epa.gov/apex/cimc/f?p=CIMC:31::::Y,31,0:P31_ID:263737", "dma_county": "Harris"}}]}