{"type": "FeatureCollection", "features": [{"type": "Feature", "id": 55, "geometry": {"type": "Polygon", "coordinates": [[[-96.317188, 28.792597000318008], [-96.31745, 28.78823], [-96.31784, 28.78163], [-96.31815, 28.77635], [-96.31868, 28.76731], [-96.31899, 28.76208], [-96.31926, 28.75759], [-96.31952, 28.75317], [-96.32011, 28.74148], [-96.32034, 28.73724], [-96.32058, 28.73249], [-96.32096, 28.72511], [-96.32121, 28.72006], [-96.32143, 28.71581], [-96.32199, 28.70536], [-96.32352, 28.6756], [-96.32332, 28.66735], [-96.32318, 28.66119], [-96.32308, 28.65668], [-96.32286, 28.64817], [-96.32273, 28.64294], [-96.32372, 28.63814], [-96.32694, 28.62346], [-96.35229, 28.50953], [-96.35441, 28.50028], [-96.36101, 28.47073], [-96.36278, 28.4628], [-96.36426, 28.45578], [-96.36653, 28.44505], [-96.36755, 28.44046], [-96.3707, 28.4263], [-96.37339, 28.41351], [-96.3744, 28.40882], [-96.37525, 28.40445], [-96.37624, 28.40025], [-96.3774, 28.39476], [-96.37873, 28.38899], [-96.37995, 28.38333], [-96.3808, 28.37916], [-96.38207, 28.36853], [-96.38355, 28.35842], [-96.38457, 28.35147], [-96.38699, 28.33445], [-96.38964, 28.31635], [-96.39242, 28.29762], [-96.3952, 28.27974], [-96.38929, 28.28254], [-96.38109, 28.2871], [-96.37525, 28.29076], [-96.36797, 28.29722], [-96.35929, 28.30575], [-96.35269, 28.31292], [-96.34764, 28.32017], [-96.34473, 28.32599], [-96.34229, 28.33513], [-96.34129, 28.3407], [-96.33338, 28.34806], [-96.32874, 28.35205], [-96.3242, 28.35695], [-96.32076, 28.36287], [-96.31242, 28.36344], [-96.30353, 28.36502], [-96.29418, 28.36831], [-96.28668, 28.37231], [-96.28231, 28.375], [-96.27829, 28.37787], [-96.27177, 28.38293], [-96.26707, 28.38823], [-96.26291, 28.3942], [-96.25981, 28.4007], [-96.2583, 28.40737], [-96.25025, 28.41266], [-96.23549, 28.42138], [-96.21784, 28.43137], [-96.19937, 28.44228], [-96.18224, 28.45204], [-96.16585, 28.45967], [-96.14397, 28.4696], [-96.125, 28.47851], [-96.11101, 28.48496], [-96.09432, 28.49259], [-96.07833, 28.5], [-96.04949, 28.51174], [-96.00033, 28.53339], [-95.99007, 28.5362], [-95.97032, 28.54421], [-95.95057, 28.55222], [-95.91291, 28.56751], [-95.87524, 28.58279], [-95.81986, 28.60694], [-95.77785, 28.62527], [-95.75024, 28.63842], [-95.66039, 28.68475], [-95.62523, 28.70288], [-95.58186, 28.72492], [-95.53202, 28.75026], [-95.49937, 28.76347], [-95.50022, 28.78557], [-95.50416, 28.80889], [-95.50696, 28.82429], [-95.50441, 28.8283], [-95.50406, 28.83278], [-95.50401, 28.83752], [-95.50867, 28.83713], [-95.51272, 28.836], [-95.51826, 28.83458], [-95.52281, 28.83324], [-95.53047, 28.8291], [-95.53461, 28.83041], [-95.53874, 28.83144], [-95.54289, 28.83259], [-95.54758, 28.83058], [-95.55171, 28.82901], [-95.55586, 28.83011], [-95.56049, 28.82992], [-95.56494, 28.83022], [-95.56952, 28.83069], [-95.57367, 28.83277], [-95.57704, 28.83683], [-95.57939, 28.84124], [-95.57769, 28.84623], [-95.57679, 28.85024], [-95.5765, 28.85433], [-95.57945, 28.85853], [-95.58355, 28.86106], [-95.587, 28.86525], [-95.59075, 28.86975], [-95.59486, 28.87193], [-95.60009, 28.875], [-95.60417, 28.87876], [-95.60839, 28.88137], [-95.61285, 28.88287], [-95.61689, 28.88545], [-95.62035, 28.88987], [-95.62447, 28.89397], [-95.62921, 28.89666], [-95.6333, 28.89736], [-95.63574, 28.90167], [-95.63975, 28.90327], [-95.64427, 28.90799], [-95.64503, 28.91229], [-95.64812, 28.91743], [-95.65122, 28.92192], [-95.65169, 28.92622], [-95.65032, 28.93102], [-95.64838, 28.93532], [-95.64656, 28.93954], [-95.65031, 28.94393], [-95.653, 28.94827], [-95.65699, 28.9524], [-95.66105, 28.95397], [-95.66547, 28.95514], [-95.67001, 28.95776], [-95.67352, 28.96202], [-95.67774, 28.9647], [-95.68204, 28.96377], [-95.68628, 28.96218], [-95.69041, 28.96453], [-95.6945, 28.96535], [-95.69864, 28.96901], [-95.70269, 28.96924], [-95.70676, 28.96858], [-95.71208, 28.96845], [-95.71612, 28.96835], [-95.72126, 28.96824], [-95.72532, 28.9681], [-95.73354, 28.96787], [-95.74078, 28.96771], [-95.74497, 28.96764], [-95.75182, 28.96754], [-95.76494, 28.96736], [-95.76939, 28.97111], [-95.77072, 28.97521], [-95.76679, 28.97927], [-95.77016, 28.98328], [-95.76999, 28.98785], [-95.76751, 28.99191], [-95.77157, 28.99405], [-95.77599, 28.99454], [-95.77729, 28.99892], [-95.77316, 29.00309], [-95.76908, 29.0027], [-95.77311, 29.0056], [-95.77737, 29.00798], [-95.78166, 29.00717], [-95.78526, 29.01117], [-95.78103, 29.01048], [-95.7794, 29.01454], [-95.77652, 29.01858], [-95.78143, 29.02035], [-95.778, 29.02455], [-95.78202, 29.02808], [-95.78161, 29.03208], [-95.78095, 29.03621], [-95.78513, 29.03863], [-95.78399, 29.04265], [-95.77994, 29.0435], [-95.7775, 29.04789], [-95.77608, 29.05196], [-95.77206, 29.05224], [-95.76779, 29.05303], [-95.76688, 29.05726], [-95.76564, 29.06127], [-95.76987, 29.0649], [-95.77398, 29.06444], [-95.77872, 29.06519], [-95.78322, 29.06708], [-95.78752, 29.06902], [-95.79162, 29.07112], [-95.79505, 29.07517], [-95.79692, 29.07918], [-95.8011, 29.07975], [-95.80329, 29.08387], [-95.80368, 29.088], [-95.80779, 29.09089], [-95.81189, 29.08986], [-95.81611, 29.08969], [-95.8202, 29.09053], [-95.82529, 29.09032], [-95.82931, 29.08905], [-95.83302, 29.09311], [-95.83733, 29.09365], [-95.83923, 29.09775], [-95.84176, 29.10177], [-95.8435, 29.10582], [-95.84411, 29.10994], [-95.84234, 29.11402], [-95.84148, 29.11809], [-95.84048, 29.12209], [-95.83947, 29.12618], [-95.83763, 29.13039], [-95.83807, 29.1351], [-95.83957, 29.13921], [-95.84361, 29.14266], [-95.84769, 29.14609], [-95.84952, 29.15016], [-95.84931, 29.15423], [-95.85001, 29.15843], [-95.84813, 29.16271], [-95.84691, 29.16675], [-95.8428, 29.16891], [-95.83981, 29.17294], [-95.84014, 29.17809], [-95.85292, 29.18909], [-95.85781, 29.19331], [-95.84943, 29.20055], [-95.84467, 29.20468], [-95.84884, 29.20824], [-95.85466, 29.21316], [-95.85919, 29.21701], [-95.8673, 29.22405], [-95.87403, 29.2297], [-95.88121, 29.22323], [-95.88565, 29.21901], [-95.89097, 29.21419], [-95.89502, 29.21057], [-95.89906, 29.20683], [-95.9123, 29.19479], [-95.91719, 29.19036], [-95.92559, 29.18275], [-95.93269, 29.17632], [-95.94265, 29.16729], [-95.96405, 29.14791], [-95.97962, 29.13882], [-95.98419, 29.13627], [-95.99829, 29.12839], [-96.00309, 29.1259], [-96.00874, 29.12276], [-96.02335, 29.11478], [-96.03045, 29.11091], [-96.0346, 29.10873], [-96.03862, 29.10657], [-96.0452, 29.10307], [-96.04986, 29.10059], [-96.06239, 29.09393], [-96.07335, 29.0881], [-96.08098, 29.08399], [-96.09245, 29.07787], [-96.09775, 29.0751], [-96.10538, 29.07111], [-96.11672, 29.06517], [-96.12525, 29.06055], [-96.1332, 29.05637], [-96.13947, 29.05308], [-96.14747, 29.0489], [-96.15331, 29.0457], [-96.16585, 29.03909], [-96.17176, 29.03592], [-96.17637, 29.03347], [-96.18505, 29.02888], [-96.19092, 29.02581], [-96.19843, 29.02178], [-96.20728, 29.01711], [-96.21364, 29.01374], [-96.21843, 29.01121], [-96.22671, 29.00683], [-96.23132, 29.0043], [-96.23537, 29.00215], [-96.24002, 28.99966], [-96.25024, 28.99404], [-96.25782, 28.99002], [-96.26311, 28.98742], [-96.27007, 28.98394], [-96.27412, 28.98181], [-96.28603, 28.97551], [-96.2946, 28.971], [-96.30746, 28.96416], [-96.30951, 28.95145], [-96.30997, 28.94257], [-96.31062, 28.93011], [-96.31058, 28.9249], [-96.31079, 28.92033], [-96.31118, 28.91148], [-96.31163, 28.90165], [-96.31189, 28.89585], [-96.31208, 28.8915], [-96.31282, 28.87693], [-96.3133, 28.8704], [-96.31361, 28.86387], [-96.31415, 28.85272], [-96.31448, 28.8458], [-96.31488, 28.83758], [-96.31519, 28.83136], [-96.31565, 28.82206], [-96.31638, 28.8074], [-96.31673, 28.80048], [-96.31706, 28.79473], [-96.317188, 28.792597000318008]]]}, "properties": {"dma_county": "Matagorda"}}, {"type": "Feature", "id": 104, "geometry": {"type": "Polygon", "coordinates": [[[-95.57707699955533, 29.368087000133404], [-95.57572, 29.37269], [-95.57499, 29.37697], [-95.57313, 29.38125], [-95.57067, 29.38578], [-95.56665, 29.39022], [-95.56143, 29.3908], [-95.55724, 29.39107], [-95.55303, 29.39354], [-95.54835, 29.39484], [-95.54885, 29.39941], [-95.54912, 29.40381], [-95.54598, 29.40841], [-95.54895, 29.41348], [-95.55151, 29.41886], [-95.55596, 29.42278], [-95.5533, 29.42689], [-95.55145, 29.4311], [-95.55009, 29.43521], [-95.54099, 29.43849], [-95.53667, 29.43822], [-95.52612, 29.4386], [-95.51553, 29.43868], [-95.51135, 29.4387], [-95.50359, 29.43876], [-95.4799, 29.43899], [-95.4694, 29.43914], [-95.4626, 29.43924], [-95.46117, 29.44456], [-95.45882, 29.45317], [-95.45748, 29.4581], [-95.45629, 29.46249], [-95.45346, 29.47286], [-95.45227, 29.47726], [-95.45104, 29.48181], [-95.4497, 29.48675], [-95.44857, 29.49093], [-95.44741, 29.49522], [-95.4463, 29.49964], [-95.44395, 29.5082], [-95.44275, 29.51259], [-95.44121, 29.51829], [-95.43995, 29.5229], [-95.43827, 29.52906], [-95.43684, 29.5343], [-95.4353, 29.53992], [-95.43416, 29.54412], [-95.43255, 29.5497], [-95.43139, 29.55414], [-95.43013, 29.55885], [-95.4282, 29.56594], [-95.42677, 29.57121], [-95.42567, 29.57525], [-95.42456, 29.5793], [-95.43061, 29.58363], [-95.43505, 29.58573], [-95.43959, 29.58806], [-95.44484, 29.59065], [-95.44932, 29.59267], [-95.45356, 29.59462], [-95.45816, 29.59665], [-95.46505, 29.5996], [-95.46912, 29.60133], [-95.47383, 29.6036], [-95.47801, 29.60555], [-95.48437, 29.60852], [-95.49266, 29.61237], [-95.49928, 29.61543], [-95.50334, 29.61731], [-95.50863, 29.61973], [-95.51318, 29.62184], [-95.51854, 29.62432], [-95.52838, 29.62892], [-95.53269, 29.63091], [-95.53678, 29.63275], [-95.54093, 29.63469], [-95.54619, 29.63707], [-95.55104, 29.63939], [-95.55593, 29.6416], [-95.56345, 29.64508], [-95.56844, 29.64737], [-95.57271, 29.64934], [-95.57736, 29.65149], [-95.58177, 29.65352], [-95.58599, 29.65548], [-95.59, 29.65735], [-95.59415, 29.65926], [-95.59895, 29.66147], [-95.60472, 29.66412], [-95.60873, 29.66632], [-95.61276, 29.66856], [-95.61728, 29.67115], [-95.62161, 29.67358], [-95.6258, 29.67595], [-95.62987, 29.67824], [-95.63419, 29.68068], [-95.63874, 29.68321], [-95.64281, 29.68543], [-95.64685, 29.68783], [-95.65102, 29.69016], [-95.65529, 29.69259], [-95.65977, 29.69511], [-95.66379, 29.6974], [-95.66805, 29.6998], [-95.6721, 29.70209], [-95.67703, 29.70491], [-95.68174, 29.70757], [-95.68576, 29.70981], [-95.69506, 29.71501], [-95.70139, 29.71853], [-95.70595, 29.72104], [-95.71046, 29.72362], [-95.71509, 29.72634], [-95.72028, 29.72918], [-95.72743, 29.73321], [-95.73151, 29.73549], [-95.73624, 29.73817], [-95.74058, 29.7406], [-95.74476, 29.74297], [-95.74947, 29.74565], [-95.75368, 29.74798], [-95.75781, 29.7503], [-95.76188, 29.7526], [-95.76614, 29.75499], [-95.77041, 29.75739], [-95.77446, 29.75966], [-95.77909, 29.76227], [-95.78448, 29.76529], [-95.79191, 29.76945], [-95.79593, 29.77168], [-95.80168, 29.77493], [-95.806, 29.77736], [-95.81063, 29.77998], [-95.8199, 29.78521], [-95.82443, 29.78775], [-95.82891, 29.78724], [-95.83336, 29.78552], [-95.83813, 29.78373], [-95.84516, 29.781], [-95.84928, 29.77943], [-95.85387, 29.77769], [-95.8579, 29.77609], [-95.86371, 29.77389], [-95.86907, 29.77186], [-95.8733, 29.77032], [-95.87788, 29.76855], [-95.88246, 29.76679], [-95.88745, 29.76493], [-95.89207, 29.76328], [-95.8989, 29.76083], [-95.90767, 29.75761], [-95.91292, 29.75558], [-95.92058, 29.75262], [-95.93209, 29.74814], [-95.93949, 29.74527], [-95.94496, 29.74314], [-95.95093, 29.74077], [-95.9605, 29.74063], [-95.97129, 29.74045], [-95.97112, 29.73632], [-95.97094, 29.72961], [-95.9775, 29.72854], [-95.98154, 29.72849], [-95.98834, 29.72839], [-95.99365, 29.72833], [-95.99793, 29.72827], [-96.00196, 29.72818], [-96.00665, 29.72811], [-96.01078, 29.72808], [-96.01522, 29.72804], [-96.02018, 29.72799], [-96.02544, 29.728], [-96.0307, 29.72796], [-96.03325, 29.72154], [-96.03242, 29.7175], [-96.02772, 29.71689], [-96.02354, 29.71748], [-96.01663, 29.71942], [-96.0116, 29.71984], [-96.00711, 29.71668], [-96.00583, 29.71186], [-96.00468, 29.70677], [-96.01168, 29.70258], [-96.01571, 29.70346], [-96.01985, 29.70529], [-96.02127, 29.70095], [-96.01621, 29.69663], [-96.014, 29.69111], [-96.01474, 29.68593], [-96.01537, 29.68186], [-96.01965, 29.6787], [-96.02352, 29.68336], [-96.0278, 29.68732], [-96.03216, 29.68852], [-96.03622, 29.68829], [-96.04059, 29.68754], [-96.04509, 29.68581], [-96.04995, 29.68397], [-96.05466, 29.68305], [-96.05888, 29.68039], [-96.06007, 29.67632], [-96.05611, 29.67219], [-96.05178, 29.66956], [-96.0476, 29.66619], [-96.04343, 29.6661], [-96.03889, 29.66971], [-96.03479, 29.67354], [-96.02999, 29.67521], [-96.02589, 29.67336], [-96.02183, 29.67141], [-96.01765, 29.66881], [-96.01604, 29.66372], [-96.02002, 29.65917], [-96.0255, 29.65865], [-96.03045, 29.6604], [-96.03256, 29.65634], [-96.02851, 29.65336], [-96.02404, 29.64937], [-96.01955, 29.64658], [-96.01551, 29.6431], [-96.0157, 29.63898], [-96.01884, 29.63468], [-96.01784, 29.63063], [-96.0171, 29.62657], [-96.02117, 29.62454], [-96.02347, 29.62043], [-96.02477, 29.61536], [-96.0248, 29.60915], [-96.02479, 29.6034], [-96.02965, 29.6028], [-96.04155, 29.60266], [-96.0545, 29.60246], [-96.0591, 29.60235], [-96.0632, 29.60225], [-96.068, 29.60214], [-96.07618, 29.60202], [-96.08555, 29.60175], [-96.08127, 29.59961], [-96.07723, 29.59737], [-96.07307, 29.59438], [-96.06902, 29.59166], [-96.0649, 29.59155], [-96.0608, 29.58978], [-96.06129, 29.58574], [-96.06196, 29.58078], [-96.06293, 29.57674], [-96.06124, 29.57271], [-96.06, 29.56866], [-96.05596, 29.56687], [-96.05195, 29.56498], [-96.04751, 29.5638], [-96.04491, 29.55925], [-96.04353, 29.55521], [-96.04291, 29.55072], [-96.04157, 29.54652], [-96.04176, 29.54237], [-96.04577, 29.54015], [-96.04983, 29.54059], [-96.05408, 29.5392], [-96.05456, 29.53519], [-96.05465, 29.53111], [-96.05529, 29.52682], [-96.05127, 29.52428], [-96.05375, 29.52025], [-96.05309, 29.51621], [-96.0542, 29.5122], [-96.05014, 29.51137], [-96.04597, 29.51021], [-96.04182, 29.51], [-96.03772, 29.51041], [-96.03365, 29.51], [-96.02891, 29.50885], [-96.02471, 29.50734], [-96.02482, 29.50328], [-96.0252, 29.49921], [-96.02623, 29.49507], [-96.0303, 29.49518], [-96.03439, 29.49262], [-96.03845, 29.49236], [-96.04251, 29.49167], [-96.0468, 29.49137], [-96.05095, 29.49283], [-96.05495, 29.49246], [-96.05907, 29.49201], [-96.06032, 29.4879], [-96.06001, 29.48369], [-96.05963, 29.47961], [-96.05994, 29.47545], [-96.05571, 29.47245], [-96.05167, 29.47176], [-96.04898, 29.46742], [-96.04846, 29.46329], [-96.04422, 29.46167], [-96.04305, 29.45754], [-96.03902, 29.45766], [-96.03863, 29.45362], [-96.03447, 29.45303], [-96.03022, 29.45249], [-96.0312, 29.44847], [-96.03535, 29.44641], [-96.03233, 29.44222], [-96.02796, 29.44121], [-96.02392, 29.44134], [-96.01961, 29.44074], [-96.01589, 29.43672], [-96.01182, 29.43328], [-96.00763, 29.42916], [-96.00333, 29.42919], [-95.9989, 29.43155], [-95.99486, 29.4338], [-95.99084, 29.43152], [-95.98799, 29.4267], [-95.98623, 29.42266], [-95.98822, 29.4185], [-95.98407, 29.41513], [-95.98226, 29.41112], [-95.97811, 29.41061], [-95.97408, 29.41143], [-95.97102, 29.40706], [-95.97222, 29.40273], [-95.96954, 29.39864], [-95.96929, 29.39452], [-95.96797, 29.39043], [-95.9677, 29.38618], [-95.96736, 29.38204], [-95.9633, 29.38074], [-95.95928, 29.38112], [-95.95502, 29.37968], [-95.95081, 29.37608], [-95.94815, 29.37186], [-95.94586, 29.36752], [-95.94481, 29.36343], [-95.94077, 29.36002], [-95.93664, 29.35878], [-95.9396, 29.35477], [-95.94364, 29.35155], [-95.948, 29.35025], [-95.95208, 29.3481], [-95.95315, 29.34402], [-95.94968, 29.33992], [-95.94977, 29.33559], [-95.94536, 29.33269], [-95.94126, 29.33151], [-95.93717, 29.3302], [-95.93293, 29.32863], [-95.92869, 29.32897], [-95.92454, 29.32971], [-95.92001, 29.32685], [-95.9178, 29.32187], [-95.91369, 29.31854], [-95.90899, 29.31776], [-95.90459, 29.31722], [-95.90049, 29.31568], [-95.8956, 29.31523], [-95.89275, 29.31094], [-95.89615, 29.30673], [-95.89652, 29.301], [-95.89551, 29.29693], [-95.89127, 29.2927], [-95.88986, 29.28812], [-95.88723, 29.28351], [-95.88481, 29.27939], [-95.88498, 29.27529], [-95.88159, 29.27121], [-95.87978, 29.2671], [-95.875, 29.26636], [-95.8706, 29.26774], [-95.86638, 29.26832], [-95.86197, 29.26768], [-95.85784, 29.26815], [-95.85368, 29.26593], [-95.84965, 29.26408], [-95.84251, 29.26729], [-95.83736, 29.27199], [-95.83207, 29.27682], [-95.81911, 29.28865], [-95.81269, 29.29446], [-95.80702, 29.29962], [-95.80183, 29.30432], [-95.79782, 29.30797], [-95.79196, 29.30297], [-95.78714, 29.29888], [-95.7822, 29.29787], [-95.77792, 29.30173], [-95.76998, 29.30897], [-95.7621, 29.31605], [-95.75631, 29.3213], [-95.75024, 29.32353], [-95.74609, 29.32237], [-95.73607, 29.31922], [-95.71968, 29.31412], [-95.71427, 29.31248], [-95.7077, 29.31043], [-95.70098, 29.30834], [-95.69459, 29.30634], [-95.68806, 29.30432], [-95.67955, 29.30166], [-95.67438, 29.30003], [-95.67035, 29.29906], [-95.66615, 29.2988], [-95.66249, 29.29474], [-95.65839, 29.29348], [-95.65436, 29.29095], [-95.65015, 29.29406], [-95.64606, 29.29384], [-95.64195, 29.2943], [-95.63788, 29.29683], [-95.63385, 29.29379], [-95.62978, 29.2931], [-95.62567, 29.29405], [-95.62257, 29.29806], [-95.62172, 29.30208], [-95.62347, 29.30622], [-95.62794, 29.30906], [-95.62541, 29.31332], [-95.62136, 29.3161], [-95.61733, 29.31862], [-95.61478, 29.32283], [-95.61044, 29.3257], [-95.60629, 29.32914], [-95.60227, 29.32793], [-95.59806, 29.32783], [-95.59359, 29.32771], [-95.5895, 29.32983], [-95.58911, 29.33462], [-95.58501, 29.33771], [-95.5796, 29.34013], [-95.58134, 29.34618], [-95.58265, 29.35037], [-95.57849, 29.35266], [-95.57406, 29.35466], [-95.57746, 29.35896], [-95.5803, 29.3632], [-95.57707699955533, 29.368087000133404]]]}, "properties": {"dma_county": "Fort Bend"}}, {"type": "Feature", "id": 184, "geometry": {"type": "Polygon", "coordinates": [[[-96.18831399960916, 30.59961399996209], [-96.18412, 30.59606], [-96.1828, 30.59184], [-96.18404, 30.58744], [-96.1796, 30.58566], [-96.17538, 30.5836], [-96.17187, 30.57899], [-96.16784, 30.57557], [-96.1676, 30.5715], [-96.16356, 30.57084], [-96.16007, 30.56683], [-96.16147, 30.56277], [-96.1586, 30.55864], [-96.16029, 30.55443], [-96.16035, 30.55013], [-96.16097, 30.54551], [-96.16109, 30.54138], [-96.16033, 30.53714], [-96.15605, 30.5337], [-96.15197, 30.53165], [-96.14867, 30.52757], [-96.15005, 30.52356], [-96.14935, 30.51949], [-96.14613, 30.51509], [-96.14481, 30.51074], [-96.14033, 30.50922], [-96.14241, 30.50508], [-96.14253, 30.50099], [-96.13834, 30.50142], [-96.13785, 30.497], [-96.13483, 30.49207], [-96.13266, 30.4877], [-96.13335, 30.48358], [-96.13555, 30.47947], [-96.13958, 30.47895], [-96.14052, 30.47492], [-96.13772, 30.47081], [-96.13647, 30.4668], [-96.13239, 30.46725], [-96.12953, 30.4629], [-96.12827, 30.45882], [-96.12973, 30.45461], [-96.12509, 30.45386], [-96.1264, 30.44983], [-96.12244, 30.44582], [-96.1202, 30.44181], [-96.11591, 30.44043], [-96.11189, 30.44269], [-96.10743, 30.44379], [-96.10651, 30.43963], [-96.10225, 30.43898], [-96.09759, 30.43826], [-96.09335, 30.44015], [-96.08897, 30.4371], [-96.08648, 30.43257], [-96.0815, 30.43123], [-96.08266, 30.42706], [-96.08293, 30.42295], [-96.08636, 30.41881], [-96.09095, 30.4166], [-96.09531, 30.41693], [-96.09972, 30.41854], [-96.10376, 30.42141], [-96.10809, 30.41746], [-96.11219, 30.41567], [-96.11334, 30.41138], [-96.1116, 30.40736], [-96.11133, 30.40313], [-96.11234, 30.39882], [-96.11202, 30.39477], [-96.11617, 30.39921], [-96.11765, 30.39488], [-96.12166, 30.3914], [-96.1197, 30.38715], [-96.12371, 30.38548], [-96.12838, 30.38826], [-96.13276, 30.38739], [-96.13786, 30.38322], [-96.14225, 30.38402], [-96.14684, 30.38333], [-96.14624, 30.37901], [-96.14425, 30.37449], [-96.14511, 30.3702], [-96.14161, 30.36551], [-96.14251, 30.36113], [-96.14234, 30.35709], [-96.14242, 30.35291], [-96.14687, 30.35284], [-96.14922, 30.34882], [-96.14784, 30.34442], [-96.14355, 30.34294], [-96.14193, 30.33871], [-96.14639, 30.33595], [-96.15081, 30.33509], [-96.15427, 30.33065], [-96.15057, 30.32606], [-96.14524, 30.32359], [-96.14119, 30.32292], [-96.13704, 30.31925], [-96.13666, 30.31517], [-96.13163, 30.31243], [-96.12619, 30.31188], [-96.1216, 30.30755], [-96.11737, 30.30419], [-96.11231, 30.3066], [-96.10804, 30.30775], [-96.10185, 30.3098], [-96.09772, 30.31111], [-96.09351, 30.30653], [-96.09666, 30.30175], [-96.10005, 30.29669], [-96.10032, 30.29181], [-96.09393, 30.28908], [-96.0899, 30.28966], [-96.08589, 30.28898], [-96.08438, 30.28376], [-96.08923, 30.27993], [-96.09326, 30.2755], [-96.09468, 30.2712], [-96.09512, 30.26714], [-96.09804, 30.26167], [-96.09929, 30.25651], [-96.09487, 30.25239], [-96.08944, 30.25304], [-96.08458, 30.25125], [-96.08228, 30.2468], [-96.08114, 30.24253], [-96.08333, 30.23831], [-96.08767, 30.23777], [-96.09196, 30.24025], [-96.09694, 30.24301], [-96.10135, 30.24088], [-96.10443, 30.23498], [-96.10237, 30.23098], [-96.09825, 30.23044], [-96.09411, 30.22701], [-96.08991, 30.22743], [-96.08051, 30.22917], [-96.0745, 30.22943], [-96.06932, 30.22996], [-96.06329, 30.23034], [-96.0569, 30.23073], [-96.04654, 30.23127], [-96.04192, 30.23153], [-96.03634, 30.23186], [-96.03212, 30.2321], [-96.02744, 30.23237], [-96.02189, 30.23269], [-96.01444, 30.23313], [-96.00906, 30.23345], [-96.0048, 30.23372], [-96.00023, 30.23401], [-95.99542, 30.23426], [-95.99124, 30.23456], [-95.98584, 30.23491], [-95.9747, 30.23562], [-95.96999, 30.23593], [-95.96518, 30.23623], [-95.95802, 30.23669], [-95.95377, 30.23696], [-95.94896, 30.23688], [-95.94214, 30.2373], [-95.93488, 30.23753], [-95.92919, 30.23762], [-95.92427, 30.23729], [-95.91887, 30.2377], [-95.91154, 30.23824], [-95.90436, 30.23871], [-95.8997, 30.23902], [-95.8956, 30.23931], [-95.89016, 30.23969], [-95.8825, 30.24029], [-95.87841, 30.24061], [-95.87322, 30.24101], [-95.86831, 30.24138], [-95.86113, 30.24186], [-95.8557, 30.24221], [-95.84214, 30.24344], [-95.83489, 30.24387], [-95.82901, 30.2442], [-95.82301, 30.24457], [-95.81889, 30.24479], [-95.81467, 30.24484], [-95.80505, 30.24563], [-95.80427, 30.24986], [-95.80421, 30.25459], [-95.80424, 30.26093], [-95.80425, 30.26779], [-95.80427, 30.27413], [-95.80431, 30.28024], [-95.80429, 30.28468], [-95.8043, 30.2887], [-95.80432, 30.29286], [-95.80429, 30.29846], [-95.80435, 30.30707], [-95.80436, 30.31228], [-95.80434, 30.31647], [-95.80434, 30.32327], [-95.80436, 30.33095], [-95.80435, 30.3378], [-95.80467, 30.3422], [-95.80508, 30.34827], [-95.80559, 30.35324], [-95.80619, 30.3604], [-95.80674, 30.36723], [-95.80712, 30.37136], [-95.80747, 30.37625], [-95.8084, 30.38797], [-95.80897, 30.39483], [-95.80952, 30.40153], [-95.80982, 30.40579], [-95.81031, 30.41181], [-95.81074, 30.41691], [-95.81134, 30.42427], [-95.8117, 30.42873], [-95.81216, 30.43388], [-95.81263, 30.43962], [-95.81314, 30.44588], [-95.81385, 30.45455], [-95.81386, 30.45915], [-95.81464, 30.46336], [-95.81544, 30.4751], [-95.81634, 30.48635], [-95.81684, 30.49264], [-95.81718, 30.49703], [-95.81798, 30.50308], [-95.81838, 30.50711], [-95.81878, 30.51121], [-95.8195, 30.51902], [-95.82019, 30.52593], [-95.82059, 30.53021], [-95.82111, 30.53568], [-95.82194, 30.54409], [-95.8224, 30.54878], [-95.82289, 30.55417], [-95.82353, 30.56057], [-95.82407, 30.5663], [-95.82476, 30.57355], [-95.82525, 30.5788], [-95.82564, 30.58299], [-95.82619, 30.58834], [-95.82662, 30.5929], [-95.8274, 30.60192], [-95.82796, 30.60746], [-95.82844, 30.61203], [-95.82891, 30.61694], [-95.82974, 30.62519], [-95.83012, 30.6294], [-95.83139, 30.63825], [-95.83221, 30.64393], [-95.83284, 30.64833], [-95.83356, 30.65332], [-95.83418, 30.65787], [-95.83499, 30.66381], [-95.83588, 30.66994], [-95.83648, 30.6741], [-95.83752, 30.68119], [-95.83838, 30.68735], [-95.83988, 30.69805], [-95.84132, 30.70829], [-95.84201, 30.71305], [-95.84287, 30.71893], [-95.84364, 30.72413], [-95.84427, 30.72835], [-95.84539, 30.73615], [-95.84597, 30.74021], [-95.8472, 30.75019], [-95.84873, 30.76123], [-95.85177, 30.78307], [-95.85274, 30.79005], [-95.85505, 30.80664], [-95.85632, 30.81575], [-95.857, 30.82061], [-95.85839, 30.8306], [-95.86054, 30.84606], [-95.8612, 30.85077], [-95.86221, 30.858], [-95.86306, 30.86413], [-95.86854, 30.86329], [-95.87264, 30.86268], [-95.87725, 30.86237], [-95.88312, 30.86148], [-95.88897, 30.8606], [-95.89518, 30.85964], [-95.89972, 30.85892], [-95.90495, 30.85809], [-95.91172, 30.85707], [-95.91578, 30.85644], [-95.92694, 30.85489], [-95.93157, 30.85423], [-95.93558, 30.85366], [-95.94401, 30.85246], [-95.94949, 30.85167], [-95.95611, 30.85073], [-95.96945, 30.84882], [-95.97645, 30.84782], [-95.98312, 30.84687], [-95.98714, 30.84629], [-95.99577, 30.84506], [-95.99986, 30.84449], [-96.00443, 30.84397], [-96.00911, 30.84329], [-96.01343, 30.84266], [-96.02231, 30.84137], [-96.02643, 30.84078], [-96.03415, 30.8397], [-96.03859, 30.83908], [-96.04452, 30.83824], [-96.06513, 30.8353], [-96.06996, 30.83461], [-96.07434, 30.83399], [-96.08163, 30.83297], [-96.08763, 30.8321], [-96.09442, 30.83112], [-96.1024, 30.82997], [-96.11044, 30.82881], [-96.11458, 30.82823], [-96.11959, 30.82762], [-96.12374, 30.82742], [-96.12856, 30.82632], [-96.13349, 30.82591], [-96.13827, 30.82551], [-96.14529, 30.82492], [-96.16819, 30.82301], [-96.1707, 30.81886], [-96.17266, 30.81449], [-96.17567, 30.80965], [-96.1713, 30.80695], [-96.17253, 30.80294], [-96.17698, 30.7992], [-96.181, 30.7981], [-96.18303, 30.79393], [-96.17948, 30.78992], [-96.17546, 30.78619], [-96.17141, 30.78327], [-96.1687, 30.77914], [-96.16806, 30.77503], [-96.16361, 30.7708], [-96.16357, 30.76642], [-96.16425, 30.7624], [-96.16851, 30.75854], [-96.16851, 30.75446], [-96.17052, 30.7504], [-96.16716, 30.74582], [-96.16545, 30.7412], [-96.16157, 30.73694], [-96.16149, 30.73291], [-96.16221, 30.72886], [-96.16333, 30.72474], [-96.16747, 30.72085], [-96.17118, 30.71673], [-96.172, 30.71243], [-96.17634, 30.70979], [-96.17721, 30.70527], [-96.17646, 30.70109], [-96.17689, 30.69709], [-96.17269, 30.6937], [-96.17038, 30.68954], [-96.17049, 30.68534], [-96.1704, 30.68042], [-96.17171, 30.67584], [-96.16844, 30.67112], [-96.16877, 30.66636], [-96.16453, 30.66261], [-96.1649, 30.65829], [-96.16613, 30.65424], [-96.16944, 30.65001], [-96.16604, 30.64568], [-96.16911, 30.64154], [-96.17255, 30.63725], [-96.17116, 30.6332], [-96.17296, 30.62905], [-96.17372, 30.62495], [-96.17773, 30.6225], [-96.1804, 30.61847], [-96.18163, 30.61446], [-96.18124, 30.61039], [-96.18603, 30.60631], [-96.18818, 30.60216], [-96.18831399960916, 30.59961399996209]]]}, "properties": {"dma_county": "Grimes"}}, {"type": "Feature", "id": 306, "geometry": {"type": "Polygon", "coordinates": [[[-94.632630999571, 30.902004000236516], [-94.6337, 30.90664], [-94.63475, 30.91121], [-94.63571, 30.9154], [-94.63664, 30.91943], [-94.63814, 30.92603], [-94.63947, 30.93191], [-94.64055, 30.9366], [-94.64325, 30.94835], [-94.64423, 30.95264], [-94.64514, 30.95667], [-94.6461, 30.9607], [-94.64702, 30.96475], [-94.64829, 30.97017], [-94.64984, 30.97702], [-94.6511, 30.98247], [-94.65216, 30.98673], [-94.65465, 30.99648], [-94.6558, 31.00171], [-94.65749, 31.00964], [-94.64937, 31.01619], [-94.6429, 31.01934], [-94.6372, 31.02211], [-94.62955, 31.02583], [-94.6252, 31.02795], [-94.62106, 31.03007], [-94.61672, 31.03219], [-94.6125, 31.03425], [-94.60253, 31.03911], [-94.59724, 31.04169], [-94.58838, 31.04602], [-94.58433, 31.04804], [-94.57797, 31.05114], [-94.56956, 31.05522], [-94.5629, 31.05846], [-94.5616, 31.06301], [-94.56563, 31.06432], [-94.56987, 31.06466], [-94.57405, 31.06609], [-94.57869, 31.06868], [-94.58282, 31.06496], [-94.58735, 31.06625], [-94.592, 31.06787], [-94.59307, 31.07223], [-94.59753, 31.06992], [-94.60192, 31.07104], [-94.60348, 31.07534], [-94.6076, 31.07784], [-94.61174, 31.07767], [-94.60949, 31.08186], [-94.61404, 31.08086], [-94.61425, 31.08497], [-94.61837, 31.08562], [-94.62249, 31.0874], [-94.6268, 31.08555], [-94.63086, 31.08414], [-94.63432, 31.08816], [-94.63858, 31.08793], [-94.64276, 31.08782], [-94.64625, 31.09195], [-94.64769, 31.09621], [-94.65247, 31.0966], [-94.65434, 31.09225], [-94.65537, 31.08802], [-94.65948, 31.08589], [-94.66363, 31.0865], [-94.66764, 31.08923], [-94.67196, 31.09], [-94.6701, 31.09404], [-94.67427, 31.09466], [-94.6784, 31.09313], [-94.6825, 31.09615], [-94.68661, 31.09619], [-94.69106, 31.0964], [-94.69513, 31.09687], [-94.6995, 31.09733], [-94.70241, 31.10172], [-94.70643, 31.0997], [-94.70981, 31.10383], [-94.71383, 31.10466], [-94.71862, 31.10699], [-94.72298, 31.10748], [-94.72701, 31.10582], [-94.7313, 31.10494], [-94.73536, 31.10456], [-94.73946, 31.10442], [-94.74361, 31.10559], [-94.74769, 31.10686], [-94.75192, 31.10606], [-94.75613, 31.10952], [-94.76019, 31.11085], [-94.76457, 31.11427], [-94.76872, 31.11547], [-94.77285, 31.11669], [-94.77692, 31.11916], [-94.78067, 31.12342], [-94.78492, 31.12318], [-94.78924, 31.12462], [-94.79341, 31.12629], [-94.79571, 31.13039], [-94.79988, 31.13091], [-94.80407, 31.13045], [-94.80813, 31.13204], [-94.81214, 31.13348], [-94.81643, 31.13187], [-94.81993, 31.13592], [-94.82232, 31.14002], [-94.82642, 31.13824], [-94.83096, 31.13994], [-94.8354, 31.14147], [-94.83972, 31.14345], [-94.84737, 31.14175], [-94.85129, 31.13748], [-94.85844, 31.12968], [-94.86255, 31.12519], [-94.86848, 31.11884], [-94.87521, 31.11158], [-94.8791, 31.10727], [-94.88415, 31.10178], [-94.88821, 31.09736], [-94.89283, 31.09232], [-94.89721, 31.08773], [-94.90107, 31.08338], [-94.90482, 31.07929], [-94.90862, 31.07515], [-94.91419, 31.06908], [-94.91811, 31.06484], [-94.92284, 31.05976], [-94.92765, 31.0546], [-94.93133, 31.05053], [-94.9356, 31.04588], [-94.93946, 31.04178], [-94.94635, 31.03625], [-94.95172, 31.03194], [-94.95786, 31.02698], [-94.96339, 31.02251], [-94.97055, 31.0167], [-94.97772, 31.01086], [-94.98328, 31.00634], [-94.98773, 31.00268], [-94.99195, 30.99922], [-94.99603, 30.99578], [-95.00021, 30.9923], [-95.00501, 30.98828], [-95.00951, 30.9845], [-95.01375, 30.98096], [-95.01808, 30.9773], [-95.02451, 30.97191], [-95.03234, 30.96535], [-95.03734, 30.96116], [-95.04466, 30.95502], [-95.04903, 30.95136], [-95.05797, 30.94392], [-95.06255, 30.9401], [-95.07019, 30.93371], [-95.07529, 30.92943], [-95.08018, 30.92535], [-95.08557, 30.92087], [-95.09224, 30.9153], [-95.09669, 30.91158], [-95.11062, 30.89994], [-95.11661, 30.89488], [-95.12355, 30.88893], [-95.13087, 30.88274], [-95.13571, 30.87867], [-95.13985, 30.87519], [-95.1449, 30.87093], [-95.14949, 30.86708], [-95.16116, 30.85726], [-95.16654, 30.85274], [-95.17181, 30.84833], [-95.17587, 30.84493], [-95.18039, 30.84114], [-95.18549, 30.83687], [-95.19244, 30.83105], [-95.19724, 30.82703], [-95.193, 30.82384], [-95.18968, 30.81955], [-95.18366, 30.81862], [-95.17923, 30.81396], [-95.17578, 30.80951], [-95.17008, 30.80513], [-95.16557, 30.80247], [-95.16104, 30.80128], [-95.15685, 30.80043], [-95.15149, 30.79573], [-95.14748, 30.79177], [-95.14272, 30.78982], [-95.13859, 30.78513], [-95.13303, 30.78376], [-95.13415, 30.77905], [-95.13822, 30.77712], [-95.13751, 30.77139], [-95.13448, 30.76729], [-95.13215, 30.76278], [-95.13142, 30.75853], [-95.13246, 30.75445], [-95.13409, 30.75019], [-95.1393, 30.74578], [-95.14356, 30.74454], [-95.14527, 30.73852], [-95.14267, 30.73204], [-95.14267, 30.72709], [-95.14615, 30.72241], [-95.14707, 30.71739], [-95.14378, 30.71225], [-95.13858, 30.70722], [-95.13528, 30.69922], [-95.13549, 30.69457], [-95.13034, 30.69422], [-95.1258, 30.69562], [-95.12155, 30.69636], [-95.11594, 30.69619], [-95.11191, 30.69532], [-95.11226, 30.69115], [-95.116, 30.68608], [-95.11731, 30.68198], [-95.11953, 30.67733], [-95.11462, 30.67437], [-95.11135, 30.66999], [-95.11533, 30.66591], [-95.1152, 30.66131], [-95.11108, 30.65879], [-95.1063, 30.65783], [-95.1017, 30.65866], [-95.09748, 30.66026], [-95.09268, 30.66261], [-95.09117, 30.66722], [-95.09051, 30.67145], [-95.08602, 30.67175], [-95.08154, 30.66999], [-95.07752, 30.67053], [-95.07325, 30.67293], [-95.06917, 30.67362], [-95.06456, 30.67482], [-95.05937, 30.67905], [-95.055, 30.68033], [-95.05379, 30.676], [-95.05488, 30.67175], [-95.05057, 30.67126], [-95.04517, 30.67195], [-95.04102, 30.67496], [-95.03599, 30.67518], [-95.0335, 30.67081], [-95.03794, 30.6686], [-95.04146, 30.66438], [-95.0363, 30.66268], [-95.03105, 30.66128], [-95.0265, 30.66066], [-95.02216, 30.65909], [-95.02164, 30.6549], [-95.0175, 30.65572], [-95.0131, 30.65818], [-95.00906, 30.65353], [-95.01232, 30.64908], [-95.01635, 30.64843], [-95.02046, 30.6504], [-95.02466, 30.64978], [-95.02348, 30.64452], [-95.02196, 30.63925], [-95.01887, 30.63509], [-95.01562, 30.63094], [-95.01499, 30.62687], [-95.01086, 30.62816], [-95.00899, 30.62304], [-95.00908, 30.61903], [-95.0088, 30.61437], [-95.00765, 30.61028], [-95.00837, 30.60618], [-95.0126, 30.60536], [-95.01597, 30.60099], [-95.02021, 30.6006], [-95.02457, 30.59787], [-95.0286, 30.59745], [-95.0301, 30.59342], [-95.03239, 30.58937], [-95.03513, 30.58515], [-95.03133, 30.58081], [-95.02718, 30.57807], [-95.02259, 30.57729], [-95.01793, 30.57739], [-95.01382, 30.5776], [-95.00866, 30.57945], [-95.00465, 30.58013], [-95.0006, 30.57997], [-94.99543, 30.5793], [-94.99128, 30.57789], [-94.98706, 30.57633], [-94.98294, 30.57631], [-94.97858, 30.57648], [-94.97362, 30.57672], [-94.9684, 30.57692], [-94.96419, 30.57597], [-94.95977, 30.57375], [-94.95434, 30.57171], [-94.9503, 30.57101], [-94.94525, 30.56592], [-94.94275, 30.56181], [-94.93874, 30.55867], [-94.9343, 30.55759], [-94.92734, 30.55799], [-94.92258, 30.55915], [-94.91724, 30.56014], [-94.91173, 30.56141], [-94.9067, 30.56072], [-94.90263, 30.5586], [-94.89704, 30.55655], [-94.8929, 30.55686], [-94.88845, 30.55563], [-94.8842, 30.55234], [-94.87913, 30.55049], [-94.87569, 30.54642], [-94.87062, 30.54617], [-94.86438, 30.54645], [-94.86001, 30.54686], [-94.85462, 30.54549], [-94.8501, 30.54417], [-94.84564, 30.54544], [-94.83987, 30.54554], [-94.83578, 30.5437], [-94.83076, 30.54177], [-94.83044, 30.53775], [-94.83237, 30.53315], [-94.83652, 30.52906], [-94.84202, 30.52737], [-94.84622, 30.52614], [-94.8506, 30.52509], [-94.85466, 30.52288], [-94.8566, 30.51811], [-94.86174, 30.5147], [-94.86598, 30.51254], [-94.86738, 30.50696], [-94.86638, 30.50282], [-94.86606, 30.49824], [-94.862, 30.49421], [-94.85648, 30.49455], [-94.85229, 30.49464], [-94.84779, 30.49342], [-94.84316, 30.49304], [-94.83843, 30.49278], [-94.83179, 30.49251], [-94.82397, 30.49219], [-94.81975, 30.49197], [-94.81468, 30.49164], [-94.8081, 30.49117], [-94.80324, 30.49084], [-94.79875, 30.49052], [-94.78875, 30.48982], [-94.78396, 30.48948], [-94.77979, 30.4892], [-94.7757, 30.48902], [-94.77149, 30.48917], [-94.76212, 30.48943], [-94.75493, 30.48953], [-94.75021, 30.48969], [-94.74518, 30.48983], [-94.74104, 30.48992], [-94.73481, 30.49003], [-94.7304, 30.49011], [-94.72633, 30.49018], [-94.7222, 30.49025], [-94.7159, 30.49031], [-94.7053, 30.49032], [-94.701, 30.49032], [-94.69465, 30.49033], [-94.69029, 30.49033], [-94.67856, 30.49034], [-94.67158, 30.49035], [-94.66408, 30.4904], [-94.65423, 30.49046], [-94.65006, 30.49049], [-94.64527, 30.49052], [-94.63909, 30.49056], [-94.63156, 30.49061], [-94.62518, 30.49065], [-94.62004, 30.49061], [-94.59914, 30.49072], [-94.58948, 30.49078], [-94.58097, 30.49083], [-94.57212, 30.49087], [-94.56685, 30.4909], [-94.55058, 30.49099], [-94.53793, 30.49106], [-94.53919, 30.4988], [-94.54204, 30.51135], [-94.54455, 30.52204], [-94.54556, 30.52632], [-94.54709, 30.53279], [-94.55013, 30.54569], [-94.5512, 30.55024], [-94.55256, 30.55602], [-94.55351, 30.56007], [-94.55635, 30.57211], [-94.5573, 30.57612], [-94.5593, 30.58462], [-94.56029, 30.58883], [-94.56148, 30.59388], [-94.56278, 30.59936], [-94.56425, 30.60563], [-94.56537, 30.61036], [-94.56687, 30.61673], [-94.56833, 30.6229], [-94.56998, 30.63196], [-94.57134, 30.63773], [-94.5725, 30.64266], [-94.57406, 30.64931], [-94.5751, 30.65371], [-94.57645, 30.6595], [-94.57897, 30.67019], [-94.58005, 30.67475], [-94.58136, 30.68034], [-94.5831, 30.68755], [-94.58408, 30.69172], [-94.58517, 30.69632], [-94.58729, 30.70541], [-94.58901, 30.71273], [-94.59027, 30.71809], [-94.5913, 30.7225], [-94.59296, 30.72956], [-94.59403, 30.73414], [-94.59497, 30.73838], [-94.596, 30.74268], [-94.597, 30.74687], [-94.59807, 30.7509], [-94.599, 30.75497], [-94.60049, 30.76147], [-94.60181, 30.76748], [-94.60315, 30.7745], [-94.60437, 30.77977], [-94.60551, 30.7847], [-94.60691, 30.79073], [-94.6085, 30.79764], [-94.61086, 30.80776], [-94.61211, 30.8133], [-94.61342, 30.819], [-94.61461, 30.82412], [-94.6158, 30.82921], [-94.61687, 30.83382], [-94.61797, 30.83853], [-94.61954, 30.84528], [-94.62067, 30.85015], [-94.62161, 30.85418], [-94.6229, 30.8597], [-94.62406, 30.86469], [-94.62505, 30.86908], [-94.62602, 30.87308], [-94.62761, 30.8802], [-94.62864, 30.88467], [-94.62982, 30.8898], [-94.63112, 30.89546], [-94.63219, 30.90006], [-94.632630999571, 30.902004000236516]]]}, "properties": {"dma_county": "Polk"}}, {"type": "Feature", "id": 323, "geometry": {"type": "Polygon", "coordinates": [[[-96.03864299966774, 29.106552000306312], [-96.0346, 29.10873], [-96.03045, 29.11091], [-96.02335, 29.11478], [-96.01042, 29.12182], [-96.00427, 29.12525], [-96.00023, 29.12745], [-95.98445, 29.13612], [-95.97993, 29.13864], [-95.9652, 29.14686], [-95.94265, 29.16729], [-95.9337, 29.1754], [-95.92559, 29.18275], [-95.92095, 29.18695], [-95.91277, 29.19436], [-95.89923, 29.20666], [-95.89502, 29.21057], [-95.89097, 29.21419], [-95.88583, 29.21885], [-95.88121, 29.22323], [-95.87523, 29.22851], [-95.87052, 29.23299], [-95.86006, 29.24245], [-95.85519, 29.24674], [-95.85106, 29.25033], [-95.84702, 29.25405], [-95.84263, 29.25807], [-95.84689, 29.26189], [-95.85039, 29.26594], [-95.85446, 29.26618], [-95.85866, 29.26795], [-95.86285, 29.26741], [-95.86697, 29.26875], [-95.87103, 29.26745], [-95.87579, 29.26603], [-95.87986, 29.27028], [-95.884, 29.27296], [-95.88492, 29.27729], [-95.88612, 29.28147], [-95.88867, 29.28588], [-95.89061, 29.29083], [-95.89294, 29.29513], [-95.89715, 29.29883], [-95.89568, 29.30392], [-95.89499, 29.30812], [-95.89285, 29.31237], [-95.89714, 29.31487], [-95.90115, 29.31589], [-95.90602, 29.31695], [-95.91099, 29.31815], [-95.91535, 29.31904], [-95.91867, 29.32305], [-95.92063, 29.32738], [-95.92496, 29.32969], [-95.92897, 29.32897], [-95.93326, 29.32877], [-95.93732, 29.33015], [-95.94159, 29.3315], [-95.94586, 29.33287], [-95.95008, 29.33595], [-95.9495, 29.34013], [-95.95321, 29.34439], [-95.9499, 29.34853], [-95.9461, 29.35265], [-95.94194, 29.35252], [-95.93849, 29.35667], [-95.93992, 29.36075], [-95.94398, 29.36115], [-95.94524, 29.36527], [-95.94687, 29.36931], [-95.94897, 29.37354], [-95.95323, 29.3769], [-95.95723, 29.37936], [-95.96124, 29.38036], [-95.96533, 29.38118], [-95.96765, 29.38555], [-95.96758, 29.3896], [-95.96916, 29.39369], [-95.96945, 29.39782], [-95.97139, 29.40184], [-95.97178, 29.406], [-95.97241, 29.41015], [-95.97684, 29.41105], [-95.98104, 29.4105], [-95.98361, 29.41462], [-95.98768, 29.41768], [-95.98723, 29.42174], [-95.98822, 29.42592], [-95.99019, 29.43005], [-95.99459, 29.43381], [-95.99863, 29.43156], [-96.00333, 29.42919], [-96.00763, 29.42916], [-96.01182, 29.43328], [-96.0159, 29.43528], [-96.019, 29.43929], [-96.02304, 29.4414], [-96.0271, 29.44143], [-96.03117, 29.44118], [-96.03519, 29.44297], [-96.03335, 29.44699], [-96.02952, 29.451], [-96.03363, 29.45295], [-96.03774, 29.45299], [-96.03762, 29.45701], [-96.04162, 29.45712], [-96.04336, 29.46132], [-96.04746, 29.46174], [-96.04933, 29.46591], [-96.04943, 29.47026], [-96.05361, 29.47273], [-96.0578, 29.47333], [-96.06038, 29.47759], [-96.05762, 29.48181], [-96.05853, 29.48587], [-96.05959, 29.48988], [-96.05543, 29.49188], [-96.05136, 29.4931], [-96.04735, 29.49127], [-96.0432, 29.49176], [-96.03891, 29.4923], [-96.0348, 29.49246], [-96.03044, 29.49525], [-96.0263, 29.49499], [-96.02523, 29.49915], [-96.02297, 29.50325], [-96.02471, 29.50734], [-96.02875, 29.50896], [-96.03286, 29.50938], [-96.03728, 29.51048], [-96.04142, 29.50982], [-96.0455, 29.51019], [-96.04958, 29.511], [-96.05367, 29.512], [-96.05309, 29.51606], [-96.05375, 29.52025], [-96.05127, 29.52428], [-96.05536, 29.52544], [-96.0554, 29.52989], [-96.05537, 29.5339], [-96.05607, 29.53843], [-96.05161, 29.53828], [-96.04759, 29.53859], [-96.04344, 29.54055], [-96.04304, 29.54532], [-96.04152, 29.54945], [-96.0422, 29.55354], [-96.04427, 29.55758], [-96.0445, 29.56183], [-96.04878, 29.56415], [-96.05286, 29.56522], [-96.05686, 29.56737], [-96.06086, 29.57176], [-96.06302, 29.5758], [-96.06245, 29.57982], [-96.06257, 29.58397], [-96.05952, 29.58803], [-96.06391, 29.59148], [-96.06902, 29.59166], [-96.07307, 29.59438], [-96.07723, 29.59737], [-96.08127, 29.59961], [-96.08536, 29.60105], [-96.0894, 29.60188], [-96.09342, 29.60378], [-96.09335, 29.60781], [-96.09474, 29.61194], [-96.09893, 29.61351], [-96.10349, 29.61639], [-96.1075, 29.62041], [-96.11171, 29.62323], [-96.11625, 29.62334], [-96.11908, 29.61925], [-96.12327, 29.61845], [-96.12732, 29.6216], [-96.13154, 29.62262], [-96.13587, 29.61994], [-96.14025, 29.61956], [-96.14431, 29.62129], [-96.14836, 29.62545], [-96.15285, 29.62768], [-96.1571, 29.62957], [-96.16117, 29.62833], [-96.16536, 29.62652], [-96.1695, 29.62885], [-96.17352, 29.63273], [-96.18376, 29.62637], [-96.18793, 29.62261], [-96.19673, 29.61483], [-96.20091, 29.61117], [-96.20493, 29.60758], [-96.20915, 29.60349], [-96.21468, 29.59851], [-96.22085, 29.593], [-96.22571, 29.5886], [-96.23033, 29.58421], [-96.23512, 29.57988], [-96.23935, 29.57605], [-96.24376, 29.57229], [-96.24877, 29.56775], [-96.25281, 29.5641], [-96.25893, 29.55848], [-96.26299, 29.55484], [-96.26699, 29.55124], [-96.27272, 29.54609], [-96.27887, 29.54055], [-96.28451, 29.53546], [-96.28991, 29.5305], [-96.29507, 29.52588], [-96.30503, 29.51691], [-96.31317, 29.50032], [-96.31499, 29.49585], [-96.31747, 29.48933], [-96.32144, 29.47892], [-96.32466, 29.47044], [-96.32708, 29.46412], [-96.32959, 29.45746], [-96.33244, 29.44995], [-96.33437, 29.44499], [-96.33715, 29.43783], [-96.34041, 29.42942], [-96.34218, 29.42485], [-96.34584, 29.41546], [-96.34744, 29.41135], [-96.34862, 29.40679], [-96.35311, 29.40477], [-96.36024, 29.40096], [-96.36757, 29.39723], [-96.37581, 29.39327], [-96.38259, 29.38961], [-96.38891, 29.38607], [-96.39496, 29.38267], [-96.40096, 29.3793], [-96.40774, 29.37538], [-96.41226, 29.37289], [-96.41751, 29.36995], [-96.42478, 29.36589], [-96.43334, 29.36111], [-96.43851, 29.35822], [-96.46107, 29.34563], [-96.46653, 29.34259], [-96.47707, 29.33674], [-96.48175, 29.33415], [-96.49002, 29.32954], [-96.49663, 29.32591], [-96.50485, 29.32118], [-96.5108, 29.31786], [-96.5243, 29.31034], [-96.5319, 29.30612], [-96.53789, 29.30278], [-96.55169, 29.29509], [-96.55731, 29.29196], [-96.56712, 29.2865], [-96.5724, 29.28357], [-96.58098, 29.27878], [-96.58669, 29.27561], [-96.59535, 29.27078], [-96.59999, 29.2682], [-96.60426, 29.26582], [-96.61239, 29.26214], [-96.61716, 29.25998], [-96.62281, 29.25717], [-96.62774, 29.25459], [-96.63572, 29.25025], [-96.64008, 29.24793], [-96.63451, 29.24263], [-96.62525, 29.23437], [-96.61979, 29.23033], [-96.6134, 29.22559], [-96.60224, 29.21602], [-96.59112, 29.20641], [-96.56873, 29.18705], [-96.55687, 29.17681], [-96.54637, 29.16775], [-96.54227, 29.16419], [-96.53186, 29.15518], [-96.52634, 29.15044], [-96.5102, 29.13645], [-96.50543, 29.13231], [-96.50025, 29.12782], [-96.48913, 29.11817], [-96.48026, 29.11055], [-96.47542, 29.10648], [-96.46724, 29.09946], [-96.45837, 29.09185], [-96.45426, 29.08836], [-96.44985, 29.08455], [-96.44288, 29.07857], [-96.43737, 29.07385], [-96.43173, 29.069], [-96.42561, 29.06363], [-96.41619, 29.05552], [-96.40729, 29.04785], [-96.39731, 29.03927], [-96.39205, 29.03474], [-96.38803, 29.03127], [-96.38353, 29.0274], [-96.37723, 29.02197], [-96.37236, 29.01783], [-96.36195, 29.00892], [-96.35773, 29.0053], [-96.35348, 29.00165], [-96.34773, 28.99673], [-96.34058, 28.99043], [-96.3364, 28.98692], [-96.33151, 28.98282], [-96.32648, 28.97833], [-96.32034, 28.973], [-96.31412, 28.96762], [-96.30918, 28.96329], [-96.29814, 28.96888], [-96.28734, 28.97482], [-96.27805, 28.97973], [-96.27069, 28.98361], [-96.26586, 28.98617], [-96.26121, 28.98828], [-96.25024, 28.99404], [-96.24002, 28.99966], [-96.23537, 29.00215], [-96.23132, 29.0043], [-96.22671, 29.00683], [-96.21843, 29.01121], [-96.21364, 29.01374], [-96.20728, 29.01711], [-96.19843, 29.02178], [-96.19255, 29.02496], [-96.18511, 29.02885], [-96.17637, 29.03347], [-96.17176, 29.03592], [-96.16585, 29.03909], [-96.15718, 29.04373], [-96.14961, 29.0477], [-96.1422, 29.05163], [-96.13406, 29.05592], [-96.12525, 29.06055], [-96.12053, 29.06314], [-96.10538, 29.07111], [-96.10004, 29.0739], [-96.09245, 29.07787], [-96.08098, 29.08399], [-96.07343, 29.08806], [-96.06457, 29.09277], [-96.05215, 29.09937], [-96.04645, 29.1024], [-96.04224, 29.10464], [-96.03864299966774, 29.106552000306312]]]}, "properties": {"dma_county": "Wharton"}}, {"type": "Feature", "id": 548, "geometry": {"type": "Polygon", "coordinates": [[[-96.11996500029394, 29.84380400023618], [-96.11556, 29.84792], [-96.11138, 29.84959], [-96.10698, 29.85], [-96.10289, 29.85112], [-96.10483, 29.8555], [-96.10915, 29.85767], [-96.11124, 29.86249], [-96.11267, 29.87026], [-96.10823, 29.87417], [-96.10348, 29.87442], [-96.09899, 29.8756], [-96.0935, 29.87885], [-96.09416, 29.88395], [-96.09982, 29.88316], [-96.10434, 29.88264], [-96.10831, 29.88749], [-96.11235, 29.88941], [-96.11735, 29.89089], [-96.12256, 29.89392], [-96.12627, 29.89885], [-96.12615, 29.90301], [-96.12383, 29.90715], [-96.11646, 29.91086], [-96.11331, 29.91524], [-96.11632, 29.92121], [-96.11885, 29.92716], [-96.12525, 29.93046], [-96.13005, 29.93244], [-96.13174, 29.93673], [-96.12921, 29.94096], [-96.12524, 29.94583], [-96.11919, 29.9481], [-96.11487, 29.94575], [-96.11021, 29.94155], [-96.10584, 29.94031], [-96.10137, 29.94141], [-96.10269, 29.94567], [-96.10307, 29.94969], [-96.10518, 29.95406], [-96.10934, 29.95589], [-96.11413, 29.95555], [-96.11919, 29.955], [-96.12413, 29.95896], [-96.12571, 29.96316], [-96.12472, 29.96746], [-96.1206, 29.96735], [-96.11523, 29.96309], [-96.11103, 29.96174], [-96.10526, 29.95917], [-96.10057, 29.96121], [-96.09495, 29.95982], [-96.09466, 29.9643], [-96.10038, 29.96594], [-96.1004, 29.97164], [-96.09621, 29.97645], [-96.09899, 29.98212], [-96.10175, 29.98618], [-96.10327, 29.99293], [-96.10412, 29.99721], [-96.10224, 30.00191], [-96.09738, 30.0028], [-96.09318, 29.99915], [-96.08842, 29.99894], [-96.08461, 30.0041], [-96.08675, 30.00845], [-96.09052, 30.01404], [-96.09243, 30.01866], [-96.09471, 30.02538], [-96.09884, 30.02805], [-96.10297, 30.02569], [-96.10834, 30.02485], [-96.11322, 30.027], [-96.11015, 30.03107], [-96.10706, 30.03615], [-96.1096, 30.04252], [-96.11467, 30.04881], [-96.11974, 30.05062], [-96.12513, 30.05262], [-96.12992, 30.05427], [-96.13469, 30.05536], [-96.13895, 30.05694], [-96.14353, 30.06117], [-96.14626, 30.0658], [-96.1455, 30.06992], [-96.14955, 30.06799], [-96.15402, 30.06721], [-96.1559, 30.06285], [-96.15571, 30.05879], [-96.15873, 30.0544], [-96.16282, 30.05288], [-96.16685, 30.054], [-96.17103, 30.05585], [-96.17517, 30.05886], [-96.17927, 30.06065], [-96.18327, 30.06253], [-96.18738, 30.06327], [-96.19141, 30.06491], [-96.19542, 30.06498], [-96.19957, 30.06566], [-96.20369, 30.06654], [-96.20777, 30.06619], [-96.20939, 30.06218], [-96.21355, 30.06617], [-96.21647, 30.07023], [-96.22051, 30.07245], [-96.22458, 30.07218], [-96.22859, 30.07559], [-96.23284, 30.0762], [-96.23708, 30.07558], [-96.24108, 30.07367], [-96.2451, 30.07408], [-96.24915, 30.07488], [-96.2532, 30.07577], [-96.25725, 30.07582], [-96.26127, 30.07806], [-96.2653, 30.08183], [-96.26842, 30.08603], [-96.27002, 30.09005], [-96.27122, 30.09411], [-96.27537, 30.09276], [-96.27963, 30.09407], [-96.28367, 30.09407], [-96.28779, 30.09678], [-96.29285, 30.09615], [-96.31187, 30.09361], [-96.33085, 30.09108], [-96.3362, 30.09035], [-96.34071, 30.08947], [-96.34591, 30.08862], [-96.35026, 30.08791], [-96.35592, 30.08693], [-96.36199, 30.08613], [-96.37009, 30.08538], [-96.37447, 30.08511], [-96.37923, 30.08426], [-96.38326, 30.08373], [-96.39404, 30.08215], [-96.39877, 30.08153], [-96.40956, 30.08012], [-96.41607, 30.07924], [-96.42108, 30.07862], [-96.42551, 30.07799], [-96.43025, 30.07732], [-96.43609, 30.0765], [-96.44247, 30.07565], [-96.44834, 30.07486], [-96.45386, 30.07412], [-96.45932, 30.0734], [-96.46441, 30.0727], [-96.47054, 30.07185], [-96.47608, 30.07109], [-96.4891, 30.06942], [-96.49795, 30.06829], [-96.50452, 30.06729], [-96.50868, 30.06668], [-96.51424, 30.06587], [-96.51881, 30.0652], [-96.53182, 30.0651], [-96.53735, 30.06505], [-96.54135, 30.065], [-96.55139, 30.06492], [-96.55741, 30.06488], [-96.56738, 30.0648], [-96.57427, 30.06475], [-96.5859, 30.06467], [-96.58996, 30.0682], [-96.59414, 30.07102], [-96.59947, 30.06584], [-96.60755, 30.05803], [-96.61645, 30.04944], [-96.62085, 30.0452], [-96.61732, 30.03693], [-96.61233, 30.02906], [-96.60967, 30.02485], [-96.60683, 30.02038], [-96.60271, 30.01388], [-96.59931, 30.00852], [-96.59644, 30.004], [-96.5938, 29.99968], [-96.59026, 29.99405], [-96.58709, 29.98901], [-96.58419, 29.9844], [-96.58164, 29.98034], [-96.57815, 29.97476], [-96.5752, 29.97001], [-96.57225, 29.96533], [-96.56852, 29.95941], [-96.56536, 29.9544], [-96.56126, 29.94789], [-96.55836, 29.94328], [-96.55522, 29.93826], [-96.55244, 29.93386], [-96.54878, 29.92805], [-96.54616, 29.92391], [-96.54047, 29.91488], [-96.5378, 29.91065], [-96.53029, 29.90311], [-96.52273, 29.89717], [-96.51689, 29.89266], [-96.51163, 29.88856], [-96.50584, 29.88404], [-96.50181, 29.88077], [-96.49524, 29.87523], [-96.49086, 29.87182], [-96.48509, 29.86734], [-96.48103, 29.86856], [-96.47674, 29.86865], [-96.47228, 29.86449], [-96.46816, 29.86132], [-96.46411, 29.8588], [-96.46056, 29.85474], [-96.45643, 29.85513], [-96.4523, 29.856], [-96.44818, 29.8558], [-96.44397, 29.85511], [-96.44006, 29.85108], [-96.43597, 29.84906], [-96.43476, 29.84489], [-96.43057, 29.84123], [-96.42621, 29.83951], [-96.42385, 29.83543], [-96.4222, 29.83085], [-96.41789, 29.82847], [-96.41328, 29.82499], [-96.40907, 29.82526], [-96.40491, 29.82553], [-96.39926, 29.82388], [-96.39515, 29.82301], [-96.39079, 29.82215], [-96.38642, 29.82286], [-96.38242, 29.82508], [-96.37803, 29.82343], [-96.37358, 29.82368], [-96.3694, 29.82345], [-96.36525, 29.82028], [-96.36115, 29.81907], [-96.35706, 29.81989], [-96.35439, 29.82398], [-96.35093, 29.82802], [-96.34686, 29.82888], [-96.34281, 29.82913], [-96.34239, 29.82489], [-96.33807, 29.82194], [-96.33506, 29.81749], [-96.33097, 29.81466], [-96.33114, 29.81042], [-96.33205, 29.80627], [-96.33614, 29.80322], [-96.33325, 29.79876], [-96.32923, 29.79859], [-96.32515, 29.79619], [-96.32141, 29.79207], [-96.31725, 29.78904], [-96.31502, 29.78495], [-96.31505, 29.78056], [-96.31909, 29.77656], [-96.31542, 29.77256], [-96.31379, 29.76848], [-96.31405, 29.76443], [-96.31231, 29.76033], [-96.31166, 29.75619], [-96.30696, 29.7537], [-96.3028, 29.75242], [-96.29868, 29.75089], [-96.29684, 29.74665], [-96.29653, 29.7425], [-96.29873, 29.73841], [-96.29428, 29.73582], [-96.29015, 29.73343], [-96.29202, 29.7294], [-96.28802, 29.72777], [-96.28401, 29.72771], [-96.28, 29.7258], [-96.27677, 29.72176], [-96.27322, 29.71772], [-96.27071, 29.71368], [-96.27142, 29.70951], [-96.27082, 29.70546], [-96.27506, 29.70219], [-96.27558, 29.69809], [-96.27236, 29.69404], [-96.27104, 29.69], [-96.26702, 29.68731], [-96.2651, 29.68318], [-96.26192, 29.67904], [-96.26263, 29.67459], [-96.26039, 29.67026], [-96.25622, 29.66688], [-96.25221, 29.66635], [-96.24807, 29.66472], [-96.24389, 29.661], [-96.23945, 29.65777], [-96.23474, 29.66075], [-96.23072, 29.66229], [-96.22664, 29.66455], [-96.22219, 29.66412], [-96.2181, 29.66171], [-96.21391, 29.66087], [-96.20972, 29.65691], [-96.20515, 29.65606], [-96.20094, 29.65691], [-96.19666, 29.65449], [-96.19398, 29.65048], [-96.18998, 29.64757], [-96.1886, 29.64343], [-96.18441, 29.64196], [-96.18027, 29.64029], [-96.17834, 29.63616], [-96.1742, 29.63301], [-96.17014, 29.62923], [-96.16574, 29.62706], [-96.16161, 29.6281], [-96.15757, 29.62958], [-96.15306, 29.62777], [-96.14885, 29.62549], [-96.14436, 29.62134], [-96.14025, 29.61956], [-96.13621, 29.61993], [-96.13196, 29.62234], [-96.12775, 29.62193], [-96.12327, 29.61845], [-96.11917, 29.61915], [-96.11635, 29.62326], [-96.11235, 29.62356], [-96.10835, 29.62154], [-96.10441, 29.617], [-96.10004, 29.61444], [-96.09592, 29.6127], [-96.09344, 29.60833], [-96.09366, 29.60404], [-96.0894, 29.60188], [-96.07618, 29.60202], [-96.06974, 29.6021], [-96.06567, 29.6022], [-96.0591, 29.60235], [-96.0545, 29.60246], [-96.0446, 29.60261], [-96.03326, 29.60274], [-96.0274, 29.60286], [-96.02482, 29.60713], [-96.02479, 29.61187], [-96.02476, 29.6171], [-96.0239, 29.62117], [-96.01935, 29.62456], [-96.01743, 29.62902], [-96.01823, 29.6334], [-96.01878, 29.63744], [-96.01477, 29.64023], [-96.01691, 29.64489], [-96.02171, 29.64764], [-96.02636, 29.65144], [-96.03124, 29.65528], [-96.03272, 29.65932], [-96.02839, 29.65974], [-96.02395, 29.65834], [-96.01818, 29.66034], [-96.01616, 29.66558], [-96.01842, 29.66974], [-96.02303, 29.67161], [-96.02749, 29.67452], [-96.03189, 29.67492], [-96.03616, 29.67258], [-96.04053, 29.66829], [-96.04466, 29.66554], [-96.04867, 29.66656], [-96.05245, 29.67056], [-96.05665, 29.67235], [-96.06001, 29.67653], [-96.05825, 29.68106], [-96.05389, 29.68329], [-96.04786, 29.68459], [-96.04307, 29.68665], [-96.03866, 29.68793], [-96.03451, 29.68844], [-96.02985, 29.68817], [-96.02559, 29.68587], [-96.02274, 29.68021], [-96.01806, 29.6792], [-96.0149, 29.68346], [-96.01407, 29.68874], [-96.01452, 29.69359], [-96.01823, 29.69887], [-96.02236, 29.70208], [-96.01571, 29.70346], [-96.01168, 29.70258], [-96.00758, 29.70294], [-96.00453, 29.70823], [-96.00616, 29.71339], [-96.00766, 29.71768], [-96.01284, 29.71993], [-96.02241, 29.71775], [-96.02662, 29.71691], [-96.03073, 29.71706], [-96.03325, 29.72154], [-96.03232, 29.72619], [-96.03383, 29.73098], [-96.03779, 29.73561], [-96.03969, 29.73972], [-96.03477, 29.74294], [-96.03045, 29.74712], [-96.02938, 29.7517], [-96.0308, 29.7576], [-96.03449, 29.76673], [-96.03602, 29.77103], [-96.04061, 29.77589], [-96.04286, 29.78225], [-96.04149, 29.78855], [-96.04167, 29.79345], [-96.04413, 29.79751], [-96.0476, 29.80167], [-96.05197, 29.80268], [-96.05626, 29.79966], [-96.06082, 29.80457], [-96.06617, 29.80706], [-96.07178, 29.80599], [-96.07709, 29.80457], [-96.08219, 29.80472], [-96.0872, 29.80639], [-96.09285, 29.8086], [-96.09812, 29.80935], [-96.10218, 29.8096], [-96.10253, 29.81395], [-96.09873, 29.82027], [-96.09784, 29.82583], [-96.10275, 29.82547], [-96.10741, 29.82218], [-96.11168, 29.82586], [-96.11598, 29.83001], [-96.12071, 29.83516], [-96.1221, 29.8394], [-96.11996500029394, 29.84380400023618]]]}, "properties": {"dma_county": "Austin"}}, {"type": "Feature", "id": 1160, "geometry": {"type": "Polygon", "coordinates": [[[-94.40981900031329, 29.596657999667855], [-94.40562, 29.59803], [-94.4014, 29.59592], [-94.39574, 29.59659], [-94.39173, 29.59539], [-94.38761, 29.5944], [-94.3806, 29.5952], [-94.3765, 29.59489], [-94.37243, 29.59636], [-94.37147, 29.58878], [-94.37138, 29.58435], [-94.37113, 29.57405], [-94.37097, 29.56315], [-94.37082, 29.55566], [-94.36936, 29.50062], [-94.35778, 29.50519], [-94.35421, 29.55988], [-94.35386, 29.56631], [-94.35366, 29.57045], [-94.35338, 29.57484], [-94.35344, 29.57943], [-94.3535, 29.58403], [-94.35355, 29.58809], [-94.35363, 29.59272], [-94.35373, 29.59919], [-94.35385, 29.60604], [-94.35393, 29.61061], [-94.35409, 29.62035], [-94.35398, 29.62523], [-94.35423, 29.63456], [-94.35429, 29.64021], [-94.35435, 29.6451], [-94.35447, 29.65339], [-94.35466, 29.66718], [-94.35474, 29.67222], [-94.35486, 29.67917], [-94.35495, 29.68501], [-94.35506, 29.69243], [-94.35519, 29.7008], [-94.35524, 29.70482], [-94.35534, 29.71353], [-94.35548, 29.72705], [-94.35556, 29.73473], [-94.3557, 29.74305], [-94.35579, 29.74827], [-94.3559, 29.75272], [-94.35605, 29.76267], [-94.35616, 29.77026], [-94.35623, 29.7752], [-94.35632, 29.78088], [-94.35636, 29.78698], [-94.35666, 29.80028], [-94.35673, 29.80603], [-94.3568, 29.81072], [-94.35683, 29.81796], [-94.357, 29.82527], [-94.35709, 29.82981], [-94.35717, 29.83385], [-94.35727, 29.83957], [-94.3573, 29.84414], [-94.35735, 29.84888], [-94.35745, 29.85614], [-94.35759, 29.86155], [-94.35781, 29.87307], [-94.35786, 29.87805], [-94.35794, 29.88428], [-94.36296, 29.88747], [-94.36738, 29.88748], [-94.37408, 29.88749], [-94.37841, 29.88748], [-94.38947, 29.88743], [-94.39577, 29.88741], [-94.40377, 29.88732], [-94.41452, 29.88719], [-94.42088, 29.88711], [-94.42991, 29.88704], [-94.4394, 29.887], [-94.44633, 29.88953], [-94.45453, 29.88953], [-94.4634, 29.88952], [-94.47034, 29.88952], [-94.47755, 29.88951], [-94.48587, 29.88951], [-94.49098, 29.8895], [-94.50019, 29.88994], [-94.50579, 29.88987], [-94.50984, 29.88981], [-94.51479, 29.88975], [-94.51943, 29.88969], [-94.52357, 29.88964], [-94.53279, 29.88953], [-94.53686, 29.88948], [-94.54154, 29.88942], [-94.54607, 29.88936], [-94.55324, 29.88927], [-94.56197, 29.88915], [-94.56691, 29.88909], [-94.5712, 29.88904], [-94.57654, 29.88897], [-94.58253, 29.8889], [-94.58748, 29.88884], [-94.59525, 29.88876], [-94.60078, 29.8887], [-94.60514, 29.88865], [-94.6111, 29.8886], [-94.62199, 29.88848], [-94.63395, 29.88845], [-94.63801, 29.8884], [-94.64217, 29.88834], [-94.65065, 29.88822], [-94.65475, 29.88818], [-94.6589, 29.88813], [-94.66329, 29.88809], [-94.67039, 29.88802], [-94.67541, 29.88796], [-94.6796, 29.8879], [-94.68364, 29.88785], [-94.69112, 29.88774], [-94.69516, 29.88767], [-94.70007, 29.88761], [-94.70445, 29.88756], [-94.70939, 29.8875], [-94.7138, 29.88746], [-94.71782, 29.88742], [-94.72209, 29.88734], [-94.72696, 29.88732], [-94.73117, 29.88729], [-94.73842, 29.88723], [-94.74482, 29.88712], [-94.7502, 29.88705], [-94.75841, 29.88695], [-94.76302, 29.88689], [-94.77094, 29.88679], [-94.77533, 29.88675], [-94.77958, 29.88671], [-94.78373, 29.88668], [-94.7878, 29.88664], [-94.79229, 29.8866], [-94.79629, 29.88654], [-94.80049, 29.88649], [-94.80593, 29.88637], [-94.81053, 29.88633], [-94.81566, 29.88624], [-94.81985, 29.88619], [-94.82406, 29.88615], [-94.8284, 29.88607], [-94.83276, 29.88602], [-94.83697, 29.88598], [-94.84269, 29.88591], [-94.85271, 29.88584], [-94.85674, 29.8858], [-94.86268, 29.88572], [-94.86916, 29.8856], [-94.87317, 29.88554], [-94.87753, 29.88556], [-94.88176, 29.88552], [-94.88593, 29.88549], [-94.89045, 29.88544], [-94.89453, 29.88541], [-94.9071, 29.88525], [-94.91285, 29.88518], [-94.91699, 29.88515], [-94.92123, 29.88512], [-94.92809, 29.88501], [-94.93441, 29.8849], [-94.94388, 29.88476], [-94.94806, 29.88469], [-94.95211, 29.88463], [-94.95808, 29.88445], [-94.96354, 29.88439], [-94.97698, 29.8843], [-94.98146, 29.88428], [-94.97874, 29.87977], [-94.97668, 29.87551], [-94.97632, 29.8714], [-94.97594, 29.86739], [-94.97192, 29.86383], [-94.96814, 29.85934], [-94.96366, 29.85752], [-94.95919, 29.8564], [-94.95517, 29.85575], [-94.95117, 29.85376], [-94.94708, 29.84951], [-94.94559, 29.84528], [-94.94166, 29.84113], [-94.93773, 29.83707], [-94.93342, 29.83415], [-94.92919, 29.83391], [-94.92422, 29.83277], [-94.91957, 29.83122], [-94.91517, 29.82995], [-94.91115, 29.82811], [-94.90911, 29.8238], [-94.90989, 29.81964], [-94.91039, 29.81539], [-94.91188, 29.81119], [-94.91508, 29.80691], [-94.91931, 29.80278], [-94.92318, 29.79869], [-94.9232, 29.79448], [-94.91911, 29.79067], [-94.917, 29.78664], [-94.92106, 29.78254], [-94.91986, 29.77817], [-94.91656, 29.77413], [-94.91653, 29.77003], [-94.91826, 29.76602], [-94.91788, 29.76192], [-94.91847, 29.75773], [-94.9226, 29.75547], [-94.92673, 29.75211], [-94.9301, 29.74786], [-94.92889, 29.74354], [-94.92831, 29.73889], [-94.93195, 29.73435], [-94.93617, 29.73102], [-94.93909, 29.72698], [-94.942, 29.72261], [-94.94522, 29.7183], [-94.9438, 29.71428], [-94.93658, 29.7147], [-94.93257, 29.71434], [-94.93454, 29.71021], [-94.93296, 29.70521], [-94.92761, 29.70431], [-94.92968, 29.69997], [-94.92536, 29.6968], [-94.92124, 29.69964], [-94.91711, 29.69913], [-94.91766, 29.69507], [-94.92176, 29.69276], [-94.91967, 29.68845], [-94.92242, 29.6839], [-94.92666, 29.68143], [-94.92947, 29.67647], [-94.94476, 29.67763], [-94.95656, 29.68006], [-94.96132, 29.68105], [-94.96676, 29.68217], [-94.97281, 29.68003], [-94.97752, 29.6775], [-94.98295, 29.67472], [-94.99033, 29.6717], [-94.99475, 29.6689], [-94.99882, 29.66626], [-95.0025, 29.66224], [-95.00614, 29.65813], [-95.00904, 29.65348], [-95.01142, 29.64936], [-95.01355, 29.64512], [-95.01487, 29.64102], [-95.01594, 29.63697], [-95.01516, 29.63292], [-95.01276, 29.62866], [-95.0092, 29.62456], [-95.00468, 29.62065], [-95.00043, 29.61971], [-94.99718, 29.61536], [-94.99241, 29.61226], [-94.98832, 29.60889], [-94.98522, 29.60464], [-94.98316, 29.60049], [-94.98609, 29.59577], [-94.99014, 29.59343], [-94.99424, 29.59036], [-94.99731, 29.58595], [-95.00137, 29.58276], [-95.00434, 29.5787], [-95.00768, 29.57444], [-95.0103, 29.57043], [-95.01291, 29.56624], [-95.01501, 29.56205], [-95.01669, 29.55804], [-95.01745, 29.55386], [-95.01674, 29.54887], [-95.01637, 29.54482], [-95.01552, 29.54072], [-95.01173, 29.53672], [-95.00798, 29.53216], [-95.00481, 29.52793], [-95.00016, 29.52391], [-94.99515, 29.52016], [-94.99061, 29.51753], [-94.98652, 29.51528], [-94.98201, 29.51317], [-94.97717, 29.51142], [-94.97309, 29.51018], [-94.9683, 29.50889], [-94.96428, 29.50807], [-94.96025, 29.5071], [-94.95595, 29.50627], [-94.95186, 29.5052], [-94.94707, 29.50408], [-94.94167, 29.50257], [-94.93759, 29.50183], [-94.93353, 29.50085], [-94.92953, 29.49984], [-94.92524, 29.49881], [-94.9207, 29.49767], [-94.91664, 29.49705], [-94.9121, 29.49627], [-94.90579, 29.49924], [-94.90137, 29.50256], [-94.89684, 29.50551], [-94.89258, 29.50791], [-94.88631, 29.51082], [-94.88228, 29.51231], [-94.87825, 29.51364], [-94.87396, 29.51489], [-94.86795, 29.51591], [-94.86298, 29.51633], [-94.85794, 29.51678], [-94.84845, 29.51709], [-94.83734, 29.517], [-94.83033, 29.5172], [-94.82556, 29.51893], [-94.82077, 29.52199], [-94.81666, 29.52586], [-94.81236, 29.53136], [-94.80945, 29.53633], [-94.80699, 29.5411], [-94.80299, 29.54572], [-94.79881, 29.54744], [-94.7945, 29.55048], [-94.79041, 29.54765], [-94.78711, 29.54354], [-94.78447, 29.53947], [-94.78324, 29.53527], [-94.78041, 29.53126], [-94.77638, 29.52858], [-94.7722, 29.52693], [-94.76805, 29.52561], [-94.76389, 29.52441], [-94.75983, 29.52432], [-94.75582, 29.5245], [-94.75165, 29.52592], [-94.74763, 29.5274], [-94.74346, 29.52734], [-94.7394, 29.52759], [-94.73538, 29.52911], [-94.7312, 29.53002], [-94.72702, 29.53166], [-94.72288, 29.53316], [-94.71869, 29.53443], [-94.71466, 29.53566], [-94.71066, 29.53721], [-94.70644, 29.53762], [-94.7023, 29.53859], [-94.69822, 29.53806], [-94.69422, 29.53836], [-94.69007, 29.53837], [-94.68596, 29.53846], [-94.68189, 29.54013], [-94.67785, 29.54131], [-94.67367, 29.5423], [-94.66965, 29.5432], [-94.6656, 29.54469], [-94.66157, 29.54668], [-94.65754, 29.54742], [-94.65352, 29.54807], [-94.64946, 29.54869], [-94.64531, 29.54939], [-94.6413, 29.54986], [-94.63728, 29.55044], [-94.63272, 29.5521], [-94.62868, 29.55312], [-94.62463, 29.55329], [-94.62047, 29.55433], [-94.6161, 29.55525], [-94.61161, 29.55643], [-94.60742, 29.55785], [-94.60325, 29.55895], [-94.59918, 29.56077], [-94.59496, 29.56187], [-94.59082, 29.56318], [-94.58668, 29.56459], [-94.58259, 29.56624], [-94.57854, 29.5678], [-94.57378, 29.57036], [-94.56939, 29.57285], [-94.56468, 29.57393], [-94.56054, 29.57444], [-94.55643, 29.57434], [-94.55238, 29.57405], [-94.54821, 29.5731], [-94.54369, 29.57058], [-94.5407, 29.56642], [-94.53749, 29.56201], [-94.53338, 29.55877], [-94.52921, 29.55656], [-94.52547, 29.55239], [-94.5223, 29.54791], [-94.52331, 29.54366], [-94.51919, 29.54111], [-94.51505, 29.54193], [-94.51093, 29.543], [-94.50655, 29.54368], [-94.50249, 29.54383], [-94.49837, 29.54475], [-94.49657, 29.54884], [-94.49253, 29.55112], [-94.48837, 29.55323], [-94.48436, 29.55406], [-94.48035, 29.55498], [-94.47632, 29.55747], [-94.47207, 29.55717], [-94.46675, 29.5591], [-94.4616, 29.56078], [-94.45659, 29.56159], [-94.45237, 29.56294], [-94.4478, 29.56405], [-94.44377, 29.56254], [-94.43938, 29.56537], [-94.43535, 29.56471], [-94.43124, 29.56462], [-94.42723, 29.56678], [-94.42287, 29.56626], [-94.41834, 29.56917], [-94.41426, 29.57251], [-94.41402, 29.5772], [-94.41292, 29.58127], [-94.41692, 29.58456], [-94.41915, 29.58873], [-94.41506, 29.59104], [-94.41084, 29.59404], [-94.40981900031329, 29.596657999667855]]]}, "properties": {"dma_county": "Chambers"}}, {"type": "Feature", "id": 1284, "geometry": {"type": "Polygon", "coordinates": [[[-95.6833600000945, 30.90567700026609], [-95.6856, 30.90148], [-95.68983, 30.90226], [-95.69386, 30.90335], [-95.69712, 30.90737], [-95.70123, 30.90738], [-95.70533, 30.90763], [-95.70936, 30.90553], [-95.71298, 30.90956], [-95.71701, 30.91102], [-95.7211, 30.9092], [-95.72531, 30.90689], [-95.72943, 30.90328], [-95.73357, 30.90008], [-95.73767, 30.90009], [-95.74181, 30.9016], [-95.74593, 30.90221], [-95.75, 30.9017], [-95.75434, 30.8995], [-95.7584, 30.89932], [-95.76246, 30.89618], [-95.76654, 30.89282], [-95.77055, 30.88903], [-95.77469, 30.88689], [-95.77879, 30.88409], [-95.78286, 30.88201], [-95.7869, 30.87867], [-95.79097, 30.87802], [-95.79503, 30.87832], [-95.79929, 30.87653], [-95.8034, 30.87473], [-95.80751, 30.87252], [-95.81153, 30.87033], [-95.8156, 30.86835], [-95.8197, 30.86863], [-95.82375, 30.86702], [-95.82782, 30.8659], [-95.83212, 30.86328], [-95.83616, 30.86406], [-95.84034, 30.8634], [-95.84444, 30.86289], [-95.84856, 30.86318], [-95.8499, 30.86724], [-95.85404, 30.86591], [-95.85805, 30.86501], [-95.86227, 30.86536], [-95.86221, 30.858], [-95.8616, 30.85364], [-95.86075, 30.84754], [-95.85839, 30.8306], [-95.85704, 30.82088], [-95.85632, 30.81577], [-95.85505, 30.80664], [-95.85321, 30.79341], [-95.85177, 30.78307], [-95.84901, 30.76325], [-95.8472, 30.75019], [-95.84638, 30.74349], [-95.84554, 30.73723], [-95.84472, 30.73149], [-95.84375, 30.72486], [-95.84287, 30.71893], [-95.84218, 30.7144], [-95.84132, 30.70829], [-95.84032, 30.7012], [-95.83894, 30.69133], [-95.83752, 30.68119], [-95.83682, 30.67642], [-95.83588, 30.66994], [-95.83499, 30.66381], [-95.8342, 30.658], [-95.83356, 30.65332], [-95.83284, 30.64833], [-95.83221, 30.64393], [-95.83144, 30.63853], [-95.83067, 30.63326], [-95.82777, 30.629], [-95.82204, 30.62606], [-95.81499, 30.62252], [-95.81013, 30.61999], [-95.80287, 30.61622], [-95.796, 30.61267], [-95.79098, 30.61007], [-95.78229, 30.60557], [-95.77493, 30.60172], [-95.77021, 30.59928], [-95.76408, 30.59613], [-95.75973, 30.59386], [-95.75023, 30.58882], [-95.74604, 30.58648], [-95.73853, 30.58251], [-95.73295, 30.57954], [-95.72858, 30.57722], [-95.72236, 30.57395], [-95.71149, 30.56822], [-95.69918, 30.56172], [-95.69489, 30.55947], [-95.69047, 30.55713], [-95.68519, 30.5544], [-95.67824, 30.55077], [-95.6741, 30.5486], [-95.66641, 30.54456], [-95.65707, 30.53968], [-95.65292, 30.53753], [-95.64443, 30.53302], [-95.63993, 30.53065], [-95.63105, 30.52596], [-95.62675, 30.52371], [-95.62225, 30.52132], [-95.61772, 30.51889], [-95.61326, 30.51654], [-95.60518, 30.51264], [-95.60071, 30.50992], [-95.59609, 30.50896], [-95.59206, 30.50896], [-95.58149, 30.50892], [-95.57645, 30.50891], [-95.56835, 30.5089], [-95.56414, 30.50888], [-95.55514, 30.50885], [-95.54781, 30.50888], [-95.5431, 30.50891], [-95.53756, 30.50892], [-95.53323, 30.50893], [-95.52587, 30.50894], [-95.51157, 30.50891], [-95.50425, 30.50886], [-95.50022, 30.50887], [-95.49332, 30.50885], [-95.48594, 30.50885], [-95.48108, 30.50887], [-95.47332, 30.50888], [-95.46625, 30.50889], [-95.46139, 30.50889], [-95.45613, 30.50889], [-95.44888, 30.50888], [-95.43984, 30.50889], [-95.43571, 30.50888], [-95.43042, 30.50884], [-95.42618, 30.50882], [-95.42098, 30.50884], [-95.41687, 30.50886], [-95.4118, 30.50887], [-95.40322, 30.50887], [-95.3988, 30.50882], [-95.3924, 30.50885], [-95.38117, 30.50892], [-95.37536, 30.50894], [-95.36826, 30.50892], [-95.36405, 30.50893], [-95.35998, 30.50505], [-95.35857, 30.50907], [-95.35815, 30.51323], [-95.35735, 30.52112], [-95.35682, 30.52629], [-95.35632, 30.53097], [-95.35567, 30.53716], [-95.35511, 30.54251], [-95.35459, 30.54744], [-95.3539, 30.5541], [-95.35328, 30.56004], [-95.35283, 30.56448], [-95.35233, 30.56911], [-95.35144, 30.57764], [-95.35071, 30.58452], [-95.34946, 30.5967], [-95.34762, 30.61588], [-95.34658, 30.62433], [-95.34611, 30.63087], [-95.34585, 30.6351], [-95.34549, 30.64081], [-95.34512, 30.64655], [-95.34472, 30.65286], [-95.34427, 30.65966], [-95.34391, 30.66509], [-95.34359, 30.67008], [-95.34311, 30.67714], [-95.34273, 30.68229], [-95.3423, 30.68819], [-95.34198, 30.69281], [-95.34153, 30.69939], [-95.34107, 30.7057], [-95.34037, 30.71502], [-95.33993, 30.72093], [-95.33927, 30.72961], [-95.33863, 30.73775], [-95.33792, 30.74674], [-95.33669, 30.7573], [-95.33611, 30.76375], [-95.33568, 30.7685], [-95.33512, 30.77477], [-95.3346, 30.78048], [-95.3341, 30.78605], [-95.33365, 30.79108], [-95.33315, 30.79655], [-95.33242, 30.80464], [-95.33048, 30.82621], [-95.33, 30.83154], [-95.32964, 30.83557], [-95.32893, 30.84345], [-95.32813, 30.85234], [-95.32755, 30.85882], [-95.33246, 30.86339], [-95.33493, 30.86768], [-95.33731, 30.87208], [-95.34167, 30.87546], [-95.34607, 30.8742], [-95.34861, 30.87003], [-95.35106, 30.86568], [-95.34978, 30.86113], [-95.35207, 30.85695], [-95.3561, 30.85572], [-95.36179, 30.855], [-95.36697, 30.85524], [-95.37136, 30.85612], [-95.37708, 30.85538], [-95.38182, 30.85397], [-95.3859, 30.85408], [-95.39007, 30.85641], [-95.39431, 30.85739], [-95.39835, 30.85965], [-95.399, 30.86383], [-95.39782, 30.86826], [-95.39433, 30.87234], [-95.39176, 30.87668], [-95.39663, 30.87934], [-95.39249, 30.88006], [-95.3873, 30.87882], [-95.38135, 30.8793], [-95.3808, 30.88334], [-95.38262, 30.88786], [-95.38696, 30.88918], [-95.3924, 30.89045], [-95.39811, 30.89194], [-95.40218, 30.89541], [-95.40535, 30.89942], [-95.40652, 30.90387], [-95.41145, 30.90653], [-95.4155, 30.90786], [-95.41127, 30.91153], [-95.41304, 30.91639], [-95.41323, 30.92136], [-95.41088, 30.9263], [-95.41083, 30.93035], [-95.41499, 30.93359], [-95.41951, 30.93573], [-95.42484, 30.93734], [-95.4289, 30.93757], [-95.43336, 30.93725], [-95.43441, 30.94156], [-95.43437, 30.94965], [-95.4344, 30.95671], [-95.43442, 30.96433], [-95.43445, 30.97263], [-95.43446, 30.97712], [-95.43448, 30.98229], [-95.43449, 30.98835], [-95.43452, 30.99486], [-95.43456, 30.99902], [-95.43459, 31.00403], [-95.43461, 31.01106], [-95.43465, 31.02324], [-95.43463, 31.03019], [-95.4347, 31.04391], [-95.43474, 31.05384], [-95.43478, 31.0581], [-95.43935, 31.05499], [-95.44471, 31.05123], [-95.449, 31.04822], [-95.4568, 31.04274], [-95.46215, 31.03899], [-95.46895, 31.03422], [-95.47481, 31.0301], [-95.48543, 31.02265], [-95.49327, 31.01718], [-95.49884, 31.0134], [-95.50433, 31.00962], [-95.50876, 31.00654], [-95.51715, 31.00068], [-95.5251, 30.99513], [-95.52914, 30.99234], [-95.53671, 30.98712], [-95.54167, 30.9837], [-95.54707, 30.97993], [-95.55628, 30.97349], [-95.56557, 30.96699], [-95.57822, 30.95816], [-95.58345, 30.9545], [-95.59113, 30.94913], [-95.59608, 30.94566], [-95.60043, 30.94263], [-95.60457, 30.93973], [-95.61694, 30.93108], [-95.61926, 30.92689], [-95.61872, 30.92254], [-95.61443, 30.92039], [-95.61584, 30.91621], [-95.61493, 30.91199], [-95.61928, 30.9137], [-95.62329, 30.91188], [-95.62732, 30.91072], [-95.62903, 30.90665], [-95.62789, 30.90251], [-95.63192, 30.90066], [-95.636, 30.90133], [-95.64007, 30.89995], [-95.64417, 30.89946], [-95.64827, 30.89748], [-95.65243, 30.89446], [-95.65678, 30.89626], [-95.66116, 30.89674], [-95.66101, 30.90102], [-95.66517, 30.90297], [-95.67051, 30.90349], [-95.67478, 30.90561], [-95.68047, 30.90525], [-95.6833600000945, 30.90567700026609]]]}, "properties": {"dma_county": "Walker"}}, {"type": "Feature", "id": 1739, "geometry": {"type": "Polygon", "coordinates": [[[-96.64344199955742, 28.712105000248386], [-96.65421, 28.70479], [-96.65824, 28.70244], [-96.66258, 28.70402], [-96.67349, 28.70073], [-96.68947, 28.6907], [-96.70308, 28.68216], [-96.71633, 28.67376], [-96.72281, 28.66976], [-96.72734, 28.66857], [-96.73372, 28.66688], [-96.74867, 28.66294], [-96.75793, 28.66031], [-96.77344, 28.65624], [-96.80527, 28.6479], [-96.80994, 28.64668], [-96.81423, 28.64554], [-96.82203, 28.64351], [-96.82623, 28.64241], [-96.84313, 28.63798], [-96.84749, 28.63684], [-96.85306, 28.63538], [-96.85794, 28.63259], [-96.86565, 28.62777], [-96.8701, 28.62502], [-96.87458, 28.62207], [-96.8879, 28.6136], [-96.89503, 28.60909], [-96.89906, 28.60654], [-96.9106, 28.59924], [-96.91466, 28.59667], [-96.92638, 28.58926], [-96.92783, 28.58524], [-96.92475, 28.58119], [-96.9206, 28.57726], [-96.91745, 28.57276], [-96.91343, 28.56909], [-96.90936, 28.5728], [-96.90768, 28.56845], [-96.90341, 28.56691], [-96.90076, 28.56289], [-96.89901, 28.55878], [-96.90185, 28.55469], [-96.89782, 28.55275], [-96.89533, 28.54824], [-96.89857, 28.54411], [-96.90153, 28.5393], [-96.90362, 28.53474], [-96.90383, 28.53005], [-96.90182, 28.52556], [-96.89765, 28.52395], [-96.89715, 28.51974], [-96.89659, 28.51548], [-96.89259, 28.51294], [-96.89185, 28.50893], [-96.88647, 28.50623], [-96.88242, 28.50507], [-96.88023, 28.5006], [-96.87918, 28.4961], [-96.87467, 28.49426], [-96.87059, 28.49223], [-96.86621, 28.49093], [-96.86307, 28.48646], [-96.86257, 28.48201], [-96.86261, 28.47765], [-96.85796, 28.47453], [-96.85391, 28.47435], [-96.8498, 28.47699], [-96.84874, 28.47272], [-96.84445, 28.47127], [-96.8406, 28.466], [-96.83971, 28.46148], [-96.83842, 28.45713], [-96.83366, 28.45383], [-96.83097, 28.44955], [-96.82625, 28.44679], [-96.82214, 28.444], [-96.81996, 28.43923], [-96.81686, 28.43363], [-96.81146, 28.43097], [-96.80733, 28.43205], [-96.80322, 28.43545], [-96.79915, 28.43879], [-96.79539, 28.44317], [-96.79105, 28.44592], [-96.78705, 28.44744], [-96.78298, 28.44583], [-96.78114, 28.44167], [-96.77885, 28.43767], [-96.77527, 28.43363], [-96.77173, 28.42962], [-96.76765, 28.42778], [-96.76539, 28.42373], [-96.76943, 28.4214], [-96.76601, 28.41735], [-96.76442, 28.41325], [-96.7686, 28.41006], [-96.77271, 28.4079], [-96.77685, 28.40559], [-96.77973, 28.40154], [-96.78286, 28.39338], [-96.79003, 28.37589], [-96.79184, 28.3718], [-96.795, 28.36468], [-96.79279, 28.36061], [-96.79213, 28.35592], [-96.79397, 28.35186], [-96.79468, 28.34773], [-96.79481, 28.34367], [-96.79324, 28.33966], [-96.79212, 28.33545], [-96.79159, 28.33095], [-96.79086, 28.32687], [-96.79054, 28.32277], [-96.79069, 28.31851], [-96.79142, 28.31442], [-96.79207, 28.31029], [-96.79353, 28.30248], [-96.79483, 28.29524], [-96.79655, 28.28746], [-96.79753, 28.2821], [-96.79851, 28.27709], [-96.79971, 28.27044], [-96.80083, 28.26476], [-96.80187, 28.25935], [-96.80277, 28.25481], [-96.80363, 28.25013], [-96.80548, 28.24072], [-96.80643, 28.23582], [-96.80751, 28.23024], [-96.80844, 28.22543], [-96.80948, 28.21989], [-96.81035, 28.21551], [-96.8118, 28.20804], [-96.81276, 28.20303], [-96.81373, 28.19803], [-96.81449, 28.19397], [-96.81545, 28.18877], [-96.8163, 28.18446], [-96.81735, 28.17912], [-96.81954, 28.16764], [-96.82768, 28.12515], [-96.83017, 28.11103], [-96.83167, 28.10693], [-96.8352, 28.10217], [-96.83803, 28.098], [-96.83924, 28.09187], [-96.8433, 28.08601], [-96.84536, 28.0803], [-96.84604, 28.07609], [-96.84701, 28.07136], [-96.84971, 28.06691], [-96.85391, 28.0637], [-96.84982, 28.05752], [-96.8425, 28.05003], [-96.8292, 28.03643], [-96.81591, 28.02284], [-96.8004, 28.03553], [-96.78406, 28.04855], [-96.76437, 28.06457], [-96.75026, 28.07628], [-96.74625, 28.07962], [-96.73069, 28.09127], [-96.71508, 28.10227], [-96.69601, 28.11613], [-96.68342, 28.12529], [-96.67816, 28.12899], [-96.66614, 28.13768], [-96.65285, 28.147], [-96.64075, 28.15539], [-96.62526, 28.16532], [-96.61879, 28.16952], [-96.61024, 28.17464], [-96.59651, 28.183], [-96.58334, 28.19068], [-96.57448, 28.19585], [-96.55666, 28.20648], [-96.54486, 28.21325], [-96.531, 28.22116], [-96.5192, 28.22645], [-96.51005, 28.23068], [-96.50256, 28.23435], [-96.49618, 28.23724], [-96.48992, 28.24008], [-96.4814, 28.24375], [-96.47281, 28.24772], [-96.46693, 28.25028], [-96.45507, 28.25528], [-96.44038, 28.26215], [-96.42581, 28.26869], [-96.41434, 28.27329], [-96.4024, 28.27806], [-96.39565, 28.27952], [-96.39242, 28.29762], [-96.38964, 28.31635], [-96.38699, 28.33445], [-96.38457, 28.35147], [-96.38355, 28.35842], [-96.38207, 28.36853], [-96.38154, 28.37528], [-96.38048, 28.38086], [-96.3795, 28.38549], [-96.3781, 28.39179], [-96.37703, 28.39652], [-96.37614, 28.40076], [-96.37487, 28.40704], [-96.37378, 28.41162], [-96.3707, 28.4263], [-96.36755, 28.44046], [-96.36653, 28.44505], [-96.36459, 28.45424], [-96.36278, 28.4628], [-96.36101, 28.47073], [-96.35441, 28.50028], [-96.35245, 28.50879], [-96.32694, 28.62346], [-96.32377, 28.63792], [-96.32273, 28.64294], [-96.32286, 28.64817], [-96.32302, 28.65495], [-96.32313, 28.65918], [-96.32327, 28.66536], [-96.32342, 28.67165], [-96.33383, 28.67543], [-96.34051, 28.67532], [-96.35646, 28.67505], [-96.37525, 28.67491], [-96.38111, 28.67494], [-96.38531, 28.67484], [-96.38991, 28.67474], [-96.40444, 28.67441], [-96.40428, 28.68988], [-96.40008, 28.68988], [-96.39955, 28.72981], [-96.40753, 28.73028], [-96.42047, 28.71361], [-96.42858, 28.71372], [-96.42841, 28.70714], [-96.43389, 28.70345], [-96.43894, 28.70335], [-96.44327, 28.70326], [-96.44745, 28.70317], [-96.45149, 28.70308], [-96.46789, 28.70263], [-96.47792, 28.70254], [-96.47536, 28.7067], [-96.488, 28.70646], [-96.50026, 28.70617], [-96.51481, 28.70585], [-96.52845, 28.70564], [-96.5347, 28.70552], [-96.54197, 28.70538], [-96.54773, 28.70527], [-96.55317, 28.70517], [-96.55787, 28.70507], [-96.56214, 28.70498], [-96.56657, 28.70529], [-96.57062, 28.7054], [-96.57462, 28.7055], [-96.57568, 28.70027], [-96.57972, 28.6973], [-96.57888, 28.70142], [-96.57774, 28.7057], [-96.57875, 28.70982], [-96.57971, 28.71407], [-96.58104, 28.71808], [-96.58369, 28.7222], [-96.58771, 28.72509], [-96.5919, 28.7248], [-96.59609, 28.72402], [-96.60016, 28.72293], [-96.60425, 28.72224], [-96.60829, 28.72161], [-96.61233, 28.7207], [-96.61644, 28.71963], [-96.62085, 28.71833], [-96.62488, 28.71725], [-96.62891, 28.71591], [-96.63295, 28.71433], [-96.637, 28.71316], [-96.6411, 28.71231], [-96.64344199955742, 28.712105000248386]]]}, "properties": {"dma_county": "Calhoun"}}, {"type": "Feature", "id": 1861, "geometry": {"type": "Polygon", "coordinates": [[[-94.64727000023825, 30.253130000093442], [-94.64972, 30.25995], [-94.65165, 30.26531], [-94.65487, 30.27425], [-94.65788, 30.28267], [-94.65956, 30.28739], [-94.66291, 30.2968], [-94.6644, 30.30096], [-94.66583, 30.30506], [-94.66743, 30.30963], [-94.66916, 30.31444], [-94.67328, 30.3258], [-94.67478, 30.32988], [-94.67797, 30.33868], [-94.68521, 30.35865], [-94.68762, 30.3653], [-94.6908, 30.37428], [-94.69264, 30.37939], [-94.69577, 30.38803], [-94.69738, 30.39248], [-94.69909, 30.39721], [-94.70086, 30.4021], [-94.70446, 30.41203], [-94.7059, 30.41603], [-94.70877, 30.42395], [-94.71047, 30.42865], [-94.7135, 30.43702], [-94.71553, 30.44264], [-94.71714, 30.44711], [-94.72107, 30.45793], [-94.72255, 30.46204], [-94.7246, 30.46769], [-94.7261, 30.47181], [-94.72759, 30.47595], [-94.72909, 30.48006], [-94.73063, 30.48428], [-94.73222, 30.48866], [-94.74104, 30.48992], [-94.74518, 30.48983], [-94.75021, 30.48969], [-94.75493, 30.48953], [-94.75948, 30.48944], [-94.76908, 30.48923], [-94.77315, 30.48912], [-94.77724, 30.489], [-94.78145, 30.4893], [-94.7868, 30.48968], [-94.79532, 30.49028], [-94.80054, 30.49065], [-94.80524, 30.49097], [-94.81468, 30.49164], [-94.81898, 30.49192], [-94.82386, 30.49221], [-94.828, 30.49235], [-94.83482, 30.49263], [-94.84147, 30.49291], [-94.84713, 30.49337], [-94.84338, 30.48832], [-94.84982, 30.48414], [-94.85603, 30.4813], [-94.86656, 30.47648], [-94.87087, 30.47451], [-94.87517, 30.4727], [-94.88505, 30.46822], [-94.88993, 30.46601], [-94.89714, 30.46274], [-94.9033, 30.45994], [-94.9136, 30.45526], [-94.91862, 30.45298], [-94.92586, 30.44973], [-94.93282, 30.4466], [-94.93901, 30.44389], [-94.94543, 30.44123], [-94.95239, 30.4381], [-94.9582, 30.43538], [-94.96478, 30.43253], [-94.97146, 30.42965], [-95.00021, 30.4169], [-95.00676, 30.4141], [-95.0246, 30.40697], [-95.03246, 30.40409], [-95.03719, 30.40195], [-95.04533, 30.39815], [-95.05209, 30.39497], [-95.05635, 30.39297], [-95.06051, 30.39102], [-95.07105, 30.38604], [-95.07989, 30.38207], [-95.0982, 30.37463], [-95.10877, 30.36986], [-95.11453, 30.36736], [-95.1208, 30.36464], [-95.12767, 30.36161], [-95.13198, 30.35972], [-95.13837, 30.35659], [-95.14812, 30.35244], [-95.153, 30.3504], [-95.16267, 30.34633], [-95.16422, 30.3406], [-95.16256, 30.33636], [-95.16101, 30.33235], [-95.15941, 30.32826], [-95.15751, 30.32351], [-95.15585, 30.31922], [-95.15427, 30.31516], [-95.14859, 30.30061], [-95.14419, 30.28934], [-95.14151, 30.28249], [-95.13965, 30.27768], [-95.13745, 30.27201], [-95.13534, 30.26652], [-95.13353, 30.26179], [-95.13207, 30.25778], [-95.13044, 30.25326], [-95.12828, 30.24847], [-95.12559, 30.24188], [-95.12329, 30.23588], [-95.1214, 30.23096], [-95.11982, 30.22684], [-95.11724, 30.22023], [-95.11522, 30.21517], [-95.11362, 30.21113], [-95.11155, 30.20586], [-95.10934, 30.20025], [-95.10762, 30.19586], [-95.1056, 30.19064], [-95.104, 30.18655], [-95.10098, 30.17802], [-95.09894, 30.17354], [-95.09686, 30.16771], [-95.09369, 30.15958], [-95.09198, 30.1552], [-95.08828, 30.14531], [-95.08673, 30.14116], [-95.08524, 30.13713], [-95.08365, 30.13286], [-95.08021, 30.12318], [-95.07864, 30.11876], [-95.07681, 30.11361], [-95.07504, 30.10863], [-95.07355, 30.10447], [-95.0644, 30.08139], [-95.06254, 30.07665], [-95.06108, 30.07264], [-95.05936, 30.0679], [-95.0578, 30.0636], [-95.04982, 30.04204], [-95.04621, 30.03318], [-95.04489, 30.02859], [-95.04239, 30.02241], [-95.03977, 30.01569], [-95.03569, 30.00506], [-95.03239, 29.99647], [-95.02839, 29.99521], [-95.02317, 29.99673], [-95.01867, 29.99646], [-95.01314, 29.9948], [-95.00855, 29.99362], [-95.00451, 29.99263], [-95.00047, 29.99169], [-94.99844, 29.98758], [-94.99683, 29.98341], [-94.99523, 29.97928], [-94.9901, 29.97554], [-94.98598, 29.97309], [-94.98479, 29.96847], [-94.98202, 29.96422], [-94.98129, 29.95979], [-94.98103, 29.9557], [-94.98511, 29.95398], [-94.98879, 29.94981], [-94.99027, 29.94559], [-94.99173, 29.94141], [-94.99473, 29.93734], [-94.99565, 29.93323], [-94.9952, 29.92905], [-94.99489, 29.92488], [-94.9983, 29.92084], [-94.99549, 29.91658], [-94.9937, 29.9124], [-94.9905, 29.90835], [-94.98765, 29.90407], [-94.98636, 29.89995], [-94.98491, 29.89564], [-94.98585, 29.89153], [-94.9831, 29.88692], [-94.97698, 29.8843], [-94.96407, 29.88439], [-94.95906, 29.88442], [-94.9546, 29.88467], [-94.94864, 29.88468], [-94.94388, 29.88476], [-94.93826, 29.88484], [-94.93152, 29.88495], [-94.92284, 29.8851], [-94.91758, 29.88515], [-94.91346, 29.88517], [-94.90847, 29.88523], [-94.89773, 29.88537], [-94.89257, 29.88542], [-94.88759, 29.88547], [-94.88176, 29.88552], [-94.87769, 29.88556], [-94.87369, 29.88554], [-94.86916, 29.8856], [-94.86467, 29.88568], [-94.85895, 29.88578], [-94.85476, 29.88582], [-94.84654, 29.88587], [-94.83728, 29.88597], [-94.83276, 29.88602], [-94.82854, 29.88607], [-94.82406, 29.88615], [-94.81985, 29.88619], [-94.81579, 29.88623], [-94.81173, 29.88631], [-94.80744, 29.88637], [-94.80341, 29.88642], [-94.79889, 29.88651], [-94.79443, 29.88657], [-94.78988, 29.88662], [-94.78588, 29.88666], [-94.78156, 29.88669], [-94.77533, 29.88675], [-94.77094, 29.88679], [-94.76323, 29.88689], [-94.75922, 29.88694], [-94.7502, 29.88705], [-94.74482, 29.88712], [-94.73915, 29.88721], [-94.73512, 29.88728], [-94.7309, 29.8873], [-94.72347, 29.88733], [-94.71941, 29.8874], [-94.71533, 29.88744], [-94.70985, 29.8875], [-94.70583, 29.88754], [-94.70007, 29.88761], [-94.69594, 29.88766], [-94.69112, 29.88774], [-94.68626, 29.88781], [-94.68061, 29.88789], [-94.67541, 29.88796], [-94.67039, 29.88802], [-94.66329, 29.88809], [-94.6589, 29.88813], [-94.65482, 29.88818], [-94.65065, 29.88822], [-94.64217, 29.88834], [-94.63801, 29.8884], [-94.63395, 29.88845], [-94.62521, 29.88857], [-94.61491, 29.88861], [-94.60839, 29.88861], [-94.60373, 29.88867], [-94.59808, 29.88873], [-94.58943, 29.88882], [-94.58253, 29.8889], [-94.57764, 29.88896], [-94.57325, 29.88901], [-94.56835, 29.88907], [-94.56293, 29.88914], [-94.55678, 29.88922], [-94.54875, 29.88933], [-94.54456, 29.88938], [-94.53686, 29.88948], [-94.53279, 29.88953], [-94.52748, 29.88959], [-94.52335, 29.88964], [-94.51816, 29.88971], [-94.51381, 29.88976], [-94.50907, 29.88982], [-94.50294, 29.8899], [-94.49439, 29.88965], [-94.48587, 29.88951], [-94.47755, 29.88951], [-94.47034, 29.88952], [-94.46543, 29.88952], [-94.45809, 29.88952], [-94.45026, 29.88953], [-94.44326, 29.88954], [-94.4423, 29.89461], [-94.44235, 29.89871], [-94.44243, 29.90312], [-94.44253, 29.90937], [-94.44265, 29.91631], [-94.44274, 29.92191], [-94.44314, 29.94309], [-94.44327, 29.95123], [-94.44338, 29.95863], [-94.44347, 29.96402], [-94.44354, 29.96816], [-94.44368, 29.97521], [-94.44379, 29.98078], [-94.44388, 29.98652], [-94.44394, 29.99076], [-94.44401, 29.99682], [-94.4442, 30.00667], [-94.4442, 30.01076], [-94.44424, 30.01587], [-94.44435, 30.02741], [-94.4444, 30.03212], [-94.44447, 30.04011], [-94.44464, 30.06121], [-94.4447, 30.06825], [-94.44477, 30.07571], [-94.44486, 30.08427], [-94.44497, 30.0968], [-94.44502, 30.1015], [-94.44507, 30.10738], [-94.4451, 30.11159], [-94.44953, 30.11295], [-94.45398, 30.11288], [-94.45829, 30.11282], [-94.46236, 30.11276], [-94.46696, 30.11269], [-94.47352, 30.1126], [-94.48241, 30.11247], [-94.48761, 30.11236], [-94.49366, 30.11216], [-94.49982, 30.11196], [-94.50664, 30.11191], [-94.51387, 30.11188], [-94.51948, 30.11185], [-94.53067, 30.11188], [-94.53853, 30.11191], [-94.54463, 30.11192], [-94.55126, 30.11195], [-94.55919, 30.11197], [-94.56912, 30.11201], [-94.57574, 30.11203], [-94.5837, 30.11206], [-94.5905, 30.11208], [-94.59634, 30.1121], [-94.59807, 30.11677], [-94.60049, 30.1234], [-94.60267, 30.1296], [-94.60488, 30.13559], [-94.60625, 30.1396], [-94.61035, 30.15111], [-94.61396, 30.16111], [-94.61658, 30.16837], [-94.61841, 30.17344], [-94.62122, 30.18122], [-94.62277, 30.18551], [-94.62447, 30.1902], [-94.62624, 30.19462], [-94.6283, 30.19997], [-94.63008, 30.20507], [-94.63153, 30.20909], [-94.63361, 30.21484], [-94.63886, 30.22955], [-94.64043, 30.23396], [-94.64225, 30.23907], [-94.6462, 30.25014], [-94.64727000023825, 30.253130000093442]]]}, "properties": {"dma_county": "Liberty"}}, {"type": "Feature", "id": 2125, "geometry": {"type": "Polygon", "coordinates": [[[-95.00495899985778, 30.580122999704763], [-95.00983, 30.57903], [-95.0154, 30.57749], [-95.01959, 30.57741], [-95.02461, 30.57749], [-95.02863, 30.57849], [-95.0328, 30.58249], [-95.03586, 30.58726], [-95.03119, 30.59006], [-95.03091, 30.59476], [-95.02685, 30.59673], [-95.02253, 30.60029], [-95.01844, 30.60041], [-95.01443, 30.60397], [-95.00951, 30.6059], [-95.00765, 30.61028], [-95.0088, 30.61437], [-95.00908, 30.61903], [-95.00899, 30.62304], [-95.00869, 30.62725], [-95.01369, 30.62712], [-95.01553, 30.6313], [-95.02016, 30.63572], [-95.02229, 30.64129], [-95.02431, 30.64596], [-95.02395, 30.65063], [-95.0191, 30.64943], [-95.01447, 30.64818], [-95.01006, 30.65127], [-95.00962, 30.65559], [-95.0139, 30.65775], [-95.01793, 30.65551], [-95.02216, 30.65909], [-95.0265, 30.66066], [-95.03105, 30.66128], [-95.03512, 30.66249], [-95.0402, 30.66328], [-95.03932, 30.66757], [-95.0346, 30.66965], [-95.03423, 30.67421], [-95.03861, 30.67577], [-95.04264, 30.67372], [-95.04664, 30.67154], [-95.05237, 30.67126], [-95.05379, 30.676], [-95.0546, 30.68017], [-95.05937, 30.67905], [-95.06399, 30.67519], [-95.06822, 30.67353], [-95.07233, 30.67325], [-95.07752, 30.67053], [-95.08154, 30.66999], [-95.08602, 30.67175], [-95.09051, 30.67145], [-95.09117, 30.66722], [-95.09227, 30.66312], [-95.09748, 30.66026], [-95.1017, 30.65866], [-95.10598, 30.65784], [-95.11004, 30.65844], [-95.11501, 30.661], [-95.11595, 30.66511], [-95.11135, 30.66999], [-95.11292, 30.67405], [-95.11773, 30.675], [-95.11883, 30.67921], [-95.11659, 30.68337], [-95.11503, 30.68828], [-95.11044, 30.69214], [-95.11594, 30.69619], [-95.12155, 30.69636], [-95.1258, 30.69562], [-95.13034, 30.69422], [-95.1349, 30.69331], [-95.13497, 30.6981], [-95.13703, 30.70406], [-95.14046, 30.70914], [-95.14543, 30.7138], [-95.14707, 30.7198], [-95.14456, 30.72412], [-95.14225, 30.72863], [-95.14394, 30.73538], [-95.14603, 30.74056], [-95.14282, 30.74476], [-95.13792, 30.74647], [-95.1337, 30.75128], [-95.1322, 30.75534], [-95.13131, 30.75942], [-95.13259, 30.76365], [-95.13499, 30.7683], [-95.13911, 30.77371], [-95.13589, 30.77802], [-95.13185, 30.78098], [-95.13631, 30.78386], [-95.14053, 30.78824], [-95.14487, 30.7907], [-95.14889, 30.79252], [-95.15373, 30.79812], [-95.15922, 30.8009], [-95.16345, 30.80194], [-95.16759, 30.80304], [-95.17207, 30.80621], [-95.17621, 30.81002], [-95.17977, 30.81571], [-95.18738, 30.81804], [-95.19134, 30.82214], [-95.19545, 30.82409], [-95.20018, 30.82457], [-95.2034, 30.8289], [-95.20764, 30.83238], [-95.21246, 30.8331], [-95.21656, 30.83372], [-95.2229, 30.83632], [-95.22696, 30.83875], [-95.23099, 30.84115], [-95.23332, 30.84571], [-95.23495, 30.85132], [-95.23595, 30.8561], [-95.23875, 30.86177], [-95.24285, 30.86569], [-95.24044, 30.86998], [-95.23695, 30.87519], [-95.23377, 30.88121], [-95.23108, 30.88558], [-95.23353, 30.8899], [-95.23803, 30.89391], [-95.24174, 30.89842], [-95.24533, 30.90292], [-95.24961, 30.90604], [-95.2538, 30.90665], [-95.26058, 30.90573], [-95.26499, 30.90518], [-95.2723, 30.90386], [-95.27656, 30.90272], [-95.28256, 30.9014], [-95.28793, 30.9024], [-95.29203, 30.90272], [-95.29759, 30.90261], [-95.30163, 30.9021], [-95.30738, 30.90049], [-95.31218, 30.89816], [-95.31368, 30.89393], [-95.31071, 30.88962], [-95.31149, 30.88526], [-95.31595, 30.881], [-95.3148, 30.87594], [-95.31451, 30.87193], [-95.31909, 30.86871], [-95.32322, 30.86544], [-95.32457, 30.86142], [-95.32813, 30.85234], [-95.3289, 30.8438], [-95.32964, 30.83557], [-95.33, 30.83154], [-95.33043, 30.82681], [-95.33242, 30.80464], [-95.33315, 30.79655], [-95.33362, 30.79144], [-95.3341, 30.78605], [-95.3346, 30.78048], [-95.33512, 30.77477], [-95.33568, 30.7685], [-95.33611, 30.76375], [-95.33669, 30.7573], [-95.33733, 30.75019], [-95.33857, 30.73853], [-95.3391, 30.73179], [-95.3399, 30.72128], [-95.34037, 30.71502], [-95.34098, 30.70693], [-95.34135, 30.70198], [-95.34198, 30.69281], [-95.34228, 30.68838], [-95.34266, 30.68322], [-95.34311, 30.67714], [-95.34348, 30.67186], [-95.34391, 30.66509], [-95.34427, 30.65966], [-95.34462, 30.65437], [-95.34511, 30.64669], [-95.34549, 30.64081], [-95.34585, 30.6351], [-95.34611, 30.63093], [-95.34647, 30.6252], [-95.34757, 30.6163], [-95.34914, 30.60008], [-95.35056, 30.58595], [-95.35104, 30.58135], [-95.352, 30.57221], [-95.35245, 30.568], [-95.35288, 30.56393], [-95.3539, 30.5541], [-95.35453, 30.54807], [-95.35511, 30.54251], [-95.35557, 30.53814], [-95.3561, 30.53306], [-95.35656, 30.52894], [-95.35705, 30.52405], [-95.35815, 30.51323], [-95.35855, 30.50923], [-95.35916, 30.50437], [-95.35681, 30.50002], [-95.35382, 30.49599], [-95.35321, 30.49192], [-95.35337, 30.48789], [-95.35215, 30.48334], [-95.3502, 30.47933], [-95.35023, 30.47529], [-95.34742, 30.47116], [-95.34383, 30.46709], [-95.3405, 30.46239], [-95.33969, 30.45818], [-95.33796, 30.45378], [-95.33615, 30.44978], [-95.33227, 30.44564], [-95.33055, 30.44082], [-95.33077, 30.4368], [-95.32874, 30.43253], [-95.32526, 30.42852], [-95.32153, 30.42439], [-95.3178, 30.42038], [-95.31551, 30.41625], [-95.31396, 30.41223], [-95.30996, 30.40901], [-95.30611, 30.40463], [-95.30196, 30.40235], [-95.29776, 30.40117], [-95.29355, 30.39848], [-95.28911, 30.39596], [-95.28469, 30.39526], [-95.28068, 30.39494], [-95.27652, 30.39281], [-95.27203, 30.38955], [-95.26783, 30.38634], [-95.26375, 30.38434], [-95.25965, 30.38358], [-95.25517, 30.38297], [-95.25107, 30.38335], [-95.24699, 30.38247], [-95.24237, 30.38052], [-95.23776, 30.37977], [-95.2343, 30.37563], [-95.23156, 30.37163], [-95.22753, 30.36763], [-95.22671, 30.3636], [-95.22268, 30.36207], [-95.21867, 30.35916], [-95.21677, 30.35505], [-95.21271, 30.35331], [-95.2086, 30.35322], [-95.20432, 30.35206], [-95.20308, 30.34805], [-95.20713, 30.34604], [-95.21006, 30.34158], [-95.21424, 30.33809], [-95.21824, 30.3371], [-95.22231, 30.33436], [-95.2239, 30.33012], [-95.22756, 30.32612], [-95.22548, 30.32199], [-95.2199, 30.32202], [-95.21128, 30.32551], [-95.19851, 30.33051], [-95.19324, 30.33269], [-95.18607, 30.33617], [-95.18126, 30.33832], [-95.17684, 30.3402], [-95.16902, 30.34337], [-95.16267, 30.34633], [-95.153, 30.3504], [-95.14812, 30.35244], [-95.13886, 30.35638], [-95.13408, 30.35868], [-95.13006, 30.36068], [-95.12316, 30.3636], [-95.11822, 30.36578], [-95.11215, 30.36838], [-95.09825, 30.37461], [-95.08333, 30.38061], [-95.07493, 30.38429], [-95.06434, 30.38924], [-95.06019, 30.39116], [-95.05525, 30.39349], [-95.04907, 30.39639], [-95.03719, 30.40195], [-95.03246, 30.40409], [-95.02459, 30.4069], [-95.00665, 30.414], [-95.00021, 30.4169], [-94.9751, 30.42808], [-94.96752, 30.43135], [-94.96048, 30.43438], [-94.95568, 30.43656], [-94.94892, 30.43971], [-94.94268, 30.44235], [-94.93655, 30.44496], [-94.92725, 30.4491], [-94.92167, 30.4516], [-94.91647, 30.45396], [-94.90715, 30.45819], [-94.90048, 30.46122], [-94.88993, 30.46601], [-94.88505, 30.46822], [-94.87764, 30.47158], [-94.87316, 30.47345], [-94.86656, 30.47648], [-94.85603, 30.4813], [-94.85198, 30.48316], [-94.8455, 30.48612], [-94.84526, 30.49041], [-94.84941, 30.49355], [-94.85354, 30.49496], [-94.86073, 30.49407], [-94.86485, 30.49472], [-94.86619, 30.5002], [-94.86684, 30.50438], [-94.86762, 30.50867], [-94.86425, 30.51368], [-94.85993, 30.51536], [-94.85545, 30.52108], [-94.85126, 30.52485], [-94.84622, 30.52614], [-94.84202, 30.52737], [-94.83785, 30.52861], [-94.83356, 30.53036], [-94.83185, 30.53438], [-94.83004, 30.53849], [-94.83418, 30.54305], [-94.83829, 30.54482], [-94.84288, 30.54615], [-94.84696, 30.5451], [-94.85164, 30.54429], [-94.85619, 30.5462], [-94.86056, 30.54677], [-94.86789, 30.54627], [-94.87279, 30.54617], [-94.8774, 30.54888], [-94.88154, 30.55137], [-94.88556, 30.55298], [-94.88957, 30.55636], [-94.89393, 30.55665], [-94.89881, 30.55686], [-94.9037, 30.55936], [-94.90914, 30.56125], [-94.91361, 30.56106], [-94.92016, 30.5597], [-94.92489, 30.55859], [-94.93038, 30.55777], [-94.93616, 30.55771], [-94.94027, 30.55947], [-94.94404, 30.56367], [-94.94714, 30.56817], [-94.95192, 30.57131], [-94.95598, 30.57194], [-94.9608, 30.57444], [-94.96534, 30.57643], [-94.97032, 30.57689], [-94.97548, 30.57663], [-94.98107, 30.57635], [-94.98519, 30.57616], [-94.99029, 30.57749], [-94.99431, 30.57906], [-94.99855, 30.57978], [-95.00347, 30.58015], [-95.00495899985778, 30.580122999704763]]]}, "properties": {"dma_county": "San Jacinto"}}, {"type": "Feature", "id": 2185, "geometry": {"type": "Polygon", "coordinates": [[[-95.44627599969233, 29.49972500028212], [-95.44741, 29.49522], [-95.4485, 29.49116], [-95.4497, 29.48675], [-95.45099, 29.482], [-95.45227, 29.47726], [-95.45346, 29.47286], [-95.45586, 29.46406], [-95.45748, 29.4581], [-95.45882, 29.45317], [-95.4608, 29.44591], [-95.46244, 29.43986], [-95.4694, 29.43914], [-95.47648, 29.43903], [-95.50119, 29.43878], [-95.51072, 29.43871], [-95.51499, 29.43868], [-95.52383, 29.43862], [-95.5357, 29.43853], [-95.54006, 29.43812], [-95.54749, 29.43845], [-95.5507, 29.43354], [-95.55178, 29.42882], [-95.55594, 29.42534], [-95.55359, 29.42114], [-95.55003, 29.41603], [-95.54767, 29.41163], [-95.54584, 29.4069], [-95.54986, 29.40262], [-95.54725, 29.39713], [-95.55188, 29.39386], [-95.5562, 29.39149], [-95.56143, 29.3908], [-95.56557, 29.39079], [-95.56973, 29.38682], [-95.5727, 29.38281], [-95.57409, 29.3787], [-95.57569, 29.37453], [-95.57656, 29.36991], [-95.57794, 29.3651], [-95.58048, 29.36086], [-95.57618, 29.35827], [-95.57459, 29.35379], [-95.57885, 29.35263], [-95.58261, 29.34857], [-95.57921, 29.34373], [-95.58118, 29.33912], [-95.58559, 29.33752], [-95.58943, 29.33243], [-95.59049, 29.32786], [-95.59452, 29.32789], [-95.59872, 29.32771], [-95.60272, 29.32802], [-95.60683, 29.32926], [-95.61103, 29.32535], [-95.61523, 29.32128], [-95.61987, 29.31671], [-95.62392, 29.31419], [-95.62775, 29.31003], [-95.62368, 29.30665], [-95.62182, 29.30259], [-95.62273, 29.29856], [-95.62564, 29.29417], [-95.62978, 29.2931], [-95.63379, 29.29364], [-95.63788, 29.29683], [-95.64195, 29.2943], [-95.64606, 29.29384], [-95.65015, 29.29406], [-95.65416, 29.29116], [-95.65817, 29.29346], [-95.66222, 29.29459], [-95.66484, 29.2986], [-95.66891, 29.29906], [-95.6743, 29.3], [-95.67955, 29.30166], [-95.68602, 29.30369], [-95.6944, 29.30628], [-95.70098, 29.30834], [-95.70716, 29.31026], [-95.71425, 29.31248], [-95.71838, 29.31371], [-95.73561, 29.31908], [-95.74542, 29.32216], [-95.75024, 29.32353], [-95.75631, 29.3213], [-95.76086, 29.31718], [-95.76684, 29.31176], [-95.77441, 29.30502], [-95.77849, 29.3012], [-95.78401, 29.29625], [-95.79022, 29.30149], [-95.79463, 29.30524], [-95.79881, 29.30707], [-95.80679, 29.29982], [-95.81269, 29.29446], [-95.81911, 29.28865], [-95.83207, 29.27682], [-95.83736, 29.27199], [-95.84229, 29.26749], [-95.84683, 29.26334], [-95.84272, 29.26011], [-95.8468, 29.25425], [-95.85106, 29.25033], [-95.85519, 29.24674], [-95.85991, 29.2426], [-95.8698, 29.23363], [-95.87386, 29.23], [-95.8673, 29.22405], [-95.86169, 29.2192], [-95.85715, 29.21528], [-95.85063, 29.20975], [-95.84493, 29.20491], [-95.84901, 29.20091], [-95.85395, 29.19666], [-95.85489, 29.19084], [-95.84309, 29.18063], [-95.83837, 29.17656], [-95.83936, 29.1725], [-95.83972, 29.16844], [-95.84386, 29.16863], [-95.84792, 29.16547], [-95.8479, 29.16145], [-95.84996, 29.15734], [-95.8505, 29.153], [-95.84867, 29.14892], [-95.84466, 29.14511], [-95.84061, 29.14271], [-95.83932, 29.13824], [-95.83785, 29.13418], [-95.83756, 29.13013], [-95.83959, 29.12598], [-95.84041, 29.12186], [-95.84148, 29.11774], [-95.84252, 29.11373], [-95.8447, 29.10923], [-95.8435, 29.10516], [-95.84096, 29.10106], [-95.8388, 29.09691], [-95.83645, 29.09285], [-95.83217, 29.09265], [-95.82809, 29.08976], [-95.82308, 29.09058], [-95.81883, 29.08991], [-95.81462, 29.08988], [-95.8106, 29.09013], [-95.80652, 29.09049], [-95.80356, 29.08617], [-95.80124, 29.08206], [-95.79721, 29.08019], [-95.79512, 29.07559], [-95.79209, 29.07144], [-95.78752, 29.06902], [-95.78322, 29.06708], [-95.77872, 29.06519], [-95.77451, 29.06456], [-95.77045, 29.06621], [-95.76711, 29.06195], [-95.76618, 29.05794], [-95.76754, 29.05368], [-95.77206, 29.05224], [-95.77607, 29.05198], [-95.77685, 29.04789], [-95.77908, 29.04384], [-95.78329, 29.04345], [-95.78543, 29.03939], [-95.78137, 29.0377], [-95.78004, 29.03368], [-95.7841, 29.03036], [-95.7801, 29.02768], [-95.77834, 29.02316], [-95.77811, 29.01901], [-95.7794, 29.01454], [-95.78103, 29.01048], [-95.78516, 29.0123], [-95.7844, 29.00751], [-95.7802, 29.00687], [-95.7757, 29.00685], [-95.77166, 29.00611], [-95.77492, 29.00198], [-95.77776, 28.99797], [-95.77346, 28.99429], [-95.76935, 28.99154], [-95.76978, 28.98703], [-95.76993, 28.98302], [-95.76586, 28.98048], [-95.77016, 28.97665], [-95.77032, 28.97262], [-95.76592, 28.96826], [-95.75182, 28.96754], [-95.7478, 28.9676], [-95.74078, 28.96771], [-95.73525, 28.96782], [-95.72856, 28.968], [-95.72453, 28.96814], [-95.71921, 28.96828], [-95.71501, 28.96839], [-95.71017, 28.96852], [-95.70591, 28.96861], [-95.70186, 28.96933], [-95.69785, 28.96817], [-95.69373, 28.96515], [-95.68971, 28.96404], [-95.68521, 28.96127], [-95.68118, 28.96465], [-95.67682, 28.96481], [-95.67281, 28.96131], [-95.66939, 28.95671], [-95.66502, 28.95499], [-95.66064, 28.9539], [-95.65642, 28.95179], [-95.65226, 28.94715], [-95.64953, 28.94284], [-95.64582, 28.93853], [-95.649, 28.93398], [-95.65028, 28.92976], [-95.6519, 28.92568], [-95.65155, 28.92091], [-95.64678, 28.9158], [-95.64504, 28.91131], [-95.6437, 28.9069], [-95.63888, 28.90367], [-95.63522, 28.89957], [-95.63097, 28.89739], [-95.62668, 28.89455], [-95.62263, 28.89321], [-95.61921, 28.889], [-95.61608, 28.88487], [-95.61121, 28.88287], [-95.60693, 28.87967], [-95.6028, 28.87716], [-95.59825, 28.87396], [-95.59388, 28.8716], [-95.58976, 28.86836], [-95.58634, 28.86434], [-95.58116, 28.86056], [-95.5786, 28.85647], [-95.57616, 28.85242], [-95.57719, 28.84829], [-95.57842, 28.8442], [-95.57914, 28.84014], [-95.57629, 28.83594], [-95.57224, 28.83225], [-95.56771, 28.82976], [-95.5636, 28.82958], [-95.55912, 28.83013], [-95.55491, 28.83042], [-95.55081, 28.82874], [-95.54665, 28.83106], [-95.54242, 28.83249], [-95.53838, 28.83234], [-95.53437, 28.8303], [-95.52281, 28.83324], [-95.51859, 28.8345], [-95.51311, 28.83589], [-95.50867, 28.83713], [-95.50443, 28.83789], [-95.50388, 28.83366], [-95.50425, 28.82925], [-95.50709, 28.825], [-95.50416, 28.80889], [-95.50022, 28.78682], [-95.49565, 28.76484], [-95.42007, 28.80563], [-95.41366, 28.80532], [-95.4017, 28.80592], [-95.39417, 28.807], [-95.3839, 28.80939], [-95.37871, 28.81013], [-95.37367, 28.81148], [-95.36544, 28.81376], [-95.35347, 28.81786], [-95.34072, 28.82308], [-95.33052, 28.82829], [-95.32294, 28.83368], [-95.31542, 28.84221], [-95.3102, 28.85096], [-95.30812, 28.85883], [-95.29081, 28.87164], [-95.27439, 28.88104], [-95.26736, 28.88506], [-95.25707, 28.89036], [-95.25279, 28.8926], [-95.24168, 28.89996], [-95.22723, 28.91038], [-95.20643, 28.92669], [-95.18084, 28.94893], [-95.1567, 28.97427], [-95.13947, 28.9917], [-95.1291, 29.00025], [-95.11512, 29.00863], [-95.10653, 29.01493], [-95.09434, 29.03224], [-95.09191, 29.03917], [-95.08904, 29.04805], [-95.08726, 29.058], [-95.09162, 29.06274], [-95.10643, 29.07087], [-95.11672, 29.07646], [-95.12082, 29.07865], [-95.12523, 29.08106], [-95.12994, 29.08562], [-95.12517, 29.09306], [-95.10422, 29.12519], [-95.09627, 29.13742], [-95.09259, 29.14308], [-95.08958, 29.14771], [-95.08564, 29.1537], [-95.07752, 29.16598], [-95.07158, 29.17522], [-95.06782, 29.18107], [-95.06168, 29.19065], [-95.05654, 29.19865], [-95.05858, 29.20305], [-95.06167, 29.20769], [-95.06517, 29.21294], [-95.06814, 29.2174], [-95.07185, 29.22296], [-95.07534, 29.22881], [-95.07972, 29.23566], [-95.08243, 29.23982], [-95.08511, 29.24396], [-95.08794, 29.24826], [-95.09063, 29.25227], [-95.09347, 29.2565], [-95.09703, 29.26199], [-95.10336, 29.27141], [-95.10628, 29.27577], [-95.10945, 29.28049], [-95.11379, 29.28696], [-95.1171, 29.29189], [-95.11996, 29.29611], [-95.12816, 29.30842], [-95.13185, 29.31401], [-95.13881, 29.3244], [-95.14447, 29.33285], [-95.14848, 29.33894], [-95.15269, 29.34507], [-95.15946, 29.35492], [-95.16556, 29.36383], [-95.16928, 29.36999], [-95.17296, 29.37552], [-95.17559, 29.37963], [-95.18346, 29.39116], [-95.1869, 29.39621], [-95.18964, 29.40051], [-95.19339, 29.40608], [-95.1982, 29.41324], [-95.2011, 29.41766], [-95.20692, 29.42646], [-95.21347, 29.43608], [-95.21649, 29.44069], [-95.22013, 29.44613], [-95.22386, 29.45168], [-95.22982, 29.46067], [-95.23308, 29.46557], [-95.23228, 29.46972], [-95.23152, 29.47382], [-95.23074, 29.47864], [-95.22999, 29.48291], [-95.22893, 29.48793], [-95.22794, 29.49351], [-95.22701, 29.49848], [-95.22621, 29.50263], [-95.22534, 29.50721], [-95.22436, 29.51244], [-95.22355, 29.51653], [-95.22251, 29.52186], [-95.22174, 29.52642], [-95.22103, 29.53056], [-95.2203, 29.53462], [-95.21945, 29.53914], [-95.21863, 29.54341], [-95.21776, 29.54831], [-95.21671, 29.55373], [-95.21595, 29.55779], [-95.21998, 29.55784], [-95.22411, 29.55921], [-95.22825, 29.56003], [-95.23243, 29.55734], [-95.23652, 29.56019], [-95.24061, 29.56025], [-95.24197, 29.55607], [-95.24602, 29.55404], [-95.25032, 29.55535], [-95.25445, 29.55476], [-95.25259, 29.55905], [-95.25443, 29.56348], [-95.256, 29.56821], [-95.25838, 29.57226], [-95.25939, 29.57637], [-95.2607, 29.58067], [-95.26118, 29.58498], [-95.26127, 29.58919], [-95.26192, 29.59335], [-95.26604, 29.5946], [-95.27021, 29.59472], [-95.27433, 29.59494], [-95.27839, 29.59562], [-95.28249, 29.59763], [-95.28649, 29.59789], [-95.29051, 29.59756], [-95.29455, 29.59663], [-95.29859, 29.59704], [-95.30293, 29.59535], [-95.30788, 29.59502], [-95.31189, 29.59621], [-95.31626, 29.59825], [-95.32127, 29.59719], [-95.32533, 29.59802], [-95.32945, 29.59863], [-95.33348, 29.59815], [-95.33725, 29.59414], [-95.34167, 29.59212], [-95.34449, 29.58811], [-95.34853, 29.58615], [-95.35255, 29.58535], [-95.35681, 29.58678], [-95.36118, 29.58507], [-95.3653, 29.58551], [-95.36974, 29.58558], [-95.37422, 29.58777], [-95.3783, 29.58789], [-95.38245, 29.58683], [-95.38648, 29.58558], [-95.3905, 29.58381], [-95.39485, 29.58234], [-95.39898, 29.58201], [-95.40323, 29.58188], [-95.40733, 29.58241], [-95.41152, 29.58306], [-95.41569, 29.58278], [-95.42386, 29.58079], [-95.42535, 29.57641], [-95.42677, 29.57121], [-95.4282, 29.56594], [-95.43013, 29.55885], [-95.43139, 29.55414], [-95.43247, 29.55003], [-95.43378, 29.54553], [-95.4353, 29.53992], [-95.43643, 29.53579], [-95.43778, 29.53088], [-95.43927, 29.52542], [-95.44042, 29.52118], [-95.44208, 29.51511], [-95.44334, 29.51042], [-95.44607, 29.50048], [-95.44627599969233, 29.49972500028212]]]}, "properties": {"dma_county": "Brazoria"}}, {"type": "Feature", "id": 2341, "geometry": {"type": "Polygon", "coordinates": [[[-96.34735799966555, 29.41156900004735], [-96.34356, 29.4213], [-96.34041, 29.42942], [-96.33715, 29.43783], [-96.33453, 29.44458], [-96.33244, 29.44995], [-96.32959, 29.45746], [-96.32727, 29.46358], [-96.32568, 29.46779], [-96.32144, 29.47892], [-96.3186, 29.48636], [-96.31508, 29.4956], [-96.31337, 29.5001], [-96.30767, 29.51452], [-96.29644, 29.52469], [-96.29053, 29.52994], [-96.28451, 29.53546], [-96.2803, 29.53925], [-96.27322, 29.54564], [-96.26704, 29.5512], [-96.26299, 29.55484], [-96.25893, 29.55848], [-96.25328, 29.56367], [-96.24881, 29.56771], [-96.24451, 29.5716], [-96.24, 29.57546], [-96.23529, 29.57973], [-96.23054, 29.58401], [-96.22582, 29.5885], [-96.22093, 29.59293], [-96.21473, 29.59846], [-96.20915, 29.60349], [-96.20505, 29.60737], [-96.20091, 29.61117], [-96.19683, 29.61475], [-96.19165, 29.61927], [-96.18602, 29.62432], [-96.17605, 29.63337], [-96.1791, 29.63747], [-96.18179, 29.6415], [-96.18582, 29.64207], [-96.18968, 29.64627], [-96.19379, 29.64995], [-96.19622, 29.65416], [-96.20061, 29.65682], [-96.20494, 29.65608], [-96.20913, 29.65651], [-96.21314, 29.66056], [-96.21757, 29.66165], [-96.2217, 29.66387], [-96.226, 29.6647], [-96.23072, 29.66229], [-96.23474, 29.66075], [-96.23882, 29.65826], [-96.24283, 29.65998], [-96.24677, 29.66421], [-96.25086, 29.66566], [-96.255, 29.66652], [-96.25908, 29.66896], [-96.26213, 29.67325], [-96.26177, 29.67725], [-96.26324, 29.68128], [-96.26562, 29.68532], [-96.26966, 29.68905], [-96.27214, 29.69342], [-96.27395, 29.69746], [-96.27718, 29.7015], [-96.27311, 29.70409], [-96.27092, 29.70868], [-96.27167, 29.71286], [-96.27054, 29.7169], [-96.27461, 29.71836], [-96.27717, 29.72242], [-96.28122, 29.72637], [-96.28533, 29.72786], [-96.28965, 29.72745], [-96.29042, 29.73154], [-96.29314, 29.73562], [-96.29721, 29.73662], [-96.29747, 29.74085], [-96.29662, 29.74493], [-96.29695, 29.74917], [-96.30096, 29.75171], [-96.30515, 29.75322], [-96.30924, 29.75459], [-96.31169, 29.75865], [-96.31397, 29.76283], [-96.31432, 29.76701], [-96.31409, 29.77103], [-96.31821, 29.77349], [-96.31776, 29.77757], [-96.31512, 29.78189], [-96.31466, 29.78601], [-96.31761, 29.79015], [-96.32199, 29.79238], [-96.32538, 29.79645], [-96.32958, 29.79844], [-96.3336, 29.7996], [-96.33171, 29.80375], [-96.33151, 29.80838], [-96.33114, 29.81241], [-96.33366, 29.81646], [-96.33706, 29.82062], [-96.34121, 29.82406], [-96.34285, 29.82815], [-96.34686, 29.82888], [-96.35093, 29.82802], [-96.35439, 29.82398], [-96.35706, 29.81989], [-96.36115, 29.81907], [-96.36525, 29.82028], [-96.3694, 29.82345], [-96.37347, 29.82369], [-96.37768, 29.82347], [-96.38192, 29.82519], [-96.38642, 29.82286], [-96.39079, 29.82215], [-96.39482, 29.82346], [-96.39926, 29.82388], [-96.40351, 29.82515], [-96.40771, 29.82382], [-96.41173, 29.82456], [-96.41583, 29.82809], [-96.42012, 29.82943], [-96.42163, 29.83357], [-96.42504, 29.83792], [-96.42917, 29.84055], [-96.43322, 29.84121], [-96.43443, 29.84542], [-96.43659, 29.84948], [-96.44086, 29.85293], [-96.4449, 29.85493], [-96.44997, 29.85642], [-96.45397, 29.85628], [-96.45803, 29.85541], [-96.46215, 29.85741], [-96.46615, 29.86055], [-96.47029, 29.8626], [-96.47325, 29.86682], [-96.47759, 29.86871], [-96.48216, 29.86806], [-96.49086, 29.87182], [-96.49524, 29.87523], [-96.50134, 29.88036], [-96.50584, 29.88404], [-96.51079, 29.88791], [-96.51689, 29.89266], [-96.52146, 29.89622], [-96.52742, 29.90087], [-96.53571, 29.90733], [-96.53841, 29.91162], [-96.5444, 29.92112], [-96.54878, 29.92805], [-96.55234, 29.9337], [-96.55522, 29.93826], [-96.55836, 29.94328], [-96.56089, 29.94731], [-96.56393, 29.95214], [-96.56674, 29.95658], [-96.56984, 29.96152], [-96.57346, 29.9574], [-96.57709, 29.95326], [-96.58061, 29.94925], [-96.58494, 29.9443], [-96.5891, 29.93957], [-96.59414, 29.93382], [-96.5982, 29.92919], [-96.60771, 29.91836], [-96.61424, 29.91091], [-96.61839, 29.90619], [-96.62525, 29.89865], [-96.62871, 29.89458], [-96.63449, 29.88779], [-96.64058, 29.88071], [-96.64529, 29.87523], [-96.65108, 29.86886], [-96.65864, 29.85994], [-96.66298, 29.85469], [-96.66994, 29.84662], [-96.68593, 29.82794], [-96.68977, 29.82379], [-96.70434, 29.80689], [-96.70871, 29.8022], [-96.71304, 29.79733], [-96.71704, 29.79271], [-96.72122, 29.78845], [-96.74334, 29.76587], [-96.75015, 29.7589], [-96.75418, 29.75561], [-96.75858, 29.75113], [-96.76316, 29.74626], [-96.76721, 29.74212], [-96.77181, 29.73741], [-96.77606, 29.73307], [-96.78004, 29.729], [-96.78466, 29.72426], [-96.79218, 29.71658], [-96.79631, 29.71235], [-96.8007, 29.70786], [-96.80508, 29.70339], [-96.81117, 29.69717], [-96.81527, 29.69297], [-96.81934, 29.68881], [-96.82479, 29.68325], [-96.82996, 29.67796], [-96.83394, 29.67389], [-96.83871, 29.66901], [-96.8428, 29.66482], [-96.84841, 29.6591], [-96.85262, 29.65479], [-96.85764, 29.64966], [-96.86193, 29.64527], [-96.86906, 29.63799], [-96.87337, 29.63358], [-96.865, 29.63271], [-96.86304, 29.62857], [-96.85897, 29.62651], [-96.85465, 29.62304], [-96.85049, 29.62142], [-96.84779, 29.61742], [-96.84374, 29.61675], [-96.84238, 29.61273], [-96.84332, 29.60869], [-96.83929, 29.60505], [-96.83764, 29.60101], [-96.83428, 29.59699], [-96.83572, 29.5929], [-96.83631, 29.58856], [-96.83909, 29.5844], [-96.83518, 29.58022], [-96.82808, 29.5769], [-96.82238, 29.57693], [-96.81669, 29.57697], [-96.81255, 29.57702], [-96.80841, 29.57713], [-96.80148, 29.57727], [-96.79726, 29.57733], [-96.79313, 29.57738], [-96.78623, 29.5702], [-96.78135, 29.56513], [-96.77643, 29.56002], [-96.76979, 29.55311], [-96.76549, 29.54864], [-96.76129, 29.54428], [-96.75359, 29.53628], [-96.74872, 29.53119], [-96.74315, 29.52535], [-96.73897, 29.52096], [-96.73425, 29.51601], [-96.73037, 29.51194], [-96.72559, 29.50694], [-96.71921, 29.50024], [-96.71399, 29.49487], [-96.70968, 29.49045], [-96.70581, 29.48628], [-96.69827, 29.4782], [-96.69285, 29.47229], [-96.68891, 29.46797], [-96.6833, 29.46217], [-96.67918, 29.458], [-96.67509, 29.45386], [-96.67066, 29.44927], [-96.66386, 29.44223], [-96.65567, 29.43376], [-96.6479, 29.42574], [-96.64234, 29.42002], [-96.63303, 29.41057], [-96.62747, 29.40494], [-96.62155, 29.39878], [-96.61659, 29.39365], [-96.60829, 29.38508], [-96.60423, 29.38096], [-96.59873, 29.37519], [-96.59392, 29.37011], [-96.58646, 29.36231], [-96.5783, 29.35385], [-96.56055, 29.33544], [-96.56657, 29.331], [-96.57074, 29.32794], [-96.577, 29.32334], [-96.58877, 29.31467], [-96.59522, 29.30993], [-96.60665, 29.30151], [-96.61494, 29.29542], [-96.62529, 29.28814], [-96.63038, 29.28438], [-96.6356, 29.28053], [-96.64031, 29.2771], [-96.64931, 29.27055], [-96.65611, 29.26559], [-96.64935, 29.25567], [-96.64332, 29.25025], [-96.63572, 29.25025], [-96.62999, 29.25337], [-96.62525, 29.25595], [-96.61758, 29.25977], [-96.61239, 29.26214], [-96.60434, 29.26578], [-96.60017, 29.2681], [-96.59535, 29.27078], [-96.58699, 29.27544], [-96.5816, 29.27844], [-96.57383, 29.28277], [-96.56721, 29.28645], [-96.55731, 29.29196], [-96.55169, 29.29509], [-96.53789, 29.30278], [-96.5319, 29.30612], [-96.52525, 29.30982], [-96.51315, 29.31655], [-96.50516, 29.32101], [-96.50027, 29.32373], [-96.49396, 29.32737], [-96.48198, 29.33402], [-96.47715, 29.3367], [-96.46676, 29.34246], [-96.46107, 29.34563], [-96.44073, 29.35698], [-96.43334, 29.36111], [-96.42494, 29.3658], [-96.41908, 29.36908], [-96.41226, 29.37289], [-96.40801, 29.37525], [-96.40332, 29.37796], [-96.39496, 29.38267], [-96.38891, 29.38607], [-96.38383, 29.38894], [-96.37778, 29.39221], [-96.36786, 29.39709], [-96.36379, 29.39905], [-96.35324, 29.40471], [-96.34922, 29.40605], [-96.34756, 29.41092], [-96.34735799966555, 29.41156900004735]]]}, "properties": {"dma_county": "Colorado"}}, {"type": "Feature", "id": 2440, "geometry": {"type": "Polygon", "coordinates": [[[-96.19220799963477, 30.13666400021424], [-96.18829, 30.13201], [-96.18549, 30.12737], [-96.18057, 30.1235], [-96.17887, 30.11844], [-96.183, 30.11709], [-96.18742, 30.11859], [-96.19166, 30.11669], [-96.18965, 30.11179], [-96.18461, 30.10913], [-96.17914, 30.11094], [-96.17505, 30.11244], [-96.17143, 30.1081], [-96.1741, 30.10381], [-96.17282, 30.09934], [-96.16814, 30.099], [-96.16237, 30.10347], [-96.16027, 30.10807], [-96.1559, 30.10865], [-96.1525, 30.10421], [-96.15544, 30.0995], [-96.15924, 30.0941], [-96.15699, 30.08985], [-96.15344, 30.08575], [-96.14815, 30.0849], [-96.1435, 30.08498], [-96.14132, 30.07881], [-96.13703, 30.07431], [-96.13357, 30.06896], [-96.1406, 30.06925], [-96.1448, 30.07333], [-96.14913, 30.07663], [-96.15051, 30.0722], [-96.14605, 30.07022], [-96.14559, 30.06617], [-96.14412, 30.06147], [-96.13895, 30.05694], [-96.13469, 30.05536], [-96.12992, 30.05427], [-96.12523, 30.05253], [-96.12081, 30.05071], [-96.11653, 30.04986], [-96.11205, 30.04626], [-96.10772, 30.03909], [-96.10723, 30.03472], [-96.11212, 30.02994], [-96.11073, 30.02584], [-96.1063, 30.02491], [-96.10162, 30.02665], [-96.0975, 30.02798], [-96.09362, 30.02235], [-96.09217, 30.01791], [-96.08838, 30.01074], [-96.08519, 30.0062], [-96.08482, 30.00186], [-96.08922, 29.9986], [-96.09361, 29.9994], [-96.09844, 30.00405], [-96.10247, 30.00104], [-96.10452, 29.99638], [-96.10296, 29.98965], [-96.1003, 29.98381], [-96.09672, 29.97948], [-96.09745, 29.97485], [-96.10288, 29.96776], [-96.09804, 29.96512], [-96.09303, 29.96324], [-96.09819, 29.96054], [-96.10241, 29.96134], [-96.10732, 29.95938], [-96.11441, 29.96249], [-96.12015, 29.9671], [-96.12424, 29.96811], [-96.12595, 29.96382], [-96.1242, 29.9592], [-96.11946, 29.95502], [-96.11413, 29.95555], [-96.10934, 29.95589], [-96.10518, 29.95406], [-96.10307, 29.94969], [-96.10269, 29.94567], [-96.10137, 29.94141], [-96.10574, 29.94031], [-96.11021, 29.94155], [-96.11464, 29.94548], [-96.11866, 29.94778], [-96.12291, 29.94903], [-96.1255, 29.94494], [-96.12977, 29.94039], [-96.13166, 29.93586], [-96.12856, 29.93146], [-96.12264, 29.92921], [-96.11632, 29.92121], [-96.11416, 29.91711], [-96.11387, 29.91284], [-96.12079, 29.90886], [-96.12537, 29.90466], [-96.12627, 29.90051], [-96.12415, 29.89505], [-96.11735, 29.89089], [-96.11329, 29.88961], [-96.10926, 29.8888], [-96.10568, 29.88369], [-96.10167, 29.88275], [-96.0947, 29.88408], [-96.09282, 29.88002], [-96.09753, 29.87609], [-96.1019, 29.87472], [-96.10641, 29.87417], [-96.11088, 29.87343], [-96.11218, 29.86636], [-96.11076, 29.8607], [-96.10743, 29.85659], [-96.10166, 29.85396], [-96.10627, 29.85017], [-96.11045, 29.85002], [-96.11473, 29.84827], [-96.1188, 29.84539], [-96.1219, 29.84007], [-96.12071, 29.83516], [-96.11673, 29.83066], [-96.11246, 29.82673], [-96.10793, 29.82228], [-96.10275, 29.82547], [-96.09817, 29.82673], [-96.09851, 29.82244], [-96.10055, 29.81737], [-96.10317, 29.81269], [-96.09812, 29.80935], [-96.09285, 29.8086], [-96.0872, 29.80639], [-96.0826, 29.80484], [-96.07709, 29.80457], [-96.07178, 29.80599], [-96.06747, 29.80709], [-96.063, 29.8063], [-96.05956, 29.80152], [-96.0551, 29.80079], [-96.0508, 29.8031], [-96.04436, 29.7978], [-96.04167, 29.79345], [-96.0414, 29.78929], [-96.04286, 29.78225], [-96.04204, 29.77723], [-96.03737, 29.77372], [-96.03548, 29.76948], [-96.03174, 29.75992], [-96.0296, 29.75467], [-96.02958, 29.75022], [-96.03102, 29.74603], [-96.03629, 29.74178], [-96.03993, 29.73771], [-96.03714, 29.73364], [-96.03307, 29.72944], [-96.02857, 29.72798], [-96.02274, 29.72803], [-96.01667, 29.72804], [-96.01262, 29.72807], [-96.0085, 29.72808], [-96.00414, 29.72814], [-95.99982, 29.72822], [-95.99495, 29.72831], [-95.99004, 29.72838], [-95.9845, 29.72845], [-95.97897, 29.72853], [-95.97256, 29.72864], [-95.97109, 29.73596], [-95.97129, 29.74045], [-95.9605, 29.74063], [-95.95093, 29.74077], [-95.94553, 29.74291], [-95.93949, 29.74527], [-95.93222, 29.74809], [-95.92059, 29.75261], [-95.91292, 29.75558], [-95.90813, 29.75743], [-95.90226, 29.75962], [-95.89546, 29.76206], [-95.88906, 29.76436], [-95.88494, 29.76584], [-95.88067, 29.76747], [-95.87566, 29.76941], [-95.87166, 29.77088], [-95.86699, 29.77265], [-95.86055, 29.77509], [-95.85554, 29.77704], [-95.85135, 29.77865], [-95.84516, 29.781], [-95.83971, 29.7831], [-95.83467, 29.78501], [-95.83047, 29.78665], [-95.82642, 29.7882], [-95.82733, 29.79235], [-95.82875, 29.79644], [-95.83033, 29.8008], [-95.83236, 29.80644], [-95.83599, 29.81662], [-95.83769, 29.82138], [-95.83995, 29.82834], [-95.84213, 29.83398], [-95.84376, 29.83843], [-95.84528, 29.84257], [-95.84761, 29.84909], [-95.8514, 29.85981], [-95.85573, 29.8715], [-95.85718, 29.87569], [-95.86003, 29.88359], [-95.86195, 29.88889], [-95.86343, 29.89314], [-95.86509, 29.89795], [-95.86669, 29.90253], [-95.86851, 29.90758], [-95.87093, 29.91447], [-95.87284, 29.91982], [-95.87866, 29.93602], [-95.88245, 29.94663], [-95.88765, 29.96109], [-95.8891, 29.96528], [-95.89221, 29.97563], [-95.89381, 29.98012], [-95.89842, 29.99188], [-95.90234, 30.00225], [-95.90752, 30.01643], [-95.90951, 30.0219], [-95.91367, 30.0333], [-95.91804, 30.04527], [-95.92042, 30.05178], [-95.92142, 30.05592], [-95.92143, 30.06009], [-95.9251, 30.06477], [-95.92684, 30.06923], [-95.92822, 30.07324], [-95.93016, 30.07849], [-95.93223, 30.0841], [-95.93472, 30.09082], [-95.93632, 30.09517], [-95.93821, 30.10038], [-95.94049, 30.10669], [-95.94209, 30.11112], [-95.94616, 30.12235], [-95.94772, 30.12669], [-95.94957, 30.1319], [-95.95119, 30.13643], [-95.95284, 30.14107], [-95.9543, 30.14516], [-95.95587, 30.14952], [-95.95738, 30.15372], [-95.95954, 30.15989], [-95.95543, 30.16031], [-95.95141, 30.15619], [-95.94738, 30.15472], [-95.94533, 30.15059], [-95.94189, 30.14648], [-95.93783, 30.14516], [-95.93372, 30.14418], [-95.9297, 30.14415], [-95.92543, 30.14192], [-95.92199, 30.1379], [-95.91808, 30.13371], [-95.91334, 30.13114], [-95.90924, 30.1275], [-95.90522, 30.12731], [-95.90231, 30.12321], [-95.89816, 30.12174], [-95.89404, 30.12027], [-95.89, 30.11891], [-95.88589, 30.1204], [-95.88177, 30.1219], [-95.87775, 30.12048], [-95.87374, 30.1221], [-95.87249, 30.11809], [-95.86845, 30.11754], [-95.86428, 30.11323], [-95.86318, 30.1091], [-95.85902, 30.10498], [-95.85472, 30.10174], [-95.85057, 30.10209], [-95.84657, 30.10049], [-95.84374, 30.09635], [-95.84321, 30.09196], [-95.84443, 30.08793], [-95.84032, 30.08518], [-95.8357, 30.08389], [-95.83164, 30.08444], [-95.82627, 30.08214], [-95.82202, 30.08221], [-95.81799, 30.08205], [-95.8138, 30.08455], [-95.80975, 30.08523], [-95.80641, 30.08947], [-95.80368, 30.1138], [-95.80367, 30.12119], [-95.80373, 30.12543], [-95.80378, 30.13248], [-95.80378, 30.13755], [-95.8038, 30.14217], [-95.80383, 30.15095], [-95.80384, 30.1571], [-95.80385, 30.16136], [-95.80386, 30.16625], [-95.80387, 30.17191], [-95.80388, 30.17834], [-95.80398, 30.18736], [-95.80396, 30.19259], [-95.80397, 30.19785], [-95.80402, 30.20597], [-95.80405, 30.2114], [-95.80409, 30.22029], [-95.80412, 30.22612], [-95.80412, 30.23028], [-95.80422, 30.23826], [-95.8043, 30.24535], [-95.81171, 30.24507], [-95.81841, 30.2448], [-95.82271, 30.24463], [-95.82842, 30.24423], [-95.83265, 30.244], [-95.83974, 30.24358], [-95.8521, 30.24246], [-95.85816, 30.24205], [-95.86731, 30.24145], [-95.87186, 30.24111], [-95.87797, 30.24064], [-95.8825, 30.24029], [-95.88661, 30.23997], [-95.8956, 30.23931], [-95.89964, 30.23902], [-95.90436, 30.23871], [-95.91122, 30.23825], [-95.91877, 30.2377], [-95.92302, 30.23731], [-95.92777, 30.23747], [-95.9341, 30.23754], [-95.93861, 30.23753], [-95.94826, 30.23692], [-95.95377, 30.23696], [-95.95802, 30.23669], [-95.96518, 30.23623], [-95.96999, 30.23593], [-95.97438, 30.23565], [-95.98208, 30.23515], [-95.99124, 30.23456], [-95.99538, 30.23426], [-96.00023, 30.23401], [-96.0048, 30.23372], [-96.00906, 30.23345], [-96.01444, 30.23313], [-96.02189, 30.23269], [-96.02744, 30.23237], [-96.03212, 30.2321], [-96.03634, 30.23186], [-96.04124, 30.23157], [-96.04654, 30.23127], [-96.05294, 30.23091], [-96.06329, 30.23034], [-96.06932, 30.22996], [-96.0745, 30.22943], [-96.07951, 30.22922], [-96.08894, 30.22872], [-96.09316, 30.22519], [-96.09312, 30.22045], [-96.09602, 30.21587], [-96.10058, 30.21539], [-96.10519, 30.21755], [-96.10941, 30.21991], [-96.11214, 30.22448], [-96.11716, 30.22728], [-96.11916, 30.22273], [-96.12524, 30.21518], [-96.12925, 30.21098], [-96.13398, 30.21056], [-96.13816, 30.21135], [-96.14256, 30.21504], [-96.14697, 30.21823], [-96.14988, 30.21302], [-96.15585, 30.20866], [-96.15927, 30.20457], [-96.15828, 30.19922], [-96.15915, 30.19505], [-96.15709, 30.1905], [-96.15852, 30.18585], [-96.15973, 30.1811], [-96.15538, 30.17798], [-96.1552, 30.17316], [-96.15985, 30.16933], [-96.16201, 30.16491], [-96.15733, 30.16063], [-96.15322, 30.15912], [-96.15001, 30.15427], [-96.15113, 30.14991], [-96.15155, 30.14565], [-96.15487, 30.14137], [-96.16064, 30.14313], [-96.16541, 30.14714], [-96.17027, 30.15012], [-96.17474, 30.15367], [-96.17966, 30.15576], [-96.18315, 30.15071], [-96.18032, 30.14653], [-96.17459, 30.14366], [-96.17261, 30.13863], [-96.17714, 30.13815], [-96.18183, 30.1409], [-96.18613, 30.14193], [-96.19017, 30.1402], [-96.19220799963477, 30.13666400021424]]]}, "properties": {"dma_county": "Waller"}}, {"type": "Feature", "id": 2659, "geometry": {"type": "Polygon", "coordinates": [[[-96.56849600006939, 29.186851999913397], [-96.59009, 29.20552], [-96.60224, 29.21602], [-96.6101, 29.22278], [-96.61866, 29.2295], [-96.62525, 29.23437], [-96.6324, 29.24075], [-96.63753, 29.24532], [-96.6423, 29.24958], [-96.64935, 29.25567], [-96.65847, 29.26388], [-96.66267, 29.26082], [-96.67185, 29.25412], [-96.67717, 29.25025], [-96.68447, 29.24509], [-96.69778, 29.23563], [-96.72495, 29.21634], [-96.73042, 29.21244], [-96.74155, 29.20455], [-96.75025, 29.19845], [-96.75581, 29.19451], [-96.76123, 29.19067], [-96.77738, 29.17925], [-96.78819, 29.17164], [-96.80059, 29.16287], [-96.81188, 29.15489], [-96.82601, 29.14491], [-96.83116, 29.14126], [-96.8372, 29.137], [-96.84755, 29.12968], [-96.85292, 29.12589], [-96.86405, 29.11797], [-96.87103, 29.11302], [-96.87526, 29.11006], [-96.87944, 29.10702], [-96.8843, 29.1035], [-96.89069, 29.09868], [-96.90177, 29.09051], [-96.91213, 29.08286], [-96.93503, 29.06587], [-96.93411, 29.06151], [-96.9248, 29.05805], [-96.91987, 29.05617], [-96.91241, 29.05333], [-96.90548, 29.0507], [-96.88539, 29.04309], [-96.87526, 29.03924], [-96.86128, 29.03383], [-96.84769, 29.02879], [-96.83879, 29.02533], [-96.83531, 29.02114], [-96.83114, 29.0182], [-96.82856, 29.01413], [-96.82561, 29.00984], [-96.82501, 29.00533], [-96.82226, 29.00026], [-96.81974, 28.99577], [-96.8176, 28.99096], [-96.81539, 28.98647], [-96.81213, 28.98232], [-96.81208, 28.9779], [-96.80992, 28.97359], [-96.80585, 28.97288], [-96.80804, 28.96882], [-96.80914, 28.96465], [-96.80856, 28.96048], [-96.8077, 28.95647], [-96.80445, 28.95091], [-96.80437, 28.94605], [-96.80171, 28.94153], [-96.80104, 28.93723], [-96.79971, 28.93303], [-96.79539, 28.93161], [-96.79398, 28.92728], [-96.7914, 28.92309], [-96.79213, 28.9188], [-96.78716, 28.91786], [-96.78216, 28.91498], [-96.77807, 28.91591], [-96.77391, 28.91394], [-96.77365, 28.90975], [-96.77164, 28.9056], [-96.7668, 28.90516], [-96.76279, 28.905], [-96.76258, 28.90046], [-96.75845, 28.89648], [-96.75389, 28.89547], [-96.74984, 28.89485], [-96.74576, 28.89103], [-96.74162, 28.89254], [-96.73681, 28.89085], [-96.73267, 28.88757], [-96.73209, 28.88319], [-96.73206, 28.87902], [-96.73005, 28.87427], [-96.72859, 28.87026], [-96.7244, 28.86722], [-96.72247, 28.86293], [-96.71802, 28.86037], [-96.7156, 28.85625], [-96.71151, 28.85141], [-96.70725, 28.85366], [-96.70306, 28.85164], [-96.70509, 28.84726], [-96.70911, 28.84507], [-96.71322, 28.84534], [-96.71567, 28.83989], [-96.71659, 28.83489], [-96.71234, 28.83104], [-96.71708, 28.82992], [-96.71908, 28.82529], [-96.72309, 28.82119], [-96.71965, 28.81718], [-96.7151, 28.8162], [-96.71084, 28.81526], [-96.70654, 28.81523], [-96.70638, 28.80891], [-96.70675, 28.80417], [-96.70245, 28.8002], [-96.70661, 28.79709], [-96.69977, 28.7969], [-96.6953, 28.79321], [-96.69767, 28.78783], [-96.69647, 28.78093], [-96.6985, 28.77576], [-96.69413, 28.77239], [-96.68997, 28.7725], [-96.68591, 28.77193], [-96.68929, 28.76732], [-96.68289, 28.76302], [-96.67816, 28.76357], [-96.67413, 28.76345], [-96.67009, 28.76119], [-96.67135, 28.75602], [-96.67171, 28.75107], [-96.66674, 28.74806], [-96.66332, 28.74228], [-96.66729, 28.73828], [-96.66352, 28.73319], [-96.66116, 28.72758], [-96.65959, 28.72263], [-96.65553, 28.71991], [-96.65079, 28.72231], [-96.64653, 28.72018], [-96.64235, 28.71724], [-96.64674, 28.7188], [-96.65074, 28.72071], [-96.65046, 28.71596], [-96.64622, 28.71202], [-96.64219, 28.71215], [-96.63807, 28.71285], [-96.63395, 28.71393], [-96.62992, 28.71542], [-96.62589, 28.71719], [-96.62179, 28.71807], [-96.6175, 28.71939], [-96.61339, 28.71987], [-96.60937, 28.72161], [-96.60525, 28.72237], [-96.60122, 28.72287], [-96.59721, 28.72379], [-96.59311, 28.72477], [-96.58902, 28.72502], [-96.58502, 28.72408], [-96.5824, 28.72008], [-96.58, 28.71581], [-96.5793, 28.71159], [-96.5778, 28.70748], [-96.57783, 28.70343], [-96.57961, 28.69925], [-96.57539, 28.70165], [-96.57062, 28.7054], [-96.56657, 28.70529], [-96.56214, 28.70498], [-96.55787, 28.70507], [-96.55382, 28.70516], [-96.54773, 28.70527], [-96.54197, 28.70538], [-96.5347, 28.70552], [-96.52891, 28.70563], [-96.51753, 28.70582], [-96.50066, 28.70617], [-96.49149, 28.70637], [-96.47764, 28.7067], [-96.47806, 28.70257], [-96.46812, 28.70263], [-96.45278, 28.70306], [-96.44855, 28.70315], [-96.44327, 28.70326], [-96.43894, 28.70335], [-96.43464, 28.70343], [-96.43029, 28.70351], [-96.42858, 28.71372], [-96.42047, 28.71361], [-96.40764, 28.72999], [-96.39954, 28.73023], [-96.40008, 28.68988], [-96.40428, 28.68988], [-96.40444, 28.67441], [-96.3914, 28.6746], [-96.3873, 28.6748], [-96.38111, 28.67494], [-96.37525, 28.67491], [-96.35646, 28.67505], [-96.34437, 28.67526], [-96.33383, 28.67543], [-96.32704, 28.67554], [-96.32213, 28.70252], [-96.32143, 28.71581], [-96.32121, 28.72006], [-96.32097, 28.72481], [-96.32064, 28.73135], [-96.3204, 28.73589], [-96.32013, 28.74113], [-96.31965, 28.75023], [-96.31926, 28.75759], [-96.31899, 28.76204], [-96.31868, 28.76729], [-96.31815, 28.77635], [-96.31784, 28.78163], [-96.31745, 28.7882], [-96.31719, 28.7926], [-96.31675, 28.80023], [-96.3164, 28.80703], [-96.31566, 28.82183], [-96.3153, 28.82911], [-96.31488, 28.83758], [-96.31448, 28.8458], [-96.31415, 28.85272], [-96.31376, 28.86091], [-96.31341, 28.86804], [-96.31303, 28.87457], [-96.31224, 28.88803], [-96.31189, 28.89576], [-96.31163, 28.90155], [-96.31129, 28.90905], [-96.31079, 28.92033], [-96.31058, 28.9249], [-96.31061, 28.92897], [-96.31011, 28.9399], [-96.30952, 28.95132], [-96.30918, 28.96329], [-96.31412, 28.96762], [-96.32034, 28.973], [-96.32479, 28.97686], [-96.32887, 28.98041], [-96.33525, 28.98596], [-96.34028, 28.99017], [-96.34543, 28.99466], [-96.34979, 28.99848], [-96.35391, 29.00203], [-96.36195, 29.00892], [-96.36936, 29.01528], [-96.37524, 29.02026], [-96.38144, 29.0256], [-96.38556, 29.02915], [-96.39205, 29.03474], [-96.39708, 29.03907], [-96.40729, 29.04785], [-96.41619, 29.05552], [-96.42298, 29.06137], [-96.42994, 29.06735], [-96.43581, 29.0725], [-96.44288, 29.07857], [-96.44829, 29.08322], [-96.45404, 29.08817], [-96.45837, 29.09185], [-96.46719, 29.09942], [-96.4727, 29.10415], [-96.47694, 29.10776], [-96.48913, 29.11817], [-96.49706, 29.12525], [-96.50543, 29.13231], [-96.5102, 29.13645], [-96.52435, 29.14871], [-96.53184, 29.15516], [-96.54119, 29.16325], [-96.54635, 29.16773], [-96.5563, 29.17631], [-96.56494, 29.18378], [-96.56849600006939, 29.186851999913397]]]}, "properties": {"dma_county": "Jackson"}}, {"type": "Feature", "id": 2682, "geometry": {"type": "Polygon", "coordinates": [[[-96.43622499977039, 30.076487000275513], [-96.43064, 30.07727], [-96.42551, 30.07799], [-96.42143, 30.07857], [-96.41607, 30.07924], [-96.41193, 30.0798], [-96.39877, 30.08153], [-96.39445, 30.0821], [-96.38628, 30.08332], [-96.38226, 30.08386], [-96.37812, 30.08441], [-96.37079, 30.08538], [-96.36313, 30.08602], [-96.35779, 30.08654], [-96.35157, 30.08769], [-96.34678, 30.08848], [-96.34274, 30.08916], [-96.33848, 30.08986], [-96.33406, 30.09065], [-96.31232, 30.09355], [-96.29285, 30.09615], [-96.28838, 30.09682], [-96.28431, 30.09528], [-96.28009, 30.09413], [-96.27599, 30.09242], [-96.27178, 30.09425], [-96.27002, 30.09005], [-96.26844, 30.08604], [-96.26625, 30.08199], [-96.26216, 30.07824], [-96.25811, 30.07617], [-96.25405, 30.0746], [-96.25, 30.07426], [-96.24588, 30.0744], [-96.24183, 30.07283], [-96.2378, 30.07542], [-96.23361, 30.07625], [-96.22959, 30.07574], [-96.22539, 30.0738], [-96.2213, 30.07245], [-96.21692, 30.07052], [-96.21406, 30.06639], [-96.21006, 30.06263], [-96.20733, 30.06669], [-96.20327, 30.06647], [-96.19878, 30.0656], [-96.19466, 30.06498], [-96.19056, 30.06476], [-96.18654, 30.06272], [-96.18243, 30.06243], [-96.1783, 30.06083], [-96.17419, 30.05815], [-96.17008, 30.0558], [-96.16604, 30.05343], [-96.16189, 30.05428], [-96.15773, 30.05502], [-96.15596, 30.05959], [-96.15536, 30.06371], [-96.15127, 30.06783], [-96.14709, 30.07008], [-96.1513, 30.07345], [-96.14629, 30.07495], [-96.14286, 30.07094], [-96.13715, 30.06713], [-96.1349, 30.07229], [-96.13967, 30.07556], [-96.14119, 30.08118], [-96.14533, 30.08524], [-96.15046, 30.08471], [-96.15533, 30.08779], [-96.15924, 30.0941], [-96.15766, 30.09831], [-96.15341, 30.10137], [-96.15286, 30.10583], [-96.15766, 30.10855], [-96.16237, 30.10347], [-96.16814, 30.099], [-96.17282, 30.09934], [-96.1741, 30.10381], [-96.17143, 30.1081], [-96.17505, 30.11244], [-96.17914, 30.11094], [-96.18355, 30.10921], [-96.18865, 30.11046], [-96.19171, 30.11523], [-96.18759, 30.11861], [-96.183, 30.11709], [-96.17887, 30.11844], [-96.17987, 30.12299], [-96.18433, 30.12641], [-96.18829, 30.13201], [-96.19221, 30.13666], [-96.1878, 30.14169], [-96.18357, 30.14143], [-96.17905, 30.13882], [-96.1744, 30.13775], [-96.17334, 30.14246], [-96.17823, 30.14499], [-96.18264, 30.14941], [-96.18255, 30.15398], [-96.17765, 30.15554], [-96.17349, 30.15246], [-96.16845, 30.14917], [-96.16283, 30.14486], [-96.15693, 30.1414], [-96.15253, 30.14313], [-96.15093, 30.14765], [-96.1504, 30.15207], [-96.15064, 30.1563], [-96.15523, 30.1601], [-96.16003, 30.16183], [-96.16182, 30.16603], [-96.15866, 30.17005], [-96.15493, 30.17438], [-96.15663, 30.17888], [-96.15978, 30.18318], [-96.15769, 30.18719], [-96.15848, 30.19263], [-96.15863, 30.19716], [-96.15907, 30.2013], [-96.159, 30.20545], [-96.15357, 30.21011], [-96.14946, 30.21454], [-96.14508, 30.21857], [-96.14188, 30.21388], [-96.13631, 30.21081], [-96.13161, 30.2107], [-96.12724, 30.21254], [-96.12015, 30.22149], [-96.11766, 30.22565], [-96.11297, 30.22618], [-96.10984, 30.22093], [-96.10519, 30.21755], [-96.10102, 30.21567], [-96.09671, 30.21487], [-96.09406, 30.21907], [-96.09267, 30.22352], [-96.09557, 30.22876], [-96.10148, 30.23076], [-96.10444, 30.23495], [-96.10135, 30.24088], [-96.09694, 30.24301], [-96.09196, 30.24025], [-96.08767, 30.23777], [-96.08333, 30.23831], [-96.08114, 30.24253], [-96.08201, 30.24657], [-96.08458, 30.25125], [-96.08944, 30.25304], [-96.09487, 30.25239], [-96.09912, 30.25517], [-96.09886, 30.2597], [-96.09652, 30.26388], [-96.09486, 30.26831], [-96.09426, 30.27268], [-96.09246, 30.2769], [-96.08765, 30.28084], [-96.08405, 30.28506], [-96.08685, 30.28941], [-96.09167, 30.28948], [-96.09693, 30.289], [-96.1004, 30.2948], [-96.09877, 30.29955], [-96.09364, 30.3052], [-96.0944, 30.30937], [-96.09859, 30.31102], [-96.10408, 30.30882], [-96.11231, 30.3066], [-96.11737, 30.30419], [-96.1216, 30.30755], [-96.12527, 30.31156], [-96.13163, 30.31243], [-96.13655, 30.31475], [-96.13704, 30.31925], [-96.14119, 30.32292], [-96.14524, 30.32359], [-96.14939, 30.32519], [-96.15394, 30.32932], [-96.15873, 30.33669], [-96.1604, 30.34087], [-96.1574, 30.34524], [-96.15318, 30.34945], [-96.15271, 30.35503], [-96.15438, 30.3593], [-96.15463, 30.36378], [-96.1504, 30.36669], [-96.15082, 30.37077], [-96.15521, 30.37382], [-96.15821, 30.37799], [-96.16287, 30.3781], [-96.16722, 30.37525], [-96.17154, 30.37379], [-96.17555, 30.37501], [-96.17608, 30.37933], [-96.17449, 30.38358], [-96.17322, 30.38767], [-96.17565, 30.39213], [-96.17967, 30.39494], [-96.18381, 30.39428], [-96.18844, 30.39739], [-96.19325, 30.39965], [-96.19726, 30.39748], [-96.19853, 30.39318], [-96.19893, 30.38907], [-96.19939, 30.38445], [-96.2041, 30.38037], [-96.20818, 30.37691], [-96.21289, 30.37421], [-96.21804, 30.37669], [-96.22226, 30.376], [-96.2264, 30.37423], [-96.23058, 30.37221], [-96.23509, 30.36972], [-96.24069, 30.36951], [-96.24489, 30.36919], [-96.24956, 30.36628], [-96.25445, 30.36572], [-96.25894, 30.36735], [-96.26344, 30.36966], [-96.2623, 30.36466], [-96.26657, 30.36018], [-96.27123, 30.35835], [-96.2756, 30.35964], [-96.27851, 30.36385], [-96.28336, 30.36433], [-96.28765, 30.36633], [-96.28919, 30.37148], [-96.29365, 30.37556], [-96.29863, 30.37702], [-96.30103, 30.38145], [-96.30525, 30.38321], [-96.31025, 30.38347], [-96.31446, 30.3818], [-96.31912, 30.37912], [-96.32337, 30.37919], [-96.32764, 30.3747], [-96.33198, 30.37333], [-96.33712, 30.37225], [-96.34004, 30.36824], [-96.34409, 30.36827], [-96.34814, 30.36922], [-96.35229, 30.3704], [-96.35664, 30.37321], [-96.35967, 30.36916], [-96.36377, 30.36714], [-96.36877, 30.3652], [-96.37363, 30.36343], [-96.37495, 30.35921], [-96.37899, 30.35662], [-96.38365, 30.35827], [-96.38822, 30.35652], [-96.39233, 30.35559], [-96.39685, 30.35455], [-96.40111, 30.35348], [-96.40524, 30.35114], [-96.40877, 30.35548], [-96.41288, 30.35691], [-96.41717, 30.35382], [-96.41911, 30.34968], [-96.42, 30.34556], [-96.42466, 30.34384], [-96.42984, 30.34307], [-96.43393, 30.34326], [-96.4381, 30.34293], [-96.44239, 30.34143], [-96.44687, 30.34127], [-96.45117, 30.34306], [-96.4555, 30.34436], [-96.4566, 30.34013], [-96.46068, 30.33826], [-96.46491, 30.33626], [-96.46914, 30.33801], [-96.47337, 30.33565], [-96.47746, 30.3334], [-96.48165, 30.33307], [-96.48468, 30.33708], [-96.48924, 30.33693], [-96.49169, 30.33282], [-96.49372, 30.32867], [-96.49604, 30.32436], [-96.50153, 30.32391], [-96.50584, 30.32249], [-96.51029, 30.32162], [-96.51236, 30.32569], [-96.51668, 30.3252], [-96.52073, 30.32317], [-96.52533, 30.32272], [-96.52985, 30.32023], [-96.5352, 30.31989], [-96.53961, 30.32109], [-96.54448, 30.31856], [-96.5486, 30.3214], [-96.55264, 30.32135], [-96.55672, 30.3234], [-96.56103, 30.32294], [-96.56324, 30.31878], [-96.56795, 30.31731], [-96.56792, 30.31324], [-96.57207, 30.3117], [-96.57651, 30.311], [-96.58061, 30.31041], [-96.58465, 30.3088], [-96.58881, 30.30818], [-96.59297, 30.307], [-96.59703, 30.30797], [-96.60152, 30.30853], [-96.60488, 30.30411], [-96.60889, 30.30224], [-96.61312, 30.30155], [-96.61752, 30.30055], [-96.62177, 30.2988], [-96.6259, 30.2982], [-96.6302, 30.30092], [-96.63422, 30.29888], [-96.63829, 30.29686], [-96.64229, 30.2945], [-96.64642, 30.29134], [-96.65044, 30.29171], [-96.65422, 30.2875], [-96.65827, 30.28685], [-96.65952, 30.28259], [-96.66186, 30.27856], [-96.66614, 30.27729], [-96.66983, 30.27309], [-96.67106, 30.26907], [-96.67512, 30.26639], [-96.67902, 30.26231], [-96.68302, 30.25875], [-96.68436, 30.25461], [-96.68416, 30.25058], [-96.68824, 30.24848], [-96.69226, 30.24856], [-96.69633, 30.25009], [-96.70036, 30.24934], [-96.70518, 30.24604], [-96.7092, 30.24521], [-96.71325, 30.24729], [-96.71745, 30.25039], [-96.72146, 30.24848], [-96.72547, 30.24667], [-96.72957, 30.24328], [-96.73389, 30.24187], [-96.73477, 30.23784], [-96.73673, 30.23382], [-96.73962, 30.2298], [-96.74125, 30.22573], [-96.73925, 30.22173], [-96.74353, 30.2182], [-96.74263, 30.21404], [-96.74112, 30.20966], [-96.74071, 30.20561], [-96.74073, 30.20153], [-96.74148, 30.19751], [-96.74702, 30.19374], [-96.75363, 30.18901], [-96.75797, 30.18599], [-96.76746, 30.17939], [-96.77147, 30.1766], [-96.77688, 30.17284], [-96.78097, 30.17], [-96.7904, 30.16343], [-96.79455, 30.16055], [-96.78633, 30.15553], [-96.78217, 30.15299], [-96.77752, 30.15102], [-96.77302, 30.14947], [-96.76883, 30.14204], [-96.76463, 30.13939], [-96.75916, 30.14091], [-96.75388, 30.14238], [-96.74723, 30.14417], [-96.74275, 30.14535], [-96.73612, 30.14717], [-96.7321, 30.14702], [-96.72595, 30.14628], [-96.72186, 30.1458], [-96.71664, 30.14518], [-96.71227, 30.14768], [-96.70604, 30.15384], [-96.702, 30.15784], [-96.69711, 30.15998], [-96.69065, 30.16282], [-96.68657, 30.16231], [-96.685, 30.15676], [-96.68339, 30.15104], [-96.67921, 30.15067], [-96.67451, 30.15025], [-96.6703, 30.14988], [-96.66252, 30.14919], [-96.65781, 30.14803], [-96.65321, 30.14679], [-96.64722, 30.14517], [-96.65304, 30.13016], [-96.6469, 30.12522], [-96.64065, 30.12058], [-96.6385, 30.11615], [-96.63513, 30.10919], [-96.63357, 30.10418], [-96.63327, 30.0984], [-96.63319, 30.09295], [-96.63272, 30.0885], [-96.63249, 30.08428], [-96.63429, 30.0757], [-96.63085, 30.07029], [-96.62617, 30.06787], [-96.6236, 30.06374], [-96.62312, 30.058], [-96.62228, 30.0481], [-96.61671, 30.04919], [-96.61057, 30.05511], [-96.60338, 30.06205], [-96.59414, 30.07102], [-96.59003, 30.0689], [-96.58618, 30.06482], [-96.57436, 30.06476], [-96.56738, 30.0648], [-96.56019, 30.06485], [-96.55371, 30.0649], [-96.54339, 30.06498], [-96.53756, 30.06505], [-96.53182, 30.0651], [-96.52117, 30.06518], [-96.51424, 30.06587], [-96.50868, 30.06668], [-96.50452, 30.06729], [-96.50025, 30.06796], [-96.49204, 30.06904], [-96.47981, 30.0706], [-96.47137, 30.07174], [-96.46441, 30.0727], [-96.46025, 30.07327], [-96.45477, 30.074], [-96.44836, 30.07486], [-96.4432, 30.07555], [-96.43622499977039, 30.076487000275513]]]}, "properties": {"dma_county": "Washington"}}, {"type": "Feature", "id": 2809, "geometry": {"type": "Polygon", "coordinates": [[[-95.23298200031452, 29.46616300029216], [-95.23051, 29.4617], [-95.22611, 29.45501], [-95.2226, 29.44981], [-95.21817, 29.44321], [-95.2153, 29.43891], [-95.20934, 29.42998], [-95.2011, 29.41766], [-95.19822, 29.41327], [-95.1953, 29.40849], [-95.19219, 29.40437], [-95.18923, 29.39987], [-95.18432, 29.39226], [-95.17788, 29.38301], [-95.17296, 29.37552], [-95.16942, 29.3702], [-95.16556, 29.36383], [-95.15946, 29.35492], [-95.15269, 29.34507], [-95.14947, 29.34039], [-95.14504, 29.33371], [-95.14079, 29.32736], [-95.13185, 29.31401], [-95.12816, 29.30842], [-95.11996, 29.29611], [-95.1171, 29.29189], [-95.11426, 29.28766], [-95.10945, 29.28049], [-95.10628, 29.27577], [-95.10336, 29.27141], [-95.09951, 29.26573], [-95.09347, 29.2565], [-95.09063, 29.25227], [-95.08794, 29.24826], [-95.0853, 29.24425], [-95.08246, 29.23986], [-95.07972, 29.23566], [-95.07689, 29.23133], [-95.07185, 29.22296], [-95.06814, 29.2174], [-95.06517, 29.21294], [-95.06167, 29.20769], [-95.05858, 29.20305], [-95.05654, 29.19865], [-95.06168, 29.19065], [-95.06618, 29.18363], [-95.0706, 29.17674], [-95.07752, 29.16598], [-95.08512, 29.15447], [-95.08849, 29.14938], [-95.09259, 29.14308], [-95.09627, 29.13742], [-95.10292, 29.12719], [-95.12517, 29.09306], [-95.12994, 29.08562], [-95.12535, 29.08118], [-95.12082, 29.07865], [-95.11672, 29.07646], [-95.10643, 29.07087], [-95.09165, 29.06274], [-95.0871, 29.06716], [-95.08133, 29.07037], [-95.05154, 29.08289], [-95.01636, 29.09766], [-95.0002, 29.10445], [-94.96424, 29.12524], [-94.91217, 29.15932], [-94.90212, 29.16474], [-94.84015, 29.19835], [-94.81197, 29.2122], [-94.80398, 29.21618], [-94.79596, 29.22018], [-94.78392, 29.22618], [-94.77391, 29.23117], [-94.7586, 29.24148], [-94.75074, 29.24693], [-94.74117, 29.25958], [-94.71331, 29.28252], [-94.70756, 29.28078], [-94.69231, 29.27705], [-94.6803, 29.2776], [-94.66622, 29.28105], [-94.65964, 29.28514], [-94.65036, 29.29189], [-94.64242, 29.30014], [-94.63802, 29.30796], [-94.6352, 29.312], [-94.62903, 29.32164], [-94.62731, 29.3279], [-94.62519, 29.33279], [-94.62396, 29.33784], [-94.6239, 29.34314], [-94.62511, 29.34745], [-94.6262, 29.35212], [-94.62859, 29.35828], [-94.63605, 29.37064], [-94.64082, 29.37523], [-94.64614, 29.38039], [-94.65031, 29.38282], [-94.64535, 29.38575], [-94.62519, 29.39766], [-94.61302, 29.40291], [-94.56626, 29.42309], [-94.52658, 29.4402], [-94.50019, 29.45159], [-94.43733, 29.47635], [-94.41995, 29.48306], [-94.37587, 29.49978], [-94.37155, 29.49994], [-94.37083, 29.55387], [-94.37086, 29.55954], [-94.37113, 29.57405], [-94.37134, 29.58262], [-94.37144, 29.58666], [-94.37154, 29.59318], [-94.37162, 29.59721], [-94.37591, 29.59505], [-94.38016, 29.59526], [-94.38454, 29.59514], [-94.38866, 29.59597], [-94.3936, 29.59503], [-94.39806, 29.5968], [-94.40247, 29.59622], [-94.40648, 29.59826], [-94.41084, 29.59404], [-94.41381, 29.59002], [-94.41813, 29.59196], [-94.41909, 29.58751], [-94.41506, 29.58633], [-94.41572, 29.5819], [-94.41724, 29.57787], [-94.41323, 29.57551], [-94.41679, 29.57057], [-94.4212, 29.56971], [-94.42581, 29.56679], [-94.43057, 29.56465], [-94.4348, 29.56513], [-94.43907, 29.56541], [-94.44339, 29.56236], [-94.44778, 29.56404], [-94.45237, 29.56294], [-94.45659, 29.56159], [-94.46125, 29.56092], [-94.46675, 29.5591], [-94.47079, 29.55699], [-94.47486, 29.5582], [-94.479, 29.55593], [-94.4832, 29.55387], [-94.48727, 29.55352], [-94.49135, 29.55172], [-94.4954, 29.55006], [-94.49794, 29.54594], [-94.50219, 29.54385], [-94.50655, 29.54368], [-94.51064, 29.54291], [-94.51505, 29.54193], [-94.51919, 29.54111], [-94.5233, 29.54105], [-94.52237, 29.54579], [-94.52288, 29.55037], [-94.52691, 29.55362], [-94.53091, 29.55742], [-94.53511, 29.55974], [-94.5394, 29.56368], [-94.54132, 29.56788], [-94.54511, 29.57189], [-94.54991, 29.57334], [-94.55402, 29.57435], [-94.55813, 29.57457], [-94.56222, 29.57431], [-94.56657, 29.57339], [-94.57058, 29.57233], [-94.57464, 29.56992], [-94.57905, 29.5676], [-94.58321, 29.56598], [-94.58725, 29.56434], [-94.59129, 29.56287], [-94.59552, 29.56177], [-94.59966, 29.56036], [-94.60398, 29.55876], [-94.60809, 29.55762], [-94.61216, 29.55626], [-94.61654, 29.55512], [-94.62064, 29.55432], [-94.62469, 29.55329], [-94.62948, 29.55293], [-94.63358, 29.55183], [-94.63759, 29.55035], [-94.64164, 29.54982], [-94.6458, 29.54919], [-94.64983, 29.5487], [-94.65389, 29.54791], [-94.65798, 29.54724], [-94.66199, 29.54639], [-94.66599, 29.54421], [-94.67003, 29.5431], [-94.67418, 29.54214], [-94.67822, 29.54113], [-94.68227, 29.54009], [-94.68671, 29.53828], [-94.69073, 29.53824], [-94.69512, 29.53827], [-94.6992, 29.53786], [-94.70322, 29.53856], [-94.70723, 29.53762], [-94.71126, 29.5369], [-94.71531, 29.53524], [-94.71939, 29.53443], [-94.72379, 29.53277], [-94.72781, 29.53136], [-94.73204, 29.52972], [-94.73606, 29.52885], [-94.74006, 29.52726], [-94.74424, 29.52763], [-94.74832, 29.52722], [-94.75253, 29.52531], [-94.75677, 29.52461], [-94.76079, 29.5245], [-94.7649, 29.5248], [-94.76899, 29.52588], [-94.77301, 29.52748], [-94.7772, 29.52907], [-94.78131, 29.53253], [-94.7839, 29.53689], [-94.78623, 29.54095], [-94.78811, 29.545], [-94.79089, 29.54918], [-94.79529, 29.5499], [-94.80055, 29.54672], [-94.80543, 29.54359], [-94.80875, 29.53766], [-94.81122, 29.53322], [-94.81429, 29.52867], [-94.81874, 29.52372], [-94.82294, 29.5204], [-94.82812, 29.51777], [-94.83338, 29.51691], [-94.84845, 29.51709], [-94.85794, 29.51678], [-94.86279, 29.51635], [-94.86795, 29.51591], [-94.87396, 29.51489], [-94.87825, 29.51364], [-94.88228, 29.51231], [-94.88631, 29.51082], [-94.89088, 29.50876], [-94.89603, 29.50597], [-94.90137, 29.50256], [-94.90579, 29.49924], [-94.90991, 29.49699], [-94.91401, 29.49645], [-94.91842, 29.49748], [-94.92275, 29.49815], [-94.92689, 29.49912], [-94.93102, 29.50008], [-94.93514, 29.5012], [-94.93919, 29.50191], [-94.94334, 29.50312], [-94.94791, 29.50429], [-94.95233, 29.50524], [-94.95653, 29.50637], [-94.96059, 29.50718], [-94.96493, 29.50841], [-94.96984, 29.50937], [-94.974, 29.51044], [-94.97806, 29.51167], [-94.98272, 29.51347], [-94.98685, 29.51548], [-94.99157, 29.51797], [-94.99623, 29.52089], [-95.00127, 29.52495], [-95.00533, 29.5285], [-95.00839, 29.53296], [-95.01253, 29.53693], [-95.01563, 29.54103], [-95.01638, 29.54504], [-95.01643, 29.55002], [-95.01765, 29.55408], [-95.0174, 29.54973], [-95.0215, 29.54909], [-95.02605, 29.5487], [-95.03035, 29.55229], [-95.03545, 29.55307], [-95.03993, 29.55426], [-95.04472, 29.55572], [-95.04888, 29.55818], [-95.05379, 29.55898], [-95.05817, 29.55913], [-95.06324, 29.55898], [-95.06833, 29.55749], [-95.07077, 29.5521], [-95.07648, 29.5478], [-95.0806, 29.54629], [-95.07904, 29.54217], [-95.07867, 29.53782], [-95.08344, 29.53401], [-95.08757, 29.53241], [-95.09161, 29.53382], [-95.09588, 29.53539], [-95.09564, 29.53121], [-95.09433, 29.52719], [-95.09436, 29.52314], [-95.09758, 29.51895], [-95.10164, 29.52143], [-95.10524, 29.51738], [-95.10404, 29.51256], [-95.10805, 29.5096], [-95.11237, 29.51093], [-95.11648, 29.50846], [-95.12057, 29.50928], [-95.12509, 29.51026], [-95.12883, 29.50623], [-95.13289, 29.50593], [-95.13852, 29.50645], [-95.1427, 29.50586], [-95.14703, 29.50206], [-95.1511, 29.50008], [-95.15557, 29.49883], [-95.16027, 29.49773], [-95.16313, 29.50174], [-95.16714, 29.50248], [-95.16863, 29.50654], [-95.16993, 29.5106], [-95.16944, 29.51464], [-95.17378, 29.51465], [-95.17797, 29.51703], [-95.18212, 29.51858], [-95.18478, 29.5226], [-95.18695, 29.52685], [-95.19042, 29.53087], [-95.18811, 29.53495], [-95.1922, 29.5359], [-95.19292, 29.53998], [-95.19702, 29.54204], [-95.19917, 29.54613], [-95.19823, 29.55016], [-95.19886, 29.5544], [-95.19481, 29.55606], [-95.19384, 29.5601], [-95.19786, 29.55829], [-95.20007, 29.56236], [-95.20391, 29.55836], [-95.20803, 29.55965], [-95.2121, 29.55871], [-95.21614, 29.55562], [-95.21719, 29.55127], [-95.21856, 29.54383], [-95.21938, 29.53952], [-95.2203, 29.53462], [-95.22103, 29.53056], [-95.22174, 29.52642], [-95.22249, 29.52199], [-95.22333, 29.51769], [-95.22436, 29.51244], [-95.22515, 29.50836], [-95.22594, 29.50404], [-95.22701, 29.49848], [-95.22777, 29.49446], [-95.22882, 29.48854], [-95.22983, 29.4838], [-95.23063, 29.47931], [-95.23134, 29.47494], [-95.23207, 29.47089], [-95.2329, 29.46659], [-95.23298200031452, 29.46616300029216]]]}, "properties": {"dma_county": "Galveston"}}, {"type": "Feature", "id": 2814, "geometry": {"type": "Polygon", "coordinates": [[[-94.97884499970124, 29.67673100017358], [-94.97474, 29.67899], [-94.97074, 29.68115], [-94.96132, 29.68105], [-94.95656, 29.68006], [-94.94771, 29.67824], [-94.9326, 29.67512], [-94.92858, 29.6781], [-94.92419, 29.6828], [-94.91987, 29.68686], [-94.92146, 29.69114], [-94.9172, 29.69534], [-94.92017, 29.6996], [-94.92466, 29.69766], [-94.92991, 29.69737], [-94.92567, 29.70163], [-94.93098, 29.70443], [-94.93437, 29.70891], [-94.93249, 29.71357], [-94.93658, 29.7147], [-94.94072, 29.71347], [-94.94479, 29.71533], [-94.94354, 29.71941], [-94.942, 29.72365], [-94.93848, 29.72785], [-94.93483, 29.73258], [-94.93028, 29.73609], [-94.92847, 29.74016], [-94.92928, 29.74463], [-94.9299, 29.74945], [-94.92491, 29.75375], [-94.92063, 29.7554], [-94.91868, 29.75941], [-94.91859, 29.7635], [-94.91454, 29.76625], [-94.91662, 29.77027], [-94.91666, 29.77433], [-94.91999, 29.77881], [-94.91908, 29.78315], [-94.91859, 29.78724], [-94.91952, 29.79133], [-94.92384, 29.79472], [-94.92313, 29.79881], [-94.92264, 29.80281], [-94.9186, 29.80319], [-94.91481, 29.80723], [-94.91204, 29.8114], [-94.91064, 29.81565], [-94.90993, 29.81987], [-94.90903, 29.82418], [-94.91124, 29.82824], [-94.91644, 29.83033], [-94.92111, 29.83173], [-94.92552, 29.83327], [-94.93109, 29.83401], [-94.93515, 29.83462], [-94.93954, 29.83892], [-94.94342, 29.84296], [-94.94688, 29.8485], [-94.94984, 29.85267], [-94.95456, 29.85563], [-94.9586, 29.85626], [-94.96321, 29.85736], [-94.96763, 29.85895], [-94.97085, 29.86305], [-94.97501, 29.86631], [-94.97653, 29.87045], [-94.97638, 29.87465], [-94.97776, 29.87872], [-94.98049, 29.88274], [-94.9831, 29.88692], [-94.98615, 29.89099], [-94.98478, 29.89513], [-94.98615, 29.89942], [-94.98753, 29.90362], [-94.98995, 29.90769], [-94.99287, 29.91187], [-94.99521, 29.91596], [-94.99872, 29.92006], [-94.99538, 29.92419], [-94.99351, 29.92827], [-94.99565, 29.93323], [-94.99473, 29.93734], [-94.99173, 29.94141], [-94.99027, 29.94559], [-94.98879, 29.94981], [-94.98511, 29.95398], [-94.98103, 29.9557], [-94.98129, 29.95979], [-94.98199, 29.96398], [-94.98476, 29.96803], [-94.98536, 29.97228], [-94.98965, 29.97533], [-94.99367, 29.97715], [-94.99599, 29.98136], [-94.99762, 29.98549], [-94.99933, 29.98965], [-95.00341, 29.99239], [-95.00855, 29.99362], [-95.01263, 29.99467], [-95.01706, 29.9958], [-95.02159, 29.99686], [-95.02651, 29.99674], [-95.03068, 29.99385], [-95.03569, 30.00506], [-95.03969, 30.01549], [-95.04236, 30.02232], [-95.04458, 30.02797], [-95.04603, 30.03234], [-95.0483, 30.03817], [-95.05684, 30.06098], [-95.05905, 30.06704], [-95.06074, 30.07169], [-95.06225, 30.07585], [-95.06392, 30.08018], [-95.07218, 30.10194], [-95.07431, 30.1066], [-95.07603, 30.11143], [-95.07804, 30.11709], [-95.08021, 30.12318], [-95.0827, 30.13018], [-95.08451, 30.13526], [-95.08603, 30.13927], [-95.08828, 30.14531], [-95.09074, 30.15187], [-95.09298, 30.15789], [-95.09547, 30.16379], [-95.10609, 30.15964], [-95.11545, 30.15209], [-95.12217, 30.14655], [-95.12701, 30.14243], [-95.13157, 30.13864], [-95.13564, 30.13556], [-95.15468, 30.12027], [-95.16521, 30.11182], [-95.17266, 30.10586], [-95.17747, 30.10193], [-95.1839, 30.09675], [-95.19067, 30.09134], [-95.19572, 30.08732], [-95.20034, 30.08345], [-95.2073, 30.07764], [-95.21132, 30.07447], [-95.2183, 30.06904], [-95.22247, 30.06563], [-95.22704, 30.06195], [-95.2313, 30.0583], [-95.23535, 30.05508], [-95.23939, 30.05175], [-95.24373, 30.04836], [-95.24953, 30.04377], [-95.25449, 30.03991], [-95.25986, 30.03556], [-95.264, 30.03221], [-95.26807, 30.0317], [-95.27234, 30.03237], [-95.27651, 30.03122], [-95.28054, 30.03082], [-95.28467, 30.02994], [-95.28968, 30.02839], [-95.29371, 30.02949], [-95.29944, 30.03205], [-95.30365, 30.03104], [-95.308, 30.03191], [-95.3122, 30.03433], [-95.31242, 30.03866], [-95.31034, 30.0428], [-95.31139, 30.04698], [-95.31391, 30.0516], [-95.31818, 30.05395], [-95.32233, 30.05362], [-95.32633, 30.05753], [-95.32847, 30.06194], [-95.33287, 30.06342], [-95.33711, 30.06315], [-95.34164, 30.06719], [-95.34435, 30.07135], [-95.34885, 30.07315], [-95.35363, 30.07634], [-95.35867, 30.07654], [-95.36326, 30.07796], [-95.36757, 30.07802], [-95.37185, 30.07873], [-95.37437, 30.0835], [-95.3784, 30.08716], [-95.3826, 30.08736], [-95.3874, 30.08467], [-95.39163, 30.0827], [-95.39695, 30.08499], [-95.39959, 30.08923], [-95.40457, 30.09185], [-95.4094, 30.09264], [-95.41151, 30.09705], [-95.41314, 30.10106], [-95.41736, 30.10366], [-95.41884, 30.10791], [-95.423, 30.11086], [-95.42387, 30.11515], [-95.42829, 30.11453], [-95.43284, 30.11363], [-95.43693, 30.11035], [-95.44152, 30.10907], [-95.44613, 30.10961], [-95.45119, 30.10847], [-95.45514, 30.10428], [-95.4595, 30.10519], [-95.4636, 30.10444], [-95.46765, 30.10357], [-95.47171, 30.10345], [-95.47576, 30.104], [-95.4798, 30.10642], [-95.48389, 30.10771], [-95.4883, 30.10793], [-95.49195, 30.11215], [-95.4925, 30.11621], [-95.49591, 30.12023], [-95.49727, 30.1244], [-95.49697, 30.12845], [-95.497, 30.13266], [-95.49794, 30.13667], [-95.49959, 30.14088], [-95.5036, 30.14447], [-95.50781, 30.14671], [-95.51209, 30.14935], [-95.51611, 30.15214], [-95.52012, 30.15383], [-95.52356, 30.15785], [-95.52441, 30.16189], [-95.52883, 30.16484], [-95.53283, 30.16594], [-95.53685, 30.16826], [-95.5414, 30.17028], [-95.54552, 30.16952], [-95.54966, 30.17015], [-95.55398, 30.16814], [-95.558, 30.16546], [-95.55771, 30.16141], [-95.56171, 30.15899], [-95.56579, 30.16062], [-95.56984, 30.15752], [-95.56986, 30.15351], [-95.57392, 30.15166], [-95.57803, 30.15025], [-95.58215, 30.14833], [-95.58526, 30.1441], [-95.5869, 30.14], [-95.59054, 30.13592], [-95.59483, 30.1346], [-95.59896, 30.13334], [-95.60315, 30.13383], [-95.60724, 30.13415], [-95.61192, 30.13489], [-95.61607, 30.13497], [-95.6202, 30.13566], [-95.62436, 30.133], [-95.626, 30.12893], [-95.6303, 30.12753], [-95.63454, 30.12572], [-95.63863, 30.12338], [-95.64263, 30.1205], [-95.6467, 30.11884], [-95.65064, 30.11482], [-95.65439, 30.11066], [-95.65839, 30.11017], [-95.66255, 30.10807], [-95.66668, 30.10584], [-95.6683, 30.10172], [-95.67243, 30.1015], [-95.67676, 30.10364], [-95.68083, 30.10623], [-95.68483, 30.10681], [-95.68668, 30.10277], [-95.69073, 30.09889], [-95.69548, 30.09916], [-95.69997, 30.09837], [-95.70429, 30.10163], [-95.70836, 30.1029], [-95.71237, 30.10183], [-95.71646, 30.1006], [-95.72047, 30.09978], [-95.72448, 30.09795], [-95.72849, 30.09557], [-95.73265, 30.09451], [-95.73671, 30.09442], [-95.74075, 30.09613], [-95.74484, 30.09506], [-95.74895, 30.09585], [-95.75296, 30.09362], [-95.75716, 30.09113], [-95.76, 30.08708], [-95.76401, 30.08718], [-95.76809, 30.08862], [-95.7723, 30.08974], [-95.77638, 30.09069], [-95.78047, 30.09007], [-95.78452, 30.09294], [-95.78873, 30.09435], [-95.79325, 30.09161], [-95.79726, 30.09063], [-95.80138, 30.09128], [-95.80564, 30.0898], [-95.80928, 30.08564], [-95.8138, 30.08455], [-95.81799, 30.08205], [-95.82202, 30.08221], [-95.82627, 30.08214], [-95.83028, 30.08408], [-95.83454, 30.08425], [-95.83862, 30.08309], [-95.84352, 30.08694], [-95.84376, 30.0914], [-95.8432, 30.0957], [-95.84632, 30.10005], [-95.85057, 30.10209], [-95.85472, 30.10174], [-95.85902, 30.10498], [-95.86312, 30.10697], [-95.86237, 30.11107], [-95.86663, 30.11465], [-95.87075, 30.11791], [-95.87352, 30.12197], [-95.87766, 30.12049], [-95.88167, 30.12258], [-95.88572, 30.1203], [-95.88982, 30.12024], [-95.89404, 30.12027], [-95.89816, 30.12174], [-95.90218, 30.123], [-95.90491, 30.12706], [-95.90912, 30.12747], [-95.91334, 30.13114], [-95.9174, 30.13275], [-95.92143, 30.13597], [-95.92445, 30.14023], [-95.92851, 30.14347], [-95.93251, 30.14327], [-95.93685, 30.14488], [-95.94086, 30.14433], [-95.94517, 30.14886], [-95.94707, 30.153], [-95.95116, 30.15615], [-95.95543, 30.16031], [-95.95956, 30.16327], [-95.95859, 30.15716], [-95.95697, 30.15256], [-95.95533, 30.14803], [-95.95378, 30.14372], [-95.95162, 30.13765], [-95.95019, 30.13363], [-95.94772, 30.12669], [-95.94616, 30.12235], [-95.94333, 30.11453], [-95.94122, 30.10869], [-95.9392, 30.10311], [-95.93701, 30.09706], [-95.93548, 30.0929], [-95.93337, 30.08719], [-95.93016, 30.07849], [-95.92831, 30.07346], [-95.92692, 30.06944], [-95.9251, 30.06507], [-95.92144, 30.06094], [-95.92142, 30.05617], [-95.92047, 30.05192], [-95.91865, 30.04693], [-95.91509, 30.03719], [-95.90969, 30.02239], [-95.90774, 30.01704], [-95.9024, 30.0024], [-95.89983, 29.99555], [-95.89524, 29.98373], [-95.89351, 29.97911], [-95.89019, 29.96834], [-95.88765, 29.96109], [-95.88245, 29.94663], [-95.87871, 29.93621], [-95.87284, 29.91982], [-95.87098, 29.91463], [-95.86892, 29.90885], [-95.86745, 29.90469], [-95.86576, 29.89988], [-95.864, 29.89479], [-95.86259, 29.89072], [-95.86003, 29.88359], [-95.85812, 29.87829], [-95.85675, 29.87425], [-95.85257, 29.86296], [-95.84761, 29.84909], [-95.84548, 29.84312], [-95.84376, 29.83843], [-95.84213, 29.83398], [-95.84014, 29.8288], [-95.83769, 29.82138], [-95.83599, 29.81662], [-95.83338, 29.80929], [-95.83164, 29.80446], [-95.8302, 29.80042], [-95.82846, 29.7956], [-95.82692, 29.79122], [-95.8233, 29.78712], [-95.81264, 29.78111], [-95.806, 29.77736], [-95.80176, 29.77497], [-95.79734, 29.77248], [-95.79313, 29.77011], [-95.78674, 29.76655], [-95.78246, 29.76416], [-95.7776, 29.76144], [-95.77309, 29.7589], [-95.7689, 29.75654], [-95.76482, 29.75426], [-95.76044, 29.75179], [-95.75627, 29.74944], [-95.75145, 29.74674], [-95.74686, 29.74414], [-95.74261, 29.74175], [-95.73829, 29.73931], [-95.73389, 29.73684], [-95.72947, 29.73435], [-95.72419, 29.73137], [-95.71777, 29.72775], [-95.71256, 29.72481], [-95.70834, 29.72245], [-95.70193, 29.71883], [-95.69751, 29.71635], [-95.68942, 29.71186], [-95.68507, 29.70944], [-95.67981, 29.70648], [-95.67566, 29.70411], [-95.67156, 29.70178], [-95.66754, 29.6995], [-95.66347, 29.69722], [-95.65913, 29.69477], [-95.65495, 29.69238], [-95.64998, 29.68958], [-95.64531, 29.68692], [-95.6407, 29.68431], [-95.63662, 29.68199], [-95.63223, 29.67957], [-95.62778, 29.67708], [-95.62377, 29.67481], [-95.61924, 29.67222], [-95.61276, 29.66856], [-95.60873, 29.66632], [-95.60472, 29.66412], [-95.60071, 29.66228], [-95.59625, 29.66023], [-95.59189, 29.65823], [-95.58769, 29.65628], [-95.58331, 29.65422], [-95.57847, 29.652], [-95.57271, 29.64934], [-95.56844, 29.64737], [-95.56401, 29.64533], [-95.55981, 29.6434], [-95.55465, 29.64101], [-95.55006, 29.6389], [-95.54392, 29.63603], [-95.53837, 29.63348], [-95.5338, 29.6314], [-95.52838, 29.62892], [-95.52163, 29.62575], [-95.51579, 29.62305], [-95.51034, 29.62052], [-95.50334, 29.61731], [-95.49928, 29.61543], [-95.49504, 29.61339], [-95.48814, 29.61027], [-95.47862, 29.60583], [-95.47412, 29.60373], [-95.46912, 29.60133], [-95.46505, 29.5996], [-95.46014, 29.59743], [-95.45602, 29.59572], [-95.45177, 29.59382], [-95.44746, 29.59191], [-95.44174, 29.58912], [-95.43725, 29.58691], [-95.43145, 29.58404], [-95.42652, 29.58175], [-95.41866, 29.5826], [-95.4146, 29.58283], [-95.40985, 29.5827], [-95.40558, 29.58237], [-95.40133, 29.58195], [-95.39698, 29.58247], [-95.39289, 29.58164], [-95.38882, 29.58536], [-95.38471, 29.58654], [-95.38032, 29.5872], [-95.37618, 29.58828], [-95.37205, 29.58686], [-95.36778, 29.58475], [-95.36342, 29.5859], [-95.35938, 29.5853], [-95.35514, 29.58674], [-95.35111, 29.58586], [-95.34702, 29.58567], [-95.3437, 29.58996], [-95.33958, 29.59352], [-95.33549, 29.59605], [-95.33132, 29.59907], [-95.32693, 29.59799], [-95.32289, 29.59687], [-95.31889, 29.59828], [-95.3147, 29.59801], [-95.30975, 29.59504], [-95.30575, 29.59524], [-95.30165, 29.59567], [-95.29758, 29.59653], [-95.29357, 29.59652], [-95.289, 29.59795], [-95.2849, 29.59796], [-95.28078, 29.59625], [-95.27678, 29.5949], [-95.27258, 29.59503], [-95.26833, 29.59385], [-95.26391, 29.59392], [-95.26029, 29.58988], [-95.26116, 29.58569], [-95.26107, 29.58152], [-95.25878, 29.57687], [-95.25837, 29.57286], [-95.25665, 29.56865], [-95.25503, 29.56397], [-95.25264, 29.55985], [-95.25491, 29.55571], [-95.2508, 29.5555], [-95.24678, 29.55358], [-95.24277, 29.55511], [-95.24179, 29.55922], [-95.23772, 29.56137], [-95.23367, 29.55714], [-95.22953, 29.55908], [-95.22452, 29.55922], [-95.22038, 29.55749], [-95.21629, 29.5583], [-95.2122, 29.55864], [-95.20812, 29.55971], [-95.20412, 29.55819], [-95.2011, 29.56247], [-95.19793, 29.5584], [-95.19391, 29.5601], [-95.19445, 29.55596], [-95.19848, 29.55512], [-95.19877, 29.5511], [-95.19774, 29.54705], [-95.19836, 29.54304], [-95.19435, 29.54329], [-95.19269, 29.53927], [-95.18867, 29.5358], [-95.18932, 29.5318], [-95.18945, 29.5278], [-95.18671, 29.52368], [-95.18317, 29.51958], [-95.17906, 29.51961], [-95.17503, 29.51829], [-95.17264, 29.51425], [-95.16863, 29.51297], [-95.1712, 29.5087], [-95.1672, 29.50557], [-95.16313, 29.50174], [-95.16301, 29.49762], [-95.1587, 29.49835], [-95.15388, 29.49998], [-95.14979, 29.49848], [-95.14569, 29.50233], [-95.14171, 29.50636], [-95.13644, 29.50622], [-95.13234, 29.50562], [-95.12826, 29.50883], [-95.12401, 29.51048], [-95.11936, 29.5073], [-95.11518, 29.50922], [-95.11099, 29.51063], [-95.10677, 29.51003], [-95.10482, 29.51419], [-95.10317, 29.51821], [-95.09903, 29.51834], [-95.09487, 29.52239], [-95.09388, 29.52666], [-95.09542, 29.5307], [-95.09658, 29.53489], [-95.09247, 29.53444], [-95.08834, 29.5318], [-95.08394, 29.53413], [-95.07958, 29.53436], [-95.07894, 29.53847], [-95.07906, 29.54285], [-95.07909, 29.54707], [-95.07431, 29.54819], [-95.07032, 29.55383], [-95.06685, 29.5582], [-95.06072, 29.55911], [-95.05624, 29.55909], [-95.05166, 29.55874], [-95.04677, 29.55736], [-95.04189, 29.5546], [-95.03732, 29.55366], [-95.03329, 29.55235], [-95.0291, 29.5518], [-95.02873, 29.54776], [-95.02379, 29.54937], [-95.01942, 29.54849], [-95.02092, 29.55256], [-95.01732, 29.55666], [-95.01549, 29.56097], [-95.01335, 29.5653], [-95.01079, 29.57011], [-95.00779, 29.57429], [-95.00462, 29.5783], [-95.00154, 29.58258], [-94.9975, 29.58474], [-94.99449, 29.58895], [-94.99076, 29.59298], [-94.9864, 29.59542], [-94.98387, 29.59949], [-94.98367, 29.60367], [-94.9877, 29.60771], [-94.9916, 29.61172], [-94.997, 29.61522], [-94.99787, 29.62004], [-95.00188, 29.61884], [-95.00631, 29.62201], [-95.01057, 29.62643], [-95.01395, 29.63047], [-95.01536, 29.63448], [-95.01604, 29.6385], [-95.01419, 29.64254], [-95.01302, 29.64656], [-95.0107, 29.65059], [-95.00809, 29.65514], [-95.00566, 29.65918], [-95.00228, 29.66324], [-94.9969, 29.66735], [-94.99215, 29.67059], [-94.98608, 29.67322], [-94.98, 29.67617], [-94.97884499970124, 29.67673100017358]]]}, "properties": {"dma_county": "Harris"}}, {"type": "Feature", "id": 3081, "geometry": {"type": "Polygon", "coordinates": [[[-95.83024000002519, 30.63028399970069], [-95.82978, 30.62568], [-95.82909, 30.61898], [-95.82844, 30.61203], [-95.82796, 30.60746], [-95.82746, 30.60253], [-95.82689, 30.59627], [-95.82629, 30.58941], [-95.82566, 30.58326], [-95.82525, 30.5788], [-95.82476, 30.57355], [-95.82407, 30.5663], [-95.82353, 30.56057], [-95.82289, 30.55417], [-95.8225, 30.54981], [-95.82203, 30.54497], [-95.82133, 30.53786], [-95.82082, 30.53261], [-95.82019, 30.52595], [-95.81973, 30.5216], [-95.81895, 30.51292], [-95.81838, 30.50711], [-95.81798, 30.50308], [-95.81731, 30.49874], [-95.81699, 30.49452], [-95.81665, 30.49029], [-95.81571, 30.4786], [-95.81475, 30.46644], [-95.81421, 30.46048], [-95.81395, 30.45578], [-95.8134, 30.44902], [-95.81263, 30.43962], [-95.8122, 30.43438], [-95.8117, 30.42873], [-95.81134, 30.42427], [-95.81074, 30.41697], [-95.81039, 30.4127], [-95.80987, 30.40643], [-95.80952, 30.40153], [-95.80901, 30.39536], [-95.80857, 30.39001], [-95.80747, 30.37625], [-95.80712, 30.37136], [-95.80674, 30.36723], [-95.80621, 30.36068], [-95.80571, 30.35468], [-95.80529, 30.35038], [-95.80473, 30.34294], [-95.80441, 30.33872], [-95.80433, 30.3346], [-95.80433, 30.32542], [-95.80436, 30.32012], [-95.80434, 30.31596], [-95.80436, 30.31101], [-95.8043, 30.30201], [-95.8043, 30.29632], [-95.8043, 30.2887], [-95.80429, 30.28468], [-95.80431, 30.28056], [-95.80427, 30.27413], [-95.8042, 30.27002], [-95.80424, 30.26485], [-95.80421, 30.25785], [-95.80421, 30.25357], [-95.80429, 30.24713], [-95.80426, 30.24175], [-95.80412, 30.23028], [-95.80412, 30.22619], [-95.80409, 30.22029], [-95.80405, 30.2114], [-95.80402, 30.20597], [-95.80399, 30.20072], [-95.80396, 30.19448], [-95.804, 30.1903], [-95.80391, 30.18086], [-95.80387, 30.17191], [-95.80386, 30.16625], [-95.80385, 30.16136], [-95.80384, 30.1571], [-95.80383, 30.15158], [-95.80382, 30.14481], [-95.80378, 30.13755], [-95.80378, 30.13248], [-95.80374, 30.12628], [-95.80367, 30.12129], [-95.80369, 30.11697], [-95.80333, 30.0901], [-95.79927, 30.09005], [-95.79518, 30.09089], [-95.7906, 30.09171], [-95.78657, 30.09387], [-95.78186, 30.09056], [-95.77765, 30.08965], [-95.77363, 30.09086], [-95.76946, 30.08755], [-95.76506, 30.08849], [-95.76093, 30.08641], [-95.75872, 30.09048], [-95.75464, 30.09225], [-95.75064, 30.09439], [-95.74652, 30.09535], [-95.74249, 30.09662], [-95.73838, 30.09519], [-95.73433, 30.09349], [-95.7301, 30.09511], [-95.72602, 30.09724], [-95.72193, 30.09997], [-95.71792, 30.09942], [-95.71391, 30.10232], [-95.70988, 30.10286], [-95.70547, 30.10244], [-95.70128, 30.09848], [-95.69717, 30.09883], [-95.69264, 30.09883], [-95.68864, 30.10028], [-95.68739, 30.10441], [-95.68276, 30.10687], [-95.67874, 30.10478], [-95.6747, 30.10243], [-95.67062, 30.10131], [-95.66715, 30.10532], [-95.66307, 30.10795], [-95.65952, 30.11203], [-95.65545, 30.109], [-95.65271, 30.11302], [-95.64877, 30.11705], [-95.64475, 30.11989], [-95.64064, 30.12155], [-95.63704, 30.12561], [-95.63303, 30.12658], [-95.62895, 30.1277], [-95.62489, 30.12656], [-95.62497, 30.13064], [-95.62379, 30.13488], [-95.61976, 30.13547], [-95.6157, 30.13494], [-95.61123, 30.13504], [-95.60713, 30.13409], [-95.60295, 30.13374], [-95.59849, 30.13335], [-95.59447, 30.13435], [-95.59046, 30.13603], [-95.58688, 30.14011], [-95.58519, 30.1448], [-95.58146, 30.14884], [-95.57739, 30.15019], [-95.57326, 30.15156], [-95.57051, 30.15557], [-95.56665, 30.15958], [-95.56261, 30.16013], [-95.55854, 30.1599], [-95.5585, 30.16395], [-95.55443, 30.16787], [-95.5504, 30.17005], [-95.5464, 30.16936], [-95.54222, 30.17037], [-95.53812, 30.16893], [-95.5339, 30.16717], [-95.52966, 30.16584], [-95.5255, 30.16341], [-95.52435, 30.15895], [-95.52096, 30.15494], [-95.51694, 30.15387], [-95.51272, 30.14988], [-95.50864, 30.14718], [-95.50459, 30.14513], [-95.50056, 30.14323], [-95.49902, 30.13919], [-95.49797, 30.13518], [-95.49613, 30.1308], [-95.49602, 30.12669], [-95.49753, 30.12261], [-95.49493, 30.11858], [-95.49202, 30.11437], [-95.49112, 30.11037], [-95.48693, 30.10791], [-95.48279, 30.10706], [-95.47868, 30.10485], [-95.47465, 30.10322], [-95.47062, 30.10404], [-95.46649, 30.10365], [-95.46239, 30.10522], [-95.45836, 30.1046], [-95.45376, 30.10464], [-95.45003, 30.10874], [-95.44522, 30.10972], [-95.44032, 30.10962], [-95.43623, 30.11083], [-95.43201, 30.11363], [-95.42758, 30.11485], [-95.42357, 30.11453], [-95.42269, 30.1102], [-95.41881, 30.10619], [-95.41428, 30.10162], [-95.41128, 30.0972], [-95.41013, 30.09298], [-95.40594, 30.09223], [-95.40137, 30.09113], [-95.39879, 30.08661], [-95.39444, 30.08374], [-95.39027, 30.08374], [-95.38604, 30.08495], [-95.38178, 30.08714], [-95.37713, 30.08614], [-95.37416, 30.08158], [-95.36985, 30.078], [-95.3657, 30.07663], [-95.36141, 30.07827], [-95.35723, 30.07709], [-95.35264, 30.07629], [-95.34833, 30.07293], [-95.34395, 30.07067], [-95.33931, 30.06662], [-95.33502, 30.06288], [-95.33087, 30.06288], [-95.32738, 30.05862], [-95.32295, 30.0546], [-95.31818, 30.05395], [-95.31391, 30.0516], [-95.31139, 30.04698], [-95.31034, 30.0428], [-95.31242, 30.03866], [-95.3122, 30.03433], [-95.308, 30.03191], [-95.30386, 30.03077], [-95.29944, 30.03205], [-95.29513, 30.03029], [-95.28968, 30.02839], [-95.2854, 30.02961], [-95.28138, 30.03079], [-95.27735, 30.03117], [-95.27308, 30.03224], [-95.26873, 30.03177], [-95.26419, 30.03207], [-95.26016, 30.03533], [-95.25546, 30.03908], [-95.25061, 30.04296], [-95.24607, 30.04653], [-95.24195, 30.04973], [-95.23772, 30.05312], [-95.23289, 30.057], [-95.22882, 30.06048], [-95.22274, 30.06541], [-95.21871, 30.06872], [-95.21412, 30.07231], [-95.20905, 30.07627], [-95.204, 30.08022], [-95.1958, 30.08725], [-95.1917, 30.09052], [-95.18714, 30.09417], [-95.1808, 30.09924], [-95.17514, 30.10381], [-95.16656, 30.11073], [-95.15468, 30.12027], [-95.13568, 30.13553], [-95.13157, 30.13864], [-95.12701, 30.14243], [-95.12254, 30.14624], [-95.11843, 30.14964], [-95.10609, 30.15964], [-95.09671, 30.16721], [-95.09849, 30.17235], [-95.10019, 30.1768], [-95.10397, 30.18641], [-95.10555, 30.19054], [-95.10762, 30.19586], [-95.10934, 30.20025], [-95.11155, 30.20586], [-95.11331, 30.21033], [-95.1152, 30.21514], [-95.11724, 30.22023], [-95.11885, 30.22436], [-95.12066, 30.22903], [-95.12264, 30.23419], [-95.12513, 30.24068], [-95.12708, 30.24563], [-95.12882, 30.24989], [-95.13074, 30.25409], [-95.13222, 30.2582], [-95.13386, 30.2627], [-95.13595, 30.2681], [-95.13859, 30.27494], [-95.14014, 30.27895], [-95.14332, 30.28718], [-95.14859, 30.30061], [-95.15272, 30.31117], [-95.15453, 30.31583], [-95.15612, 30.3199], [-95.15794, 30.32456], [-95.15955, 30.3286], [-95.16189, 30.33465], [-95.16422, 30.3406], [-95.16582, 30.34472], [-95.17544, 30.34077], [-95.17946, 30.33908], [-95.18607, 30.33617], [-95.19321, 30.33276], [-95.19844, 30.33054], [-95.20872, 30.32648], [-95.2198, 30.32205], [-95.22558, 30.31953], [-95.22648, 30.32355], [-95.22612, 30.32772], [-95.22311, 30.33174], [-95.22049, 30.33578], [-95.21636, 30.33793], [-95.21224, 30.33911], [-95.2093, 30.34321], [-95.20527, 30.34706], [-95.2033, 30.3511], [-95.20745, 30.3534], [-95.21222, 30.35367], [-95.21636, 30.35459], [-95.21841, 30.35867], [-95.22252, 30.36205], [-95.22671, 30.3636], [-95.22753, 30.36763], [-95.23156, 30.37163], [-95.23441, 30.37578], [-95.23869, 30.37995], [-95.24332, 30.38118], [-95.24734, 30.38252], [-95.25151, 30.38332], [-95.25626, 30.38338], [-95.26039, 30.38352], [-95.26442, 30.38456], [-95.26849, 30.38637], [-95.2727, 30.3899], [-95.27695, 30.39342], [-95.28138, 30.39506], [-95.28568, 30.39528], [-95.29006, 30.39635], [-95.29447, 30.39901], [-95.29854, 30.40167], [-95.30319, 30.40236], [-95.30724, 30.40531], [-95.31088, 30.40989], [-95.31412, 30.41399], [-95.31644, 30.41801], [-95.31943, 30.42214], [-95.32357, 30.42636], [-95.32713, 30.4307], [-95.33017, 30.43485], [-95.33091, 30.439], [-95.33028, 30.4431], [-95.33384, 30.4471], [-95.33705, 30.45122], [-95.33851, 30.45529], [-95.34017, 30.4593], [-95.34091, 30.46346], [-95.34452, 30.4676], [-95.34752, 30.4716], [-95.35041, 30.47564], [-95.3505, 30.47967], [-95.35242, 30.48401], [-95.35331, 30.48822], [-95.35317, 30.49223], [-95.35405, 30.49628], [-95.35686, 30.50041], [-95.35939, 30.50445], [-95.36172, 30.50851], [-95.36605, 30.50893], [-95.37536, 30.50894], [-95.3809, 30.50892], [-95.3924, 30.50885], [-95.3988, 30.50882], [-95.40322, 30.50887], [-95.41107, 30.50887], [-95.41588, 30.50886], [-95.42098, 30.50884], [-95.42608, 30.50882], [-95.43042, 30.50884], [-95.43513, 30.50887], [-95.43982, 30.50889], [-95.44728, 30.50886], [-95.4531, 30.50889], [-95.46072, 30.50889], [-95.46606, 30.50889], [-95.47332, 30.50888], [-95.47827, 30.50887], [-95.48303, 30.50887], [-95.49126, 30.50883], [-95.49859, 30.50888], [-95.50425, 30.50886], [-95.50904, 30.50891], [-95.52334, 30.50893], [-95.53323, 30.50893], [-95.53756, 30.50892], [-95.5431, 30.50891], [-95.54777, 30.50888], [-95.55503, 30.50885], [-95.56196, 30.50887], [-95.56617, 30.50888], [-95.57645, 30.50891], [-95.58125, 30.50892], [-95.5882, 30.50895], [-95.59397, 30.50896], [-95.59813, 30.50896], [-95.60518, 30.51264], [-95.61094, 30.5153], [-95.61772, 30.51889], [-95.62187, 30.52112], [-95.62669, 30.52368], [-95.63103, 30.52595], [-95.6399, 30.53064], [-95.64443, 30.53302], [-95.65289, 30.53751], [-95.65697, 30.53963], [-95.66262, 30.54259], [-95.67169, 30.54727], [-95.67824, 30.55077], [-95.68511, 30.55436], [-95.69032, 30.55706], [-95.69489, 30.55947], [-95.69901, 30.56163], [-95.71149, 30.56822], [-95.72225, 30.5739], [-95.72858, 30.57722], [-95.73293, 30.57954], [-95.73853, 30.58251], [-95.74465, 30.58575], [-95.75023, 30.58882], [-95.75636, 30.59209], [-95.76154, 30.59482], [-95.76622, 30.59723], [-95.7737, 30.6011], [-95.78, 30.60438], [-95.78987, 30.60951], [-95.79581, 30.61257], [-95.80041, 30.61495], [-95.80646, 30.61808], [-95.81211, 30.62102], [-95.81881, 30.6245], [-95.82585, 30.62802], [-95.83024000002519, 30.63028399970069]]]}, "properties": {"dma_county": "Montgomery"}}, {"type": "Feature", "id": 3152, "geometry": {"type": "Polygon", "coordinates": [[[-95.43478100011157, 31.058098000200133], [-95.43474, 31.05384], [-95.43471, 31.04663], [-95.43463, 31.03398], [-95.43464, 31.02514], [-95.43462, 31.01439], [-95.43459, 31.00451], [-95.43457, 30.99998], [-95.43453, 30.99553], [-95.4345, 30.99116], [-95.43448, 30.98439], [-95.43446, 30.97712], [-95.43445, 30.97263], [-95.43442, 30.96433], [-95.43441, 30.95906], [-95.43437, 30.94982], [-95.43437, 30.94441], [-95.43437, 30.94036], [-95.4289, 30.93757], [-95.42484, 30.93734], [-95.41951, 30.93573], [-95.41499, 30.93359], [-95.41083, 30.93035], [-95.41088, 30.9263], [-95.41323, 30.92136], [-95.41333, 30.91689], [-95.4109, 30.91263], [-95.41515, 30.90957], [-95.40859, 30.90657], [-95.40624, 30.90141], [-95.40377, 30.89706], [-95.39969, 30.8929], [-95.39551, 30.89136], [-95.39091, 30.88979], [-95.38591, 30.88928], [-95.38157, 30.88725], [-95.38065, 30.88249], [-95.38524, 30.87874], [-95.39108, 30.87963], [-95.39595, 30.88267], [-95.39368, 30.87838], [-95.39211, 30.87414], [-95.39665, 30.86992], [-95.39898, 30.86465], [-95.39861, 30.86053], [-95.39431, 30.85739], [-95.39007, 30.85641], [-95.3859, 30.85408], [-95.38182, 30.85397], [-95.37708, 30.85538], [-95.37296, 30.85598], [-95.36784, 30.85565], [-95.36364, 30.85467], [-95.35889, 30.8553], [-95.35482, 30.856], [-95.34975, 30.86045], [-95.35106, 30.86568], [-95.3487, 30.86993], [-95.34607, 30.8742], [-95.34181, 30.87554], [-95.33767, 30.8725], [-95.33493, 30.86768], [-95.33246, 30.86339], [-95.32885, 30.85931], [-95.3248, 30.86119], [-95.32322, 30.86544], [-95.31909, 30.86871], [-95.31504, 30.87115], [-95.31442, 30.87519], [-95.31678, 30.87937], [-95.31291, 30.88345], [-95.31073, 30.88838], [-95.31236, 30.89259], [-95.31367, 30.89707], [-95.30946, 30.8994], [-95.30519, 30.9011], [-95.30103, 30.90225], [-95.29495, 30.90264], [-95.29081, 30.90291], [-95.28559, 30.90181], [-95.28026, 30.9013], [-95.27474, 30.90321], [-95.26844, 30.90454], [-95.26387, 30.90525], [-95.25772, 30.90615], [-95.25238, 30.90672], [-95.24797, 30.90505], [-95.24332, 30.90041], [-95.24041, 30.89637], [-95.23588, 30.89202], [-95.23128, 30.88758], [-95.23247, 30.88338], [-95.23519, 30.87853], [-95.23774, 30.8736], [-95.24137, 30.86909], [-95.24237, 30.86495], [-95.23731, 30.85991], [-95.23591, 30.85469], [-95.23443, 30.84948], [-95.23294, 30.84482], [-95.2303, 30.84074], [-95.2229, 30.83632], [-95.21656, 30.83372], [-95.21246, 30.8331], [-95.20764, 30.83238], [-95.2034, 30.8289], [-95.20018, 30.82457], [-95.19244, 30.83105], [-95.18843, 30.83441], [-95.18421, 30.83793], [-95.17911, 30.84221], [-95.17505, 30.84561], [-95.16789, 30.85161], [-95.16354, 30.85526], [-95.15315, 30.86401], [-95.14713, 30.86906], [-95.14066, 30.8745], [-95.13607, 30.87837], [-95.13087, 30.88274], [-95.12587, 30.88696], [-95.11874, 30.89306], [-95.1143, 30.89686], [-95.10064, 30.90828], [-95.09482, 30.91314], [-95.08858, 30.91836], [-95.08018, 30.92535], [-95.07529, 30.92943], [-95.07019, 30.93371], [-95.06601, 30.93721], [-95.06147, 30.941], [-95.053, 30.94806], [-95.04846, 30.95184], [-95.0376, 30.96094], [-95.03256, 30.96517], [-95.02451, 30.97191], [-95.02051, 30.97526], [-95.01524, 30.97969], [-95.01078, 30.98344], [-95.00628, 30.98722], [-95.0012, 30.99147], [-94.99603, 30.99578], [-94.99195, 30.99922], [-94.98773, 31.00268], [-94.98328, 31.00634], [-94.97919, 31.00967], [-94.97333, 31.01444], [-94.96659, 31.01992], [-94.96151, 31.02403], [-94.95429, 31.02987], [-94.94942, 31.03378], [-94.94178, 31.03992], [-94.93745, 31.04386], [-94.93336, 31.0483], [-94.92765, 31.0546], [-94.92388, 31.05864], [-94.91931, 31.06355], [-94.91419, 31.06908], [-94.91052, 31.07308], [-94.90633, 31.07765], [-94.90201, 31.08236], [-94.89721, 31.08773], [-94.89283, 31.09232], [-94.88821, 31.09736], [-94.88415, 31.10178], [-94.87967, 31.10664], [-94.87559, 31.11115], [-94.87092, 31.11621], [-94.86594, 31.12156], [-94.86064, 31.12728], [-94.85374, 31.1348], [-94.84919, 31.13977], [-94.84303, 31.14649], [-94.84724, 31.14908], [-94.85124, 31.14799], [-94.85626, 31.15008], [-94.8555, 31.15424], [-94.85108, 31.15469], [-94.84987, 31.15933], [-94.85207, 31.16335], [-94.85378, 31.16739], [-94.8547, 31.17159], [-94.85056, 31.17107], [-94.85191, 31.17566], [-94.85084, 31.1799], [-94.85315, 31.18392], [-94.85364, 31.1888], [-94.8577, 31.19025], [-94.8605, 31.19484], [-94.86014, 31.19903], [-94.86165, 31.20306], [-94.86474, 31.20733], [-94.86308, 31.21137], [-94.86402, 31.21551], [-94.85957, 31.21595], [-94.86296, 31.22014], [-94.85869, 31.22036], [-94.86296, 31.22276], [-94.86307, 31.2268], [-94.86397, 31.23118], [-94.86164, 31.23528], [-94.86577, 31.23799], [-94.86824, 31.24236], [-94.87276, 31.2454], [-94.87455, 31.24965], [-94.87899, 31.24876], [-94.88308, 31.24934], [-94.88351, 31.25408], [-94.88782, 31.25508], [-94.89216, 31.25413], [-94.89646, 31.25771], [-94.89772, 31.26211], [-94.8924, 31.2681], [-94.89016, 31.27244], [-94.888, 31.2765], [-94.88387, 31.27762], [-94.8798, 31.2815], [-94.87749, 31.286], [-94.88159, 31.28875], [-94.88494, 31.29281], [-94.88915, 31.29251], [-94.89351, 31.29164], [-94.89652, 31.29607], [-94.89626, 31.3004], [-94.89832, 31.30454], [-94.89937, 31.30873], [-94.90043, 31.31278], [-94.89857, 31.31706], [-94.89792, 31.32181], [-94.89878, 31.32659], [-94.90341, 31.329], [-94.90794, 31.3329], [-94.90939, 31.33699], [-94.91346, 31.33721], [-94.9175, 31.3393], [-94.92156, 31.33737], [-94.92581, 31.33965], [-94.92989, 31.34064], [-94.93396, 31.34091], [-94.93829, 31.34197], [-94.94235, 31.34185], [-94.94663, 31.34077], [-94.95092, 31.34027], [-94.95531, 31.34363], [-94.95639, 31.34787], [-94.96085, 31.34881], [-94.96127, 31.35281], [-94.95721, 31.35293], [-94.95766, 31.35696], [-94.95333, 31.35759], [-94.95599, 31.36165], [-94.95897, 31.36568], [-94.95634, 31.37023], [-94.95639, 31.37443], [-94.95746, 31.37856], [-94.95336, 31.38017], [-94.95323, 31.38434], [-94.95748, 31.38549], [-94.96223, 31.38396], [-94.9672, 31.38038], [-94.97425, 31.3753], [-94.9879, 31.36569], [-94.99405, 31.36136], [-95.00021, 31.35699], [-95.00447, 31.35406], [-95.00886, 31.35103], [-95.01394, 31.34753], [-95.01853, 31.34437], [-95.02255, 31.3416], [-95.0327, 31.33459], [-95.04064, 31.32913], [-95.05048, 31.32235], [-95.05455, 31.31955], [-95.06032, 31.31558], [-95.06727, 31.31078], [-95.07381, 31.30628], [-95.08019, 31.30189], [-95.08647, 31.29756], [-95.09415, 31.29227], [-95.0997, 31.28845], [-95.10823, 31.28259], [-95.11559, 31.27752], [-95.12045, 31.27417], [-95.12521, 31.27088], [-95.13077, 31.26682], [-95.13797, 31.26189], [-95.14263, 31.25891], [-95.15047, 31.25308], [-95.15482, 31.25041], [-95.16317, 31.24478], [-95.16831, 31.24125], [-95.17784, 31.23473], [-95.18273, 31.23138], [-95.18788, 31.22785], [-95.19189, 31.22512], [-95.1959, 31.22237], [-95.20114, 31.21878], [-95.20597, 31.21548], [-95.21003, 31.21269], [-95.21673, 31.2081], [-95.22442, 31.20284], [-95.23022, 31.19887], [-95.2364, 31.19464], [-95.24121, 31.19135], [-95.2453, 31.18855], [-95.25011, 31.1853], [-95.25806, 31.17982], [-95.26401, 31.17572], [-95.27161, 31.17049], [-95.28347, 31.16232], [-95.29129, 31.15692], [-95.29884, 31.15173], [-95.30677, 31.14626], [-95.31194, 31.1427], [-95.31618, 31.13978], [-95.3207, 31.13672], [-95.32658, 31.13268], [-95.33101, 31.12963], [-95.33565, 31.12644], [-95.34585, 31.11947], [-95.35024, 31.11647], [-95.35562, 31.11276], [-95.36016, 31.10964], [-95.36884, 31.10366], [-95.37464, 31.09968], [-95.38062, 31.09535], [-95.38555, 31.09195], [-95.39192, 31.08756], [-95.39787, 31.08346], [-95.40675, 31.07734], [-95.41096, 31.07444], [-95.41596, 31.07099], [-95.42208, 31.06678], [-95.42689, 31.06347], [-95.43168, 31.06021], [-95.43478100011157, 31.058098000200133]]]}, "properties": {"dma_county": "Trinity"}}]}