{"type": "FeatureCollection", "features": [{"type": "Feature", "id": 1458610, "geometry": {"type": "Point", "coordinates": [-95.054616, 29.610142]}, "properties": {"OBJECTID": 1458610, "REM_PROG": "Voluntary Cleanup Program (VCP)", "RN": "RN100553189", "VCP_ID": 1746, "SITE_NAME": "VELSICOL CHEMICAL", "PHYS_ADDR": "10201 BAY AREA BLVD", "ADDR_DESC": "10201 Bay Area Blvd, Pasadena, TX", "CITY": "PASADENA", "COUNTY": "HARRIS", "ZIP_CODE": "77507", "REGION": "REGION 12 - HOUSTON", "LAT_DD": 29.61013662, "LONG_DD": -95.05460859, "HORZ_METH": "ADDMAT_NUM", "HORZ_ACC": -9999, "HORZ_REF": "STRUC_CEN", "HORZ_DATE": "20041013", "HORZ_ORG": "TCEQ", "HORZ_DATUM": "NAD83", "HORZ_DESC": null, "dma_county": "Harris", "tceq_program": "vcp"}}, {"type": "Feature", "id": 1458612, "geometry": {"type": "Point", "coordinates": [-94.816677, 29.316675]}, "properties": {"OBJECTID": 1458612, "REM_PROG": "Voluntary Cleanup Program (VCP)", "RN": "RN101461135", "VCP_ID": 330, "SITE_NAME": "TATSUMI USA/TODD SHIPYARD FACI", "PHYS_ADDR": null, "ADDR_DESC": "PELICAN ISLAND SHIPYARD", "CITY": "GALVESTON", "COUNTY": "GALVESTON", "ZIP_CODE": null, "REGION": "REGION 12 - HOUSTON", "LAT_DD": 29.31667, "LONG_DD": -94.81667, "HORZ_METH": "UNKNOWN", "HORZ_ACC": -9999, "HORZ_REF": "OTHER", "HORZ_DATE": "19960827", "HORZ_ORG": "TCEQ", "HORZ_DATUM": "NAD83", "HORZ_DESC": null, "dma_county": "Galveston", "tceq_program": "vcp"}}, {"type": "Feature", "id": 1458615, "geometry": {"type": "Point", "coordinates": [-95.219011, 29.711841]}, "properties": {"OBJECTID": 1458615, "REM_PROG": "Voluntary Cleanup Program (VCP)", "RN": "RN105021281", "VCP_ID": 1954, "SITE_NAME": "PASADENA COURTHOUSE ANNEX", "PHYS_ADDR": "816 W PASADENA FWY", "ADDR_DESC": null, "CITY": "PASADENA", "COUNTY": "HARRIS", "ZIP_CODE": "77506", "REGION": "REGION 12 - HOUSTON", "LAT_DD": 29.71183591, "LONG_DD": -95.21900446, "HORZ_METH": "ADDMAT_NUM", "HORZ_ACC": -9999, "HORZ_REF": "OTHER", "HORZ_DATE": "20060822", "HORZ_ORG": "TCEQ", "HORZ_DATUM": "NAD83", "HORZ_DESC": null, "dma_county": "Harris", "tceq_program": "vcp"}}, {"type": "Feature", "id": 1458616, "geometry": {"type": "Point", "coordinates": [-95.235393, 29.797582]}, "properties": {"OBJECTID": 1458616, "REM_PROG": "Voluntary Cleanup Program (VCP)", "RN": "RN108505504", "VCP_ID": 2756, "SITE_NAME": "J AND B PAVELKA TRUCK AND TRAILER SALES", "PHYS_ADDR": "11113 WALLISVILLE RD", "ADDR_DESC": null, "CITY": "HOUSTON", "COUNTY": "HARRIS", "ZIP_CODE": "77013", "REGION": "REGION 12 - HOUSTON", "LAT_DD": 29.7975771, "LONG_DD": -95.23538572, "HORZ_METH": "ADDMAT_NUM", "HORZ_ACC": -9999, "HORZ_REF": "STRUC_CEN", "HORZ_DATE": "20150605", "HORZ_ORG": "TCEQ", "HORZ_DATUM": "NAD83", "HORZ_DESC": null, "dma_county": "Harris", "tceq_program": "vcp"}}, {"type": "Feature", "id": 1458619, "geometry": {"type": "Point", "coordinates": [-94.816788, 29.304434]}, "properties": {"OBJECTID": 1458619, "REM_PROG": "Voluntary Cleanup Program (VCP)", "RN": "RN102744323", "VCP_ID": 977, "SITE_NAME": "SPTCO GALVESTON WHARVES SITE", "PHYS_ADDR": null, "ADDR_DESC": "4100 OLD PORT INDUSTRIAL RD GALVESTON TEXAS 77554", "CITY": "GALVESTON", "COUNTY": "GALVESTON", "ZIP_CODE": null, "REGION": "REGION 12 - HOUSTON", "LAT_DD": 29.30442933, "LONG_DD": -94.81678156, "HORZ_METH": "DOQ", "HORZ_ACC": 5, "HORZ_REF": "FAC_CEN", "HORZ_DATE": "19990506", "HORZ_ORG": "TCEQ", "HORZ_DATUM": "NAD83", "HORZ_DESC": null, "dma_county": "Galveston", "tceq_program": "vcp"}}, {"type": "Feature", "id": 1458620, "geometry": {"type": "Point", "coordinates": [-95.420248, 29.782633]}, "properties": {"OBJECTID": 1458620, "REM_PROG": "Voluntary Cleanup Program (VCP)", "RN": "RN102863388", "VCP_ID": 1494, "SITE_NAME": "22 ACRE EUREKA RAILYARD PROPERTY", "PHYS_ADDR": null, "ADDR_DESC": "ON TC JESTER & KANSAS ST", "CITY": "HOUSTON", "COUNTY": "HARRIS", "ZIP_CODE": null, "REGION": "REGION 12 - HOUSTON", "LAT_DD": 29.78262823, "LONG_DD": -95.4202406, "HORZ_METH": "DOQ", "HORZ_ACC": 5, "HORZ_REF": "FAC_CEN", "HORZ_DATE": "20020724", "HORZ_ORG": "TCEQ", "HORZ_DATUM": "NAD83", "HORZ_DESC": null, "dma_county": "Harris", "tceq_program": "vcp"}}, {"type": "Feature", "id": 1458621, "geometry": {"type": "Point", "coordinates": [-96.152832, 29.765928]}, "properties": {"OBJECTID": 1458621, "REM_PROG": "Voluntary Cleanup Program (VCP)", "RN": "RN101475259", "VCP_ID": 976, "SITE_NAME": "IBP, INC.", "PHYS_ADDR": "1810 MEYER ST", "ADDR_DESC": "1810 N Meyer St, Sealy, TX", "CITY": "SEALY", "COUNTY": "AUSTIN", "ZIP_CODE": "77474", "REGION": "REGION 12 - HOUSTON", "LAT_DD": 29.765922999999997, "LONG_DD": -96.15282499999999, "HORZ_METH": "ADDMAT_NUM", "HORZ_ACC": -9999, "HORZ_REF": "OTHER", "HORZ_DATE": "19990506", "HORZ_ORG": "TCEQ", "HORZ_DATUM": "NAD83", "HORZ_DESC": null, "dma_county": "Austin", "tceq_program": "vcp"}}, {"type": "Feature", "id": 1458623, "geometry": {"type": "Point", "coordinates": [-95.237772, 30.335516]}, "properties": {"OBJECTID": 1458623, "REM_PROG": "Voluntary Cleanup Program (VCP)", "RN": "RN100608652", "VCP_ID": 1768, "SITE_NAME": "GAFFEY A DIVISION OF CRANE EQUIPMENT  SERVICE", "PHYS_ADDR": "1436 N DUCK CREEK RD", "ADDR_DESC": "1436 N Duck Creek Rd, Cleveland, TX", "CITY": "CLEVELAND", "COUNTY": "LIBERTY", "ZIP_CODE": "77328", "REGION": "REGION 12 - HOUSTON", "LAT_DD": 30.33551079, "LONG_DD": -95.23776505, "HORZ_METH": "ADDMAT_NUM", "HORZ_ACC": -9999, "HORZ_REF": "STRUC_CEN", "HORZ_DATE": "20041216", "HORZ_ORG": "TCEQ", "HORZ_DATUM": "NAD83", "HORZ_DESC": null, "dma_county": "Montgomery", "tceq_program": "vcp"}}, {"type": "Feature", "id": 1458624, "geometry": {"type": "Point", "coordinates": [-95.441407, 29.791705]}, "properties": {"OBJECTID": 1458624, "REM_PROG": "Voluntary Cleanup Program (VCP)", "RN": "RN100879386", "VCP_ID": 2063, "SITE_NAME": "GOODALL RUBBER", "PHYS_ADDR": "3350 W 12TH ST", "ADDR_DESC": "ONE BLOCK EAST OF HEMPSTEAD HWY ON W 12TH ST", "CITY": "HOUSTON", "COUNTY": "HARRIS", "ZIP_CODE": "77008", "REGION": "REGION 12 - HOUSTON", "LAT_DD": 29.79170005, "LONG_DD": -95.44139998, "HORZ_METH": "GPS_DIFF", "HORZ_ACC": -9999, "HORZ_REF": "OTHER", "HORZ_DATE": "20070522", "HORZ_ORG": "TCEQ", "HORZ_DATUM": "NAD83", "HORZ_DESC": null, "dma_county": "Harris", "tceq_program": "vcp"}}, {"type": "Feature", "id": 1458626, "geometry": {"type": "Point", "coordinates": [-95.558029, 29.772678]}, "properties": {"OBJECTID": 1458626, "REM_PROG": "Voluntary Cleanup Program (VCP)", "RN": "RN102643988", "VCP_ID": 152, "SITE_NAME": "TOWN AND COUNTRY VILLAGE SHOPP", "PHYS_ADDR": "12850 MEMORIAL DR", "ADDR_DESC": "12850 MEMORIAL DRIVE", "CITY": "HOUSTON", "COUNTY": "HARRIS", "ZIP_CODE": "77024", "REGION": "REGION 12 - HOUSTON", "LAT_DD": 29.77267298, "LONG_DD": -95.55802209, "HORZ_METH": "DOQ", "HORZ_ACC": 5, "HORZ_REF": "OTHER", "HORZ_DATE": "19960422", "HORZ_ORG": "TCEQ", "HORZ_DATUM": "NAD83", "HORZ_DESC": null, "dma_county": "Harris", "tceq_program": "vcp"}}, {"type": "Feature", "id": 1458631, "geometry": {"type": "Point", "coordinates": [-95.362396, 29.783113]}, "properties": {"OBJECTID": 1458631, "REM_PROG": "Voluntary Cleanup Program (VCP)", "RN": "RN100683697", "VCP_ID": 2422, "SITE_NAME": "DEE FOUNDRIES", "PHYS_ADDR": "2408 EVERETT ST", "ADDR_DESC": "2408 Everett St., Houston, TX", "CITY": "HOUSTON", "COUNTY": "HARRIS", "ZIP_CODE": "77009", "REGION": "REGION 12 - HOUSTON", "LAT_DD": 29.78310806, "LONG_DD": -95.36238867, "HORZ_METH": "DOQ", "HORZ_ACC": 5, "HORZ_REF": "FAC_CEN", "HORZ_DATE": "20110613", "HORZ_ORG": "TCEQ", "HORZ_DATUM": "NAD83", "HORZ_DESC": null, "dma_county": "Harris", "tceq_program": "vcp"}}, {"type": "Feature", "id": 1458634, "geometry": {"type": "Point", "coordinates": [-95.341282, 29.747965]}, "properties": {"OBJECTID": 1458634, "REM_PROG": "Voluntary Cleanup Program (VCP)", "RN": "RN105597322", "VCP_ID": 2208, "SITE_NAME": "EAST END CORRIDOR II", "PHYS_ADDR": null, "ADDR_DESC": "3406 3416 3506 3600 3618 3714 HARRISBURG BLVD AND 4 LOTS ON HUTCHESON ST", "CITY": "HOUSTON", "COUNTY": "HARRIS", "ZIP_CODE": null, "REGION": "REGION 12 - HOUSTON", "LAT_DD": 29.74795984, "LONG_DD": -95.34127546, "HORZ_METH": "ADDMAT_NUM", "HORZ_ACC": -9999, "HORZ_REF": "FAC_CEN", "HORZ_DATE": "20080730", "HORZ_ORG": "TCEQ", "HORZ_DATUM": "NAD83", "HORZ_DESC": null, "dma_county": "Harris", "tceq_program": "vcp"}}, {"type": "Feature", "id": 1458638, "geometry": {"type": "Point", "coordinates": [-95.31934, 29.739443]}, "properties": {"OBJECTID": 1458638, "REM_PROG": "Voluntary Cleanup Program (VCP)", "RN": "RN106474539", "VCP_ID": 2521, "SITE_NAME": "EAST END CORRIDOR PARCEL EE_113 AT 512 NORWOOD STREET", "PHYS_ADDR": "512 NORWOOD ST", "ADDR_DESC": "512 NORWOOD STREET", "CITY": "HOUSTON", "COUNTY": "HARRIS", "ZIP_CODE": "77011", "REGION": "REGION 12 - HOUSTON", "LAT_DD": 29.73943734, "LONG_DD": -95.31933297, "HORZ_METH": "DOQ", "HORZ_ACC": 5, "HORZ_REF": "FAC_CEN", "HORZ_DATE": "20120718", "HORZ_ORG": "TCEQ", "HORZ_DATUM": "NAD83", "HORZ_DESC": null, "dma_county": "Harris", "tceq_program": "vcp"}}, {"type": "Feature", "id": 1458639, "geometry": {"type": "Point", "coordinates": [-95.259779, 29.633775]}, "properties": {"OBJECTID": 1458639, "REM_PROG": "Voluntary Cleanup Program (VCP)", "RN": "RN103205928", "VCP_ID": 2445, "SITE_NAME": "TURBO COMPONENTS & ENGINEERING", "PHYS_ADDR": "8730 MELDRUM LN", "ADDR_DESC": null, "CITY": "HOUSTON", "COUNTY": "HARRIS", "ZIP_CODE": "77075", "REGION": "REGION 12 - HOUSTON", "LAT_DD": 29.63376935, "LONG_DD": -95.25977194, "HORZ_METH": "DOQ", "HORZ_ACC": 5, "HORZ_REF": "STRUC_CEN", "HORZ_DATE": "20110921", "HORZ_ORG": "TCEQ", "HORZ_DATUM": "NAD83", "HORZ_DESC": null, "dma_county": "Harris", "tceq_program": "vcp"}}, {"type": "Feature", "id": 1458643, "geometry": {"type": "Point", "coordinates": [-95.539899, 29.716856]}, "properties": {"OBJECTID": 1458643, "REM_PROG": "Voluntary Cleanup Program (VCP)", "RN": "RN104147293", "VCP_ID": 1673, "SITE_NAME": "LANDMARK SHOPPING CENTER", "PHYS_ADDR": "5858 S GESSNER RD", "ADDR_DESC": "SEC OF SOUTH GESSNER AND HARWIN DRIVE", "CITY": "HOUSTON", "COUNTY": "HARRIS", "ZIP_CODE": "77036", "REGION": "REGION 12 - HOUSTON", "LAT_DD": 29.71685098, "LONG_DD": -95.53989206, "HORZ_METH": "DOQ", "HORZ_ACC": 5, "HORZ_REF": "STRUC_CEN", "HORZ_DATE": "20040113", "HORZ_ORG": "TCEQ", "HORZ_DATUM": "NAD83", "HORZ_DESC": null, "dma_county": "Harris", "tceq_program": "vcp"}}, {"type": "Feature", "id": 1458644, "geometry": {"type": "Point", "coordinates": [-95.357466, 29.798709]}, "properties": {"OBJECTID": 1458644, "REM_PROG": "Voluntary Cleanup Program (VCP)", "RN": "RN104584628", "VCP_ID": 2876, "SITE_NAME": "BODYCOTE THERMAL PROCESSING", "PHYS_ADDR": "4111 ROBERTSON ST", "ADDR_DESC": null, "CITY": "HOUSTON", "COUNTY": "HARRIS", "ZIP_CODE": "77009", "REGION": "REGION 12 - HOUSTON", "LAT_DD": 29.79870393, "LONG_DD": -95.35745915, "HORZ_METH": "ADDMAT_NUM", "HORZ_ACC": -9999, "HORZ_REF": "STRUC_CEN", "HORZ_DATE": "20170306", "HORZ_ORG": "TCEQ", "HORZ_DATUM": "NAD83", "HORZ_DESC": null, "dma_county": "Harris", "tceq_program": "vcp"}}, {"type": "Feature", "id": 1458647, "geometry": {"type": "Point", "coordinates": [-95.570157, 29.654863]}, "properties": {"OBJECTID": 1458647, "REM_PROG": "Voluntary Cleanup Program (VCP)", "RN": "RN100618016", "VCP_ID": 1604, "SITE_NAME": "BELLFORT PLAZA TOP 1 DRY CLEANERS", "PHYS_ADDR": "10795 W BELLFORT AVE", "ADDR_DESC": "US 59 EXIT WEST BELLFORT HEADING WEST APPROX 1 2 MILE ON LEFT HAND SIDE AT BELLFORT PLAZA SHOPPING CENTER", "CITY": "HOUSTON", "COUNTY": "HARRIS", "ZIP_CODE": "77099", "REGION": "REGION 12 - HOUSTON", "LAT_DD": 29.65485827, "LONG_DD": -95.57014961, "HORZ_METH": "ADDMAT_NUM", "HORZ_ACC": -9999, "HORZ_REF": "STRUC_CEN", "HORZ_DATE": "20030702", "HORZ_ORG": "TCEQ", "HORZ_DATUM": "NAD83", "HORZ_DESC": null, "dma_county": "Harris", "tceq_program": "vcp"}}, {"type": "Feature", "id": 1458653, "geometry": {"type": "Point", "coordinates": [-95.346728, 29.748639]}, "properties": {"OBJECTID": 1458653, "REM_PROG": "Voluntary Cleanup Program (VCP)", "RN": "RN101840304", "VCP_ID": 2310, "SITE_NAME": "PARCELS SE 318 AND SE 321", "PHYS_ADDR": "2911 RUSK ST", "ADDR_DESC": "2911 RUSK ST AND 2801 CAPITOL ST", "CITY": "HOUSTON", "COUNTY": "HARRIS", "ZIP_CODE": "77003", "REGION": "REGION 12 - HOUSTON", "LAT_DD": 29.74863425, "LONG_DD": -95.34672112, "HORZ_METH": "DOQ", "HORZ_ACC": 5, "HORZ_REF": "OTHER", "HORZ_DATE": "20100304", "HORZ_ORG": "TCEQ", "HORZ_DATUM": "NAD83", "HORZ_DESC": null, "dma_county": "Harris", "tceq_program": "vcp"}}, {"type": "Feature", "id": 1458655, "geometry": {"type": "Point", "coordinates": [-95.362049, 29.820831]}, "properties": {"OBJECTID": 1458655, "REM_PROG": "Voluntary Cleanup Program (VCP)", "RN": "RN100594688", "VCP_ID": 2016, "SITE_NAME": "HATHEWAY PATTERSON", "PHYS_ADDR": "6809 IRVINGTON BLVD", "ADDR_DESC": "6809 IRVINGTON BLVD", "CITY": "HOUSTON", "COUNTY": "HARRIS", "ZIP_CODE": "77022", "REGION": "REGION 12 - HOUSTON", "LAT_DD": 29.82082607, "LONG_DD": -95.3620425, "HORZ_METH": "DOQ", "HORZ_ACC": 5, "HORZ_REF": "FAC_CEN", "HORZ_DATE": "20061228", "HORZ_ORG": "TCEQ", "HORZ_DATUM": "NAD83", "HORZ_DESC": null, "dma_county": "Harris", "tceq_program": "vcp"}}, {"type": "Feature", "id": 1458656, "geometry": {"type": "Point", "coordinates": [-95.40107, 29.952716]}, "properties": {"OBJECTID": 1458656, "REM_PROG": "Voluntary Cleanup Program (VCP)", "RN": "RN101053510", "VCP_ID": 983, "SITE_NAME": "GREENBRIAR NORTH CENTER", "PHYS_ADDR": "17553 IMPERIAL VALLEY DR", "ADDR_DESC": "17553 IMPERIAL VALLEY DRIVE", "CITY": "HOUSTON", "COUNTY": "HARRIS", "ZIP_CODE": "77060", "REGION": "REGION 12 - HOUSTON", "LAT_DD": 29.95271057, "LONG_DD": -95.40106341, "HORZ_METH": "ADDMAT_NUM", "HORZ_ACC": -9999, "HORZ_REF": "STRUC_CEN", "HORZ_DATE": "19990513", "HORZ_ORG": "TCEQ", "HORZ_DATUM": "NAD83", "HORZ_DESC": null, "dma_county": "Harris", "tceq_program": "vcp"}}, {"type": "Feature", "id": 1458658, "geometry": {"type": "Point", "coordinates": [-95.222031, 29.689358]}, "properties": {"OBJECTID": 1458658, "REM_PROG": "Voluntary Cleanup Program (VCP)", "RN": "RN100698521", "VCP_ID": 1393, "SITE_NAME": "SAYBOLT LAB", "PHYS_ADDR": "1404 S HOUSTON RD", "ADDR_DESC": null, "CITY": "PASADENA", "COUNTY": "HARRIS", "ZIP_CODE": "77502", "REGION": "REGION 12 - HOUSTON", "LAT_DD": 29.68935305, "LONG_DD": -95.22202419, "HORZ_METH": "DOQ", "HORZ_ACC": 5, "HORZ_REF": "FAC_CEN", "HORZ_DATE": "20010925", "HORZ_ORG": "TCEQ", "HORZ_DATUM": "NAD83", "HORZ_DESC": null, "dma_county": "Harris", "tceq_program": "vcp"}}, {"type": "Feature", "id": 1458659, "geometry": {"type": "Point", "coordinates": [-95.254862, 29.648323]}, "properties": {"OBJECTID": 1458659, "REM_PROG": "Voluntary Cleanup Program (VCP)", "RN": "RN102276532", "VCP_ID": 2334, "SITE_NAME": "MPI INTEREST", "PHYS_ADDR": "8350 MOSLEY RD", "ADDR_DESC": null, "CITY": "HOUSTON", "COUNTY": "HARRIS", "ZIP_CODE": "77075", "REGION": "REGION 12 - HOUSTON", "LAT_DD": 29.64831826, "LONG_DD": -95.25485495, "HORZ_METH": "DOQ", "HORZ_ACC": 5, "HORZ_REF": "FAC_CEN", "HORZ_DATE": "20100714", "HORZ_ORG": "TCEQ", "HORZ_DATUM": "NAD83", "HORZ_DESC": null, "dma_county": "Harris", "tceq_program": "vcp"}}, {"type": "Feature", "id": 1458671, "geometry": {"type": "Point", "coordinates": [-95.500572, 29.985268]}, "properties": {"OBJECTID": 1458671, "REM_PROG": "Voluntary Cleanup Program (VCP)", "RN": "RN101465755", "VCP_ID": 2105, "SITE_NAME": "CLARK CLEANERS", "PHYS_ADDR": "4529 FM 1960 RD W", "ADDR_DESC": "INTERSECTION OF VETERANS MEMORIAL DR AND FM 1960", "CITY": "HOUSTON", "COUNTY": "HARRIS", "ZIP_CODE": "77069", "REGION": "REGION 12 - HOUSTON", "LAT_DD": 29.98526271, "LONG_DD": -95.50056451, "HORZ_METH": "DOQ", "HORZ_ACC": 5, "HORZ_REF": "FAC_CEN", "HORZ_DATE": "20071018", "HORZ_ORG": "TCEQ", "HORZ_DATUM": "NAD83", "HORZ_DESC": null, "dma_county": "Harris", "tceq_program": "vcp"}}, {"type": "Feature", "id": 1458672, "geometry": {"type": "Point", "coordinates": [-95.382624, 29.695563]}, "properties": {"OBJECTID": 1458672, "REM_PROG": "Voluntary Cleanup Program (VCP)", "RN": "RN105148472", "VCP_ID": 2008, "SITE_NAME": "ALICE STREET WEST PLUME A", "PHYS_ADDR": null, "ADDR_DESC": "SWC ALICE AND ARMORE STS", "CITY": "HOUSTON", "COUNTY": "HARRIS", "ZIP_CODE": null, "REGION": "REGION 12 - HOUSTON", "LAT_DD": 29.69555825, "LONG_DD": -95.38261661, "HORZ_METH": "DOQ", "HORZ_ACC": 5, "HORZ_REF": "FAC_CEN", "HORZ_DATE": "20061219", "HORZ_ORG": "TCEQ", "HORZ_DATUM": "NAD83", "HORZ_DESC": null, "dma_county": "Harris", "tceq_program": "vcp"}}, {"type": "Feature", "id": 1458673, "geometry": {"type": "Point", "coordinates": [-95.319317, 29.855506]}, "properties": {"OBJECTID": 1458673, "REM_PROG": "Voluntary Cleanup Program (VCP)", "RN": "RN100240217", "VCP_ID": 526, "SITE_NAME": "OAKITE PRODUCTS FACILITY", "PHYS_ADDR": "10100 HIRSCH RD", "ADDR_DESC": "10100 Hirsch Rd, Houston, TX", "CITY": "HOUSTON", "COUNTY": "HARRIS", "ZIP_CODE": "77016", "REGION": "REGION 12 - HOUSTON", "LAT_DD": 29.85550072, "LONG_DD": -95.31931009, "HORZ_METH": "DOQ", "HORZ_ACC": 5, "HORZ_REF": "FAC_CEN", "HORZ_DATE": "19970509", "HORZ_ORG": "TCEQ", "HORZ_DATUM": "NAD83", "HORZ_DESC": null, "dma_county": "Harris", "tceq_program": "vcp"}}, {"type": "Feature", "id": 1458674, "geometry": {"type": "Point", "coordinates": [-95.519378, 29.718526]}, "properties": {"OBJECTID": 1458674, "REM_PROG": "Voluntary Cleanup Program (VCP)", "RN": "RN100559566", "VCP_ID": 1278, "SITE_NAME": "5 STARS CLEANERS", "PHYS_ADDR": "5713 FONDREN RD", "ADDR_DESC": "5713 FONDREN HOUSTON TX", "CITY": "HOUSTON", "COUNTY": "HARRIS", "ZIP_CODE": "77036", "REGION": "REGION 12 - HOUSTON", "LAT_DD": 29.718521289999998, "LONG_DD": -95.51937107, "HORZ_METH": "ADDMAT_NUM", "HORZ_ACC": -9999, "HORZ_REF": "STRUC_CEN", "HORZ_DATE": "20001107", "HORZ_ORG": "TCEQ", "HORZ_DATUM": "NAD83", "HORZ_DESC": null, "dma_county": "Harris", "tceq_program": "vcp"}}, {"type": "Feature", "id": 1458917, "geometry": {"type": "Point", "coordinates": [-95.283429, 29.771635]}, "properties": {"OBJECTID": 1458917, "REM_PROG": "Voluntary Cleanup Program (VCP)", "RN": "RN101053064", "VCP_ID": 1068, "SITE_NAME": "MERIDIAN TRUCK SALES", "PHYS_ADDR": "901 MCCARTY ST", "ADDR_DESC": "901 MCCARTY", "CITY": "HOUSTON", "COUNTY": "HARRIS", "ZIP_CODE": "77029", "REGION": "REGION 12 - HOUSTON", "LAT_DD": 29.77162935, "LONG_DD": -95.28342196, "HORZ_METH": "ADDMAT_NUM", "HORZ_ACC": -9999, "HORZ_REF": "STRUC_CEN", "HORZ_DATE": "19991014", "HORZ_ORG": "TCEQ", "HORZ_DATUM": "NAD83", "HORZ_DESC": null, "dma_county": "Harris", "tceq_program": "vcp"}}, {"type": "Feature", "id": 1458920, "geometry": {"type": "Point", "coordinates": [-95.361997, 29.915825]}, "properties": {"OBJECTID": 1458920, "REM_PROG": "Voluntary Cleanup Program (VCP)", "RN": "RN100545011", "VCP_ID": 2148, "SITE_NAME": "NUPI AMERICAS", "PHYS_ADDR": "1511 SUPERIOR WAY", "ADDR_DESC": null, "CITY": "HOUSTON", "COUNTY": "HARRIS", "ZIP_CODE": "77039", "REGION": "REGION 12 - HOUSTON", "LAT_DD": 29.91581929, "LONG_DD": -95.3619901, "HORZ_METH": "ADDMAT_NUM", "HORZ_ACC": -9999, "HORZ_REF": "STRUC_CEN", "HORZ_DATE": "20080306", "HORZ_ORG": "TCEQ", "HORZ_DATUM": "NAD83", "HORZ_DESC": null, "dma_county": "Harris", "tceq_program": "vcp"}}, {"type": "Feature", "id": 1458922, "geometry": {"type": "Point", "coordinates": [-95.591325, 29.680405]}, "properties": {"OBJECTID": 1458922, "REM_PROG": "Voluntary Cleanup Program (VCP)", "RN": "RN101474732", "VCP_ID": 215, "SITE_NAME": "KIRKWOOD COUNTRY (CHESSINGTON)", "PHYS_ADDR": null, "ADDR_DESC": "NE INTERSECTION BISSONNET/S. KIRKWOOD VACANT LAND 92 ACRES", "CITY": "HOUSTON", "COUNTY": "HARRIS", "ZIP_CODE": null, "REGION": "REGION 12 - HOUSTON", "LAT_DD": 29.68039939, "LONG_DD": -95.59131797, "HORZ_METH": "ADDMAT_NUM", "HORZ_ACC": -9999, "HORZ_REF": "OTHER", "HORZ_DATE": "19960328", "HORZ_ORG": "TCEQ", "HORZ_DATUM": "NAD83", "HORZ_DESC": null, "dma_county": "Harris", "tceq_program": "vcp"}}, {"type": "Feature", "id": 1458924, "geometry": {"type": "Point", "coordinates": [-95.403129, 29.809707]}, "properties": {"OBJECTID": 1458924, "REM_PROG": "Voluntary Cleanup Program (VCP)", "RN": "RN100596121", "VCP_ID": 2360, "SITE_NAME": "NATIONAL FLAME AND FORGE", "PHYS_ADDR": "330 W 25TH ST", "ADDR_DESC": "330 West 25th Houston Texas", "CITY": "HOUSTON", "COUNTY": "HARRIS", "ZIP_CODE": "77008", "REGION": "REGION 12 - HOUSTON", "LAT_DD": 29.80970166, "LONG_DD": -95.40312211, "HORZ_METH": "ADDMAT_NUM", "HORZ_ACC": -9999, "HORZ_REF": "OTHER", "HORZ_DATE": "20101117", "HORZ_ORG": "TCEQ", "HORZ_DATUM": "NAD83", "HORZ_DESC": null, "dma_county": "Harris", "tceq_program": "vcp"}}, {"type": "Feature", "id": 1458926, "geometry": {"type": "Point", "coordinates": [-95.555008, 29.788232]}, "properties": {"OBJECTID": 1458926, "REM_PROG": "Voluntary Cleanup Program (VCP)", "RN": "RN102081924", "VCP_ID": 665, "SITE_NAME": "OLD KATY ROAD DRIVING RANGE", "PHYS_ADDR": "10400 KATY FWY", "ADDR_DESC": "10400 OLD KATY ROAD", "CITY": "HOUSTON", "COUNTY": "HARRIS", "ZIP_CODE": "77043", "REGION": "REGION 12 - HOUSTON", "LAT_DD": 29.78822668, "LONG_DD": -95.5550005, "HORZ_METH": "DOQ", "HORZ_ACC": 5, "HORZ_REF": "STRUC_CEN", "HORZ_DATE": "19971216", "HORZ_ORG": "TCEQ", "HORZ_DATUM": "NAD83", "HORZ_DESC": null, "dma_county": "Harris", "tceq_program": "vcp"}}, {"type": "Feature", "id": 1458927, "geometry": {"type": "Point", "coordinates": [-95.33886, 29.757593]}, "properties": {"OBJECTID": 1458927, "REM_PROG": "Voluntary Cleanup Program (VCP)", "RN": "RN102645694", "VCP_ID": 183, "SITE_NAME": "KQUE/KNUZ RADIO TRANSMITTER SI", "PHYS_ADDR": "315 N ENNIS ST", "ADDR_DESC": "315 NORTH ENNIS STREET", "CITY": "HOUSTON", "COUNTY": "HARRIS", "ZIP_CODE": "77003", "REGION": "REGION 12 - HOUSTON", "LAT_DD": 29.75758733, "LONG_DD": -95.33885323, "HORZ_METH": "DOQ", "HORZ_ACC": 5, "HORZ_REF": "OTHER", "HORZ_DATE": "19960215", "HORZ_ORG": "TCEQ", "HORZ_DATUM": "NAD83", "HORZ_DESC": null, "dma_county": "Harris", "tceq_program": "vcp"}}, {"type": "Feature", "id": 1458928, "geometry": {"type": "Point", "coordinates": [-94.946073, 29.74581]}, "properties": {"OBJECTID": 1458928, "REM_PROG": "Voluntary Cleanup Program (VCP)", "RN": "RN102618816", "VCP_ID": 211, "SITE_NAME": "BRIARWOOD VILLAGE APARTMENTS", "PHYS_ADDR": "1711 JAMES BOWIE DR", "ADDR_DESC": "1711 JAMES BOWIE", "CITY": "BAYTOWN", "COUNTY": "HARRIS", "ZIP_CODE": "77520", "REGION": "REGION 12 - HOUSTON", "LAT_DD": 29.74580444, "LONG_DD": -94.94606616, "HORZ_METH": "ADDMAT_NUM", "HORZ_ACC": -9999, "HORZ_REF": "FAC_CEN", "HORZ_DATE": "19960322", "HORZ_ORG": "TCEQ", "HORZ_DATUM": "NAD83", "HORZ_DESC": null, "dma_county": "Harris", "tceq_program": "vcp"}}, {"type": "Feature", "id": 1458929, "geometry": {"type": "Point", "coordinates": [-95.310078, 29.737814]}, "properties": {"OBJECTID": 1458929, "REM_PROG": "Voluntary Cleanup Program (VCP)", "RN": "RN106856669", "VCP_ID": 2594, "SITE_NAME": "HARRISBURG GRADE SEPARATION HUGHS ST UNDERPASS", "PHYS_ADDR": null, "ADDR_DESC": "5900 THRU 6600 BLOCKS HARRISBURG BLVD", "CITY": "HOUSTON", "COUNTY": "HARRIS", "ZIP_CODE": null, "REGION": "REGION 12 - HOUSTON", "LAT_DD": 29.737809, "LONG_DD": -95.310071, "HORZ_METH": "UNKNOWN", "HORZ_ACC": -9999, "HORZ_REF": "OTHER", "HORZ_DATE": "20130710", "HORZ_ORG": "TCEQ", "HORZ_DATUM": "NAD83", "HORZ_DESC": null, "dma_county": "Harris", "tceq_program": "vcp"}}, {"type": "Feature", "id": 1458930, "geometry": {"type": "Point", "coordinates": [-95.321254, 29.900009]}, "properties": {"OBJECTID": 1458930, "REM_PROG": "Voluntary Cleanup Program (VCP)", "RN": "RN105212807", "VCP_ID": 2045, "SITE_NAME": "GSL WINFIELD", "PHYS_ADDR": "4747 WINFIELD RD", "ADDR_DESC": "4711, 4725, 4751, 4755 WINFIELD - NORTH SIDE OF WINFIELD RD AND 1/2 MI W OF HWY 59 NORTH", "CITY": "HOUSTON", "COUNTY": "HARRIS", "ZIP_CODE": "77039", "REGION": "REGION 12 - HOUSTON", "LAT_DD": 29.90000334, "LONG_DD": -95.32124693, "HORZ_METH": "ADDMAT_NUM", "HORZ_ACC": -9999, "HORZ_REF": "OTHER", "HORZ_DATE": "20070404", "HORZ_ORG": "TCEQ", "HORZ_DATUM": "NAD83", "HORZ_DESC": null, "dma_county": "Harris", "tceq_program": "vcp"}}, {"type": "Feature", "id": 1458934, "geometry": {"type": "Point", "coordinates": [-95.374795, 29.005374]}, "properties": {"OBJECTID": 1458934, "REM_PROG": "Voluntary Cleanup Program (VCP)", "RN": "RN100688662", "VCP_ID": 2500, "SITE_NAME": "WIN WAY", "PHYS_ADDR": "427 COMMERCE ST", "ADDR_DESC": "427 COMMERCE STREET", "CITY": "FREEPORT", "COUNTY": "BRAZORIA", "ZIP_CODE": "77541", "REGION": "REGION 12 - HOUSTON", "LAT_DD": 29.00536874, "LONG_DD": -95.37478831, "HORZ_METH": "DOQ", "HORZ_ACC": 5, "HORZ_REF": "FAC_CEN", "HORZ_DATE": "20120427", "HORZ_ORG": "TCEQ", "HORZ_DATUM": "NAD83", "HORZ_DESC": null, "dma_county": "Brazoria", "tceq_program": "vcp"}}, {"type": "Feature", "id": 1458939, "geometry": {"type": "Point", "coordinates": [-94.8003, 29.300394]}, "properties": {"OBJECTID": 1458939, "REM_PROG": "Voluntary Cleanup Program (VCP)", "RN": "RN106744097", "VCP_ID": 2580, "SITE_NAME": "CEDAR TERRACE", "PHYS_ADDR": null, "ADDR_DESC": "NEC OF 30TH ST AND SEALY AVE", "CITY": "GALVESTON", "COUNTY": "GALVESTON", "ZIP_CODE": null, "REGION": "REGION 12 - HOUSTON", "LAT_DD": 29.30038911, "LONG_DD": -94.80029315, "HORZ_METH": "ADDMAT_NUM", "HORZ_ACC": -9999, "HORZ_REF": "FAC_CEN", "HORZ_DATE": "20130506", "HORZ_ORG": "TCEQ", "HORZ_DATUM": "NAD83", "HORZ_DESC": null, "dma_county": "Galveston", "tceq_program": "vcp"}}, {"type": "Feature", "id": 1458942, "geometry": {"type": "Point", "coordinates": [-95.558075, 29.771429]}, "properties": {"OBJECTID": 1458942, "REM_PROG": "Voluntary Cleanup Program (VCP)", "RN": "RN100659127", "VCP_ID": 1621, "SITE_NAME": "A-1 CLEANERS", "PHYS_ADDR": "12754 MEMORIAL DR", "ADDR_DESC": "12754 MEMORIAL DR HOUSTON TX", "CITY": "HOUSTON", "COUNTY": "HARRIS", "ZIP_CODE": "77024", "REGION": "REGION 12 - HOUSTON", "LAT_DD": 29.77142366, "LONG_DD": -95.55806827, "HORZ_METH": "ADDMAT_NUM", "HORZ_ACC": -9999, "HORZ_REF": "OTHER", "HORZ_DATE": "20030808", "HORZ_ORG": "TCEQ", "HORZ_DATUM": "NAD83", "HORZ_DESC": null, "dma_county": "Harris", "tceq_program": "vcp"}}, {"type": "Feature", "id": 1458945, "geometry": {"type": "Point", "coordinates": [-95.321673, 29.726949]}, "properties": {"OBJECTID": 1458945, "REM_PROG": "Voluntary Cleanup Program (VCP)", "RN": "RN104252168", "VCP_ID": 1979, "SITE_NAME": "LAYNE TEXAS", "PHYS_ADDR": "5400 LAWNDALE ST", "ADDR_DESC": "5400 LAWNDALE ST, HOUSTON, TX 77023", "CITY": "HOUSTON", "COUNTY": "HARRIS", "ZIP_CODE": "77023", "REGION": "REGION 12 - HOUSTON", "LAT_DD": 29.726944, "LONG_DD": -95.321666, "HORZ_METH": "UNKNOWN", "HORZ_ACC": -9999, "HORZ_REF": "OTHER", "HORZ_DATE": "20060925", "HORZ_ORG": "TCEQ", "HORZ_DATUM": "NAD83", "HORZ_DESC": null, "dma_county": "Harris", "tceq_program": "vcp"}}, {"type": "Feature", "id": 1458958, "geometry": {"type": "Point", "coordinates": [-95.33121, 29.776]}, "properties": {"OBJECTID": 1458958, "REM_PROG": "Voluntary Cleanup Program (VCP)", "RN": "RN109159319", "VCP_ID": 2808, "SITE_NAME": "RESERVE A OF PLEASANT HILL VILLAGE", "PHYS_ADDR": "3814 LYONS AVE", "ADDR_DESC": null, "CITY": "HOUSTON", "COUNTY": "HARRIS", "ZIP_CODE": "77020", "REGION": "REGION 12 - HOUSTON", "LAT_DD": 29.77599501, "LONG_DD": -95.33120261, "HORZ_METH": "ADDMAT_NUM", "HORZ_ACC": -9999, "HORZ_REF": "OTHER", "HORZ_DATE": "20160324", "HORZ_ORG": "TCEQ", "HORZ_DATUM": "NAD83", "HORZ_DESC": null, "dma_county": "Harris", "tceq_program": "vcp"}}, {"type": "Feature", "id": 1458963, "geometry": {"type": "Point", "coordinates": [-95.572735, 29.773639]}, "properties": {"OBJECTID": 1458963, "REM_PROG": "Voluntary Cleanup Program (VCP)", "RN": "RN101053130", "VCP_ID": 828, "SITE_NAME": "RUMMEL CREEK SHOPPING CENTER", "PHYS_ADDR": "13100 MEMORIAL DR", "ADDR_DESC": "13100 BLOCK OF MEMORIAL DRIVE", "CITY": "HOUSTON", "COUNTY": "HARRIS", "ZIP_CODE": "77079", "REGION": "REGION 12 - HOUSTON", "LAT_DD": 29.77363361, "LONG_DD": -95.57272793, "HORZ_METH": "ADDMAT_NUM", "HORZ_ACC": -9999, "HORZ_REF": "OTHER", "HORZ_DATE": "19980824", "HORZ_ORG": "TCEQ", "HORZ_DATUM": "NAD83", "HORZ_DESC": null, "dma_county": "Harris", "tceq_program": "vcp"}}, {"type": "Feature", "id": 1458964, "geometry": {"type": "Point", "coordinates": [-95.439011, 29.789859]}, "properties": {"OBJECTID": 1458964, "REM_PROG": "Voluntary Cleanup Program (VCP)", "RN": "RN101060002", "VCP_ID": 2721, "SITE_NAME": "AIR LIQUIDE FACILITY 3602 WEST 11TH STREET", "PHYS_ADDR": "3602 W 11TH ST", "ADDR_DESC": "3602 W ELEVENTH ST, HOUSTON, TX", "CITY": "HOUSTON", "COUNTY": "HARRIS", "ZIP_CODE": "77008", "REGION": "REGION 12 - HOUSTON", "LAT_DD": 29.789854300000002, "LONG_DD": -95.43900357, "HORZ_METH": "DOQ", "HORZ_ACC": 5, "HORZ_REF": "FAC_CEN", "HORZ_DATE": "20141230", "HORZ_ORG": "TCEQ", "HORZ_DATUM": "NAD83", "HORZ_DESC": null, "dma_county": "Harris", "tceq_program": "vcp"}}, {"type": "Feature", "id": 1458973, "geometry": {"type": "Point", "coordinates": [-95.344897, 30.005155]}, "properties": {"OBJECTID": 1458973, "REM_PROG": "Voluntary Cleanup Program (VCP)", "RN": "RN105935506", "VCP_ID": 2321, "SITE_NAME": "FORMER LANDFILL", "PHYS_ADDR": null, "ADDR_DESC": "10411 & 10511 CARTER RD HOUSTON TX 77070", "CITY": "HOUS", "COUNTY": "HARRIS", "ZIP_CODE": null, "REGION": "REGION 12 - HOUSTON", "LAT_DD": 30.005149999999997, "LONG_DD": -95.34488999999999, "HORZ_METH": "UNKNOWN", "HORZ_ACC": -9999, "HORZ_REF": "OTHER", "HORZ_DATE": "20100512", "HORZ_ORG": "TCEQ", "HORZ_DATUM": "NAD83", "HORZ_DESC": null, "dma_county": "Harris", "tceq_program": "vcp"}}, {"type": "Feature", "id": 1458978, "geometry": {"type": "Point", "coordinates": [-95.308774, 29.811005]}, "properties": {"OBJECTID": 1458978, "REM_PROG": "Voluntary Cleanup Program (VCP)", "RN": "RN101474716", "VCP_ID": 854, "SITE_NAME": "ABF FREIGHT SYSTEMS", "PHYS_ADDR": "5880 KELLEY ST", "ADDR_DESC": "5880 KELLEY STREET", "CITY": "HOUSTON", "COUNTY": "HARRIS", "ZIP_CODE": "77026", "REGION": "REGION 12 - HOUSTON", "LAT_DD": 29.811, "LONG_DD": -95.30876699999999, "HORZ_METH": "ADDMAT_NUM", "HORZ_ACC": -9999, "HORZ_REF": "PST_TANK", "HORZ_DATE": "19981026", "HORZ_ORG": "TCEQ", "HORZ_DATUM": "NAD83", "HORZ_DESC": null, "dma_county": "Harris", "tceq_program": "vcp"}}, {"type": "Feature", "id": 1458979, "geometry": {"type": "Point", "coordinates": [-95.443736, 29.784754]}, "properties": {"OBJECTID": 1458979, "REM_PROG": "Voluntary Cleanup Program (VCP)", "RN": "RN103055737", "VCP_ID": 1602, "SITE_NAME": "PORTABLE STORAGE MANUFACTURING", "PHYS_ADDR": "7020 OLD KATY RD", "ADDR_DESC": null, "CITY": "HOUSTON", "COUNTY": "HARRIS", "ZIP_CODE": "77024", "REGION": "REGION 12 - HOUSTON", "LAT_DD": 29.78474835, "LONG_DD": -95.44372861, "HORZ_METH": "DOQ", "HORZ_ACC": 5, "HORZ_REF": "FAC_CEN", "HORZ_DATE": "20030618", "HORZ_ORG": "TCEQ", "HORZ_DATUM": "NAD83", "HORZ_DESC": null, "dma_county": "Harris", "tceq_program": "vcp"}}, {"type": "Feature", "id": 1458981, "geometry": {"type": "Point", "coordinates": [-95.563887, 29.661023]}, "properties": {"OBJECTID": 1458981, "REM_PROG": "Voluntary Cleanup Program (VCP)", "RN": "RN100663467", "VCP_ID": 1299, "SITE_NAME": "SERCEL FALLSTONE", "PHYS_ADDR": "10502 FALLSTONE RD", "ADDR_DESC": "10502 FALLSTONE RD HOUSTON TX", "CITY": "HOUSTON", "COUNTY": "HARRIS", "ZIP_CODE": "77099", "REGION": "REGION 12 - HOUSTON", "LAT_DD": 29.66101807, "LONG_DD": -95.56388044, "HORZ_METH": "DOQ", "HORZ_ACC": 5, "HORZ_REF": "STRUC_CEN", "HORZ_DATE": "20010110", "HORZ_ORG": "TCEQ", "HORZ_DATUM": "NAD83", "HORZ_DESC": null, "dma_county": "Harris", "tceq_program": "vcp"}}, {"type": "Feature", "id": 1458983, "geometry": {"type": "Point", "coordinates": [-95.351192, 29.699326]}, "properties": {"OBJECTID": 1458983, "REM_PROG": "Voluntary Cleanup Program (VCP)", "RN": "RN102331600", "VCP_ID": 1485, "SITE_NAME": "GAS TURBINE CHILLING UNITS", "PHYS_ADDR": "4300 DIXIE DR", "ADDR_DESC": "4300 Dixie Dr, Houston, TX", "CITY": "HOUSTON", "COUNTY": "HARRIS", "ZIP_CODE": "77021", "REGION": "REGION 12 - HOUSTON", "LAT_DD": 29.6993212, "LONG_DD": -95.35118508, "HORZ_METH": "ADDMAT_NUM", "HORZ_ACC": -9999, "HORZ_REF": "OTHER", "HORZ_DATE": "20020701", "HORZ_ORG": "TCEQ", "HORZ_DATUM": "NAD83", "HORZ_DESC": null, "dma_county": "Harris", "tceq_program": "vcp"}}, {"type": "Feature", "id": 1458984, "geometry": {"type": "Point", "coordinates": [-95.13862, 29.746651]}, "properties": {"OBJECTID": 1458984, "REM_PROG": "Voluntary Cleanup Program (VCP)", "RN": "RN104883004", "VCP_ID": 1897, "SITE_NAME": "BELTWAY 8 DREDGE MATERIAL PLACEMENT AREA", "PHYS_ADDR": null, "ADDR_DESC": "NEC OF THE INTERSECTION OF BELTWAY 8 AND THE HOUSTON SHIP CHANNEL AND SEC OF BELTWAY 8 AND JACINTOPORT BLVD", "CITY": "HOUSTON", "COUNTY": "HARRIS", "ZIP_CODE": null, "REGION": "REGION 12 - HOUSTON", "LAT_DD": 29.74664571, "LONG_DD": -95.13861317, "HORZ_METH": "DOQ", "HORZ_ACC": 5, "HORZ_REF": "FAC_CEN", "HORZ_DATE": "20060113", "HORZ_ORG": "TCEQ", "HORZ_DATUM": "NAD83", "HORZ_DESC": null, "dma_county": "Harris", "tceq_program": "vcp"}}, {"type": "Feature", "id": 1458986, "geometry": {"type": "Point", "coordinates": [-95.185774, 29.755745]}, "properties": {"OBJECTID": 1458986, "REM_PROG": "Voluntary Cleanup Program (VCP)", "RN": "RN101057982", "VCP_ID": 689, "SITE_NAME": "PROPOSED WOMBLE", "PHYS_ADDR": "13605 INDUSTRIAL RD", "ADDR_DESC": "13605 INDUSTRIAL RD HOUSTON TX", "CITY": "HOUSTON", "COUNTY": "HARRIS", "ZIP_CODE": "77015", "REGION": "REGION 12 - HOUSTON", "LAT_DD": 29.75574019, "LONG_DD": -95.18576701, "HORZ_METH": "ADDMAT_NUM", "HORZ_ACC": -9999, "HORZ_REF": "OTHER", "HORZ_DATE": "19980129", "HORZ_ORG": "TCEQ", "HORZ_DATUM": "NAD83", "HORZ_DESC": null, "dma_county": "Harris", "tceq_program": "vcp"}}, {"type": "Feature", "id": 1458989, "geometry": {"type": "Point", "coordinates": [-95.488528, 29.701521]}, "properties": {"OBJECTID": 1458989, "REM_PROG": "Voluntary Cleanup Program (VCP)", "RN": "RN105394563", "VCP_ID": 2123, "SITE_NAME": "RAMPART OFFICE PARK", "PHYS_ADDR": "7207 RAMPART ST", "ADDR_DESC": "RAMPART AT JESSAMINE STREET", "CITY": "HOUSTON", "COUNTY": "HARRIS", "ZIP_CODE": "77081", "REGION": "REGION 12 - HOUSTON", "LAT_DD": 29.70151578, "LONG_DD": -95.48852055, "HORZ_METH": "ADDMAT_NUM", "HORZ_ACC": -9999, "HORZ_REF": "STRUC_CEN", "HORZ_DATE": "20071212", "HORZ_ORG": "TCEQ", "HORZ_DATUM": "NAD83", "HORZ_DESC": null, "dma_county": "Harris", "tceq_program": "vcp"}}, {"type": "Feature", "id": 1458990, "geometry": {"type": "Point", "coordinates": [-95.417899, 29.667751]}, "properties": {"OBJECTID": 1458990, "REM_PROG": "Voluntary Cleanup Program (VCP)", "RN": "RN109623777", "VCP_ID": 2862, "SITE_NAME": "BUFFALO POINTE TRACT D", "PHYS_ADDR": null, "ADDR_DESC": "1600 FT NW OF THE INTERSECTION OF KIRBY DR AND N HOLMES RD", "CITY": "HOUSTON", "COUNTY": "HARRIS", "ZIP_CODE": null, "REGION": "REGION 12 - HOUSTON", "LAT_DD": 29.66774613, "LONG_DD": -95.41789205, "HORZ_METH": "UNKNOWN", "HORZ_ACC": -9999, "HORZ_REF": "OTHER", "HORZ_DATE": "20170109", "HORZ_ORG": "TCEQ", "HORZ_DATUM": "NAD83", "HORZ_DESC": null, "dma_county": "Harris", "tceq_program": "vcp"}}, {"type": "Feature", "id": 1458993, "geometry": {"type": "Point", "coordinates": [-95.111619, 29.729494]}, "properties": {"OBJECTID": 1458993, "REM_PROG": "Voluntary Cleanup Program (VCP)", "RN": "RN100225879", "VCP_ID": 348, "SITE_NAME": "OCCIDENTAL CHEMICAL", "PHYS_ADDR": "1000 TIDAL RD", "ADDR_DESC": null, "CITY": "DEER PARK", "COUNTY": "HARRIS", "ZIP_CODE": "77536", "REGION": "REGION 12 - HOUSTON", "LAT_DD": 29.72948901, "LONG_DD": -95.11161248, "HORZ_METH": "DOQ", "HORZ_ACC": 5, "HORZ_REF": "OTHER", "HORZ_DATE": "19960917", "HORZ_ORG": "TCEQ", "HORZ_DATUM": "NAD83", "HORZ_DESC": null, "dma_county": "Harris", "tceq_program": "vcp"}}, {"type": "Feature", "id": 1458999, "geometry": {"type": "Point", "coordinates": [-95.493368, 29.73813]}, "properties": {"OBJECTID": 1458999, "REM_PROG": "Voluntary Cleanup Program (VCP)", "RN": "RN100572197", "VCP_ID": 2088, "SITE_NAME": "POLO CLEANERS", "PHYS_ADDR": "6210 WESTHEIMER RD", "ADDR_DESC": "NWC OF WESTHEIMER AND BRIARHURST DR", "CITY": "HOUSTON", "COUNTY": "HARRIS", "ZIP_CODE": "77057", "REGION": "REGION 12 - HOUSTON", "LAT_DD": 29.738124589999998, "LONG_DD": -95.49336119, "HORZ_METH": "ADDMAT_NUM", "HORZ_ACC": -9999, "HORZ_REF": "STRUC_CEN", "HORZ_DATE": "20070827", "HORZ_ORG": "TCEQ", "HORZ_DATUM": "NAD83", "HORZ_DESC": null, "dma_county": "Harris", "tceq_program": "vcp"}}, {"type": "Feature", "id": 1459000, "geometry": {"type": "Point", "coordinates": [-95.432705, 29.783045]}, "properties": {"OBJECTID": 1459000, "REM_PROG": "Voluntary Cleanup Program (VCP)", "RN": "RN100590413", "VCP_ID": 1619, "SITE_NAME": "STEEL FABRICATION", "PHYS_ADDR": "6200 KANSAS ST", "ADDR_DESC": "1 MILE NORTH OF IH-10 AT OLD HEMPSTEAD HWY", "CITY": "HOUSTON", "COUNTY": "HARRIS", "ZIP_CODE": "77007", "REGION": "REGION 12 - HOUSTON", "LAT_DD": 29.78304002, "LONG_DD": -95.43269767, "HORZ_METH": "DOQ", "HORZ_ACC": 5, "HORZ_REF": "OTHER", "HORZ_DATE": "20030731", "HORZ_ORG": "TCEQ", "HORZ_DATUM": "NAD83", "HORZ_DESC": null, "dma_county": "Harris", "tceq_program": "vcp"}}, {"type": "Feature", "id": 1459002, "geometry": {"type": "Point", "coordinates": [-95.376432, 29.693406]}, "properties": {"OBJECTID": 1459002, "REM_PROG": "Voluntary Cleanup Program (VCP)", "RN": "RN100536655", "VCP_ID": 187, "SITE_NAME": "WESCO/SOUTH FREEWAY BUILDING P", "PHYS_ADDR": "3310 ALICE ST", "ADDR_DESC": "3310 ALICE STREET", "CITY": "HOUSTON", "COUNTY": "HARRIS", "ZIP_CODE": "77021", "REGION": "REGION 12 - HOUSTON", "LAT_DD": 29.69340102, "LONG_DD": -95.37642486, "HORZ_METH": "ADDMAT_NUM", "HORZ_ACC": -9999, "HORZ_REF": "FAC_CEN", "HORZ_DATE": "19960221", "HORZ_ORG": "TCEQ", "HORZ_DATUM": "NAD83", "HORZ_DESC": null, "dma_county": "Harris", "tceq_program": "vcp"}}, {"type": "Feature", "id": 1459005, "geometry": {"type": "Point", "coordinates": [-95.446943, 29.785178]}, "properties": {"OBJECTID": 1459005, "REM_PROG": "Voluntary Cleanup Program (VCP)", "RN": "RN100572536", "VCP_ID": 2518, "SITE_NAME": "7100 OLD KATY ROAD", "PHYS_ADDR": "7100 OLD KATY RD", "ADDR_DESC": "7100 OLD KATY ROAD", "CITY": "HOUSTON", "COUNTY": "HARRIS", "ZIP_CODE": "77024", "REGION": "REGION 12 - HOUSTON", "LAT_DD": 29.78517242, "LONG_DD": -95.44693631, "HORZ_METH": "DOQ", "HORZ_ACC": 5, "HORZ_REF": "FAC_CEN", "HORZ_DATE": "20120713", "HORZ_ORG": "TCEQ", "HORZ_DATUM": "NAD83", "HORZ_DESC": null, "dma_county": "Harris", "tceq_program": "vcp"}}, {"type": "Feature", "id": 1459009, "geometry": {"type": "Point", "coordinates": [-95.4409, 29.790988]}, "properties": {"OBJECTID": 1459009, "REM_PROG": "Voluntary Cleanup Program (VCP)", "RN": "RN102159662", "VCP_ID": 2719, "SITE_NAME": "AIRE LIQUIDE CONTIGUOUS FACILITIES 3535 & 3543 W 12TH ST", "PHYS_ADDR": "3543 W 12TH ST", "ADDR_DESC": "3535 & 3543 W 12TH ST", "CITY": "HOUSTON", "COUNTY": "HARRIS", "ZIP_CODE": "77008", "REGION": "REGION 12 - HOUSTON", "LAT_DD": 29.79098283, "LONG_DD": -95.44089347, "HORZ_METH": "ADDMAT_NUM", "HORZ_ACC": -9999, "HORZ_REF": "OTHER", "HORZ_DATE": "20141229", "HORZ_ORG": "TCEQ", "HORZ_DATUM": "NAD83", "HORZ_DESC": null, "dma_county": "Harris", "tceq_program": "vcp"}}, {"type": "Feature", "id": 1459012, "geometry": {"type": "Point", "coordinates": [-95.336364, 29.937077]}, "properties": {"OBJECTID": 1459012, "REM_PROG": "Voluntary Cleanup Program (VCP)", "RN": "RN101621167", "VCP_ID": 2262, "SITE_NAME": "HYDRIL GENERAL", "PHYS_ADDR": "3300 N SAM HOUSTON PKWY E", "ADDR_DESC": "3300 N SAM HOUSTON PKWY E HOUSTON TX", "CITY": "HOUSTON", "COUNTY": "HARRIS", "ZIP_CODE": "77032", "REGION": "REGION 12 - HOUSTON", "LAT_DD": 29.93707151, "LONG_DD": -95.33635666, "HORZ_METH": "DOQ", "HORZ_ACC": 5, "HORZ_REF": "STRUC_CEN", "HORZ_DATE": "20090422", "HORZ_ORG": "TCEQ", "HORZ_DATUM": "NAD83", "HORZ_DESC": null, "dma_county": "Harris", "tceq_program": "vcp"}}, {"type": "Feature", "id": 1459014, "geometry": {"type": "Point", "coordinates": [-95.385775, 29.77325]}, "properties": {"OBJECTID": 1459014, "REM_PROG": "Voluntary Cleanup Program (VCP)", "RN": "RN107582728", "VCP_ID": 2678, "SITE_NAME": "SUMMER TRACT", "PHYS_ADDR": "1700-1898 OLIVER ST", "ADDR_DESC": null, "CITY": "HOUSTON", "COUNTY": "HARRIS", "ZIP_CODE": "77007", "REGION": "REGION 12 - HOUSTON", "LAT_DD": 29.77324466, "LONG_DD": -95.38576769, "HORZ_METH": "ADDMAT_NUM", "HORZ_ACC": -9999, "HORZ_REF": "OTHER", "HORZ_DATE": "20140606", "HORZ_ORG": "TCEQ", "HORZ_DATUM": "NAD83", "HORZ_DESC": null, "dma_county": "Harris", "tceq_program": "vcp"}}, {"type": "Feature", "id": 1459016, "geometry": {"type": "Point", "coordinates": [-95.438171, 29.788308]}, "properties": {"OBJECTID": 1459016, "REM_PROG": "Voluntary Cleanup Program (VCP)", "RN": "RN101800563", "VCP_ID": 2249, "SITE_NAME": "JARTRAN & ENGINEERED TRANSPORT", "PHYS_ADDR": "3401 W 11TH ST", "ADDR_DESC": "3401 W 11TH ST", "CITY": "HOUSTON", "COUNTY": "HARRIS", "ZIP_CODE": "77008", "REGION": "REGION 12 - HOUSTON", "LAT_DD": 29.78830302, "LONG_DD": -95.43816403, "HORZ_METH": "ADDMAT_NUM", "HORZ_ACC": -9999, "HORZ_REF": "OTHER", "HORZ_DATE": "20090209", "HORZ_ORG": "TCEQ", "HORZ_DATUM": "NAD83", "HORZ_DESC": null, "dma_county": "Harris", "tceq_program": "vcp"}}, {"type": "Feature", "id": 1459019, "geometry": {"type": "Point", "coordinates": [-95.367227, 29.770285]}, "properties": {"OBJECTID": 1459019, "REM_PROG": "Voluntary Cleanup Program (VCP)", "RN": "RN101053023", "VCP_ID": 641, "SITE_NAME": "2.5 ACRES VACANT LAND/PARCEL 9", "PHYS_ADDR": "900 DART ST", "ADDR_DESC": "NWC ELDER AND DART", "CITY": "HOUSTON", "COUNTY": "HARRIS", "ZIP_CODE": "77007", "REGION": "REGION 12 - HOUSTON", "LAT_DD": 29.77028, "LONG_DD": -95.36721999999999, "HORZ_METH": "ADDMAT_NUM", "HORZ_ACC": -9999, "HORZ_REF": "OTHER", "HORZ_DATE": "19971023", "HORZ_ORG": "TCEQ", "HORZ_DATUM": "NAD83", "HORZ_DESC": null, "dma_county": "Harris", "tceq_program": "vcp"}}, {"type": "Feature", "id": 1459022, "geometry": {"type": "Point", "coordinates": [-95.461196, 29.723889]}, "properties": {"OBJECTID": 1459022, "REM_PROG": "Voluntary Cleanup Program (VCP)", "RN": "RN101759710", "VCP_ID": 1536, "SITE_NAME": "MILLER BREWING DISTRIBUTORSHIP", "PHYS_ADDR": "5410 WEST LOOP S", "ADDR_DESC": null, "CITY": "BELLAIRE", "COUNTY": "HARRIS", "ZIP_CODE": "77401", "REGION": "REGION 12 - HOUSTON", "LAT_DD": 29.72388369, "LONG_DD": -95.46118867, "HORZ_METH": "ADDMAT_NUM", "HORZ_ACC": -9999, "HORZ_REF": "STRUC_CEN", "HORZ_DATE": "20021030", "HORZ_ORG": "TCEQ", "HORZ_DATUM": "NAD83", "HORZ_DESC": null, "dma_county": "Harris", "tceq_program": "vcp"}}, {"type": "Feature", "id": 1459024, "geometry": {"type": "Point", "coordinates": [-95.462432, 29.819168]}, "properties": {"OBJECTID": 1459024, "REM_PROG": "Voluntary Cleanup Program (VCP)", "RN": "RN101055903", "VCP_ID": 350, "SITE_NAME": "ACORN AUTO", "PHYS_ADDR": "4909 W 34TH ST", "ADDR_DESC": "4909 WEST 34TH STREET", "CITY": "HOUSTON", "COUNTY": "HARRIS", "ZIP_CODE": "77092", "REGION": "REGION 12 - HOUSTON", "LAT_DD": 29.81916248, "LONG_DD": -95.46242474, "HORZ_METH": "ADDMAT_NUM", "HORZ_ACC": -9999, "HORZ_REF": "OTHER", "HORZ_DATE": "19960917", "HORZ_ORG": "TCEQ", "HORZ_DATUM": "NAD83", "HORZ_DESC": null, "dma_county": "Harris", "tceq_program": "vcp"}}, {"type": "Feature", "id": 1459026, "geometry": {"type": "Point", "coordinates": [-95.600493, 30.08956]}, "properties": {"OBJECTID": 1459026, "REM_PROG": "Voluntary Cleanup Program (VCP)", "RN": "RN104915178", "VCP_ID": 2320, "SITE_NAME": "906 S PERSIMMON", "PHYS_ADDR": "906 S PERSIMMON ST", "ADDR_DESC": "Tomball Townsite\nAcreage: 5.0\nLot 263", "CITY": "TOMBALL", "COUNTY": "HARRIS", "ZIP_CODE": "77375", "REGION": "REGION 12 - HOUSTON", "LAT_DD": 30.08955471, "LONG_DD": -95.60048621, "HORZ_METH": "ADDMAT_NUM", "HORZ_ACC": -9999, "HORZ_REF": "FAC_CEN", "HORZ_DATE": "20100511", "HORZ_ORG": "TCEQ", "HORZ_DATUM": "NAD83", "HORZ_DESC": null, "dma_county": "Harris", "tceq_program": "vcp"}}, {"type": "Feature", "id": 1459027, "geometry": {"type": "Point", "coordinates": [-95.362759, 29.75748]}, "properties": {"OBJECTID": 1459027, "REM_PROG": "Voluntary Cleanup Program (VCP)", "RN": "RN108792268", "VCP_ID": 2778, "SITE_NAME": "BLOCK 94", "PHYS_ADDR": "801 FANNIN ST", "ADDR_DESC": null, "CITY": "HOUSTON", "COUNTY": "HARRIS", "ZIP_CODE": "77002", "REGION": "REGION 12 - HOUSTON", "LAT_DD": 29.75747439, "LONG_DD": -95.36275151, "HORZ_METH": "ADDMAT_NUM", "HORZ_ACC": -9999, "HORZ_REF": "OTHER", "HORZ_DATE": "20150929", "HORZ_ORG": "TCEQ", "HORZ_DATUM": "NAD83", "HORZ_DESC": null, "dma_county": "Harris", "tceq_program": "vcp"}}, {"type": "Feature", "id": 1459028, "geometry": {"type": "Point", "coordinates": [-95.750204, 29.776437]}, "properties": {"OBJECTID": 1459028, "REM_PROG": "Voluntary Cleanup Program (VCP)", "RN": "RN101054781", "VCP_ID": 443, "SITE_NAME": "DRY CLEAN USA MASON PARK CENTRE", "PHYS_ADDR": "533 S MASON RD", "ADDR_DESC": "533 SOUTH MASON ROAD", "CITY": "KATY", "COUNTY": "HARRIS", "ZIP_CODE": "77450", "REGION": "REGION 12 - HOUSTON", "LAT_DD": 29.77643146, "LONG_DD": -95.75019657, "HORZ_METH": "ADDMAT_NUM", "HORZ_ACC": -9999, "HORZ_REF": "STRUC_CEN", "HORZ_DATE": "19970121", "HORZ_ORG": "TCEQ", "HORZ_DATUM": "NAD83", "HORZ_DESC": null, "dma_county": "Harris", "tceq_program": "vcp"}}, {"type": "Feature", "id": 1459031, "geometry": {"type": "Point", "coordinates": [-95.36024, 29.758342]}, "properties": {"OBJECTID": 1459031, "REM_PROG": "Voluntary Cleanup Program (VCP)", "RN": "RN101475184", "VCP_ID": 277, "SITE_NAME": "BLOCK 71 IN DOWNTOWN HOUSTON", "PHYS_ADDR": "600 CAROLINE ST", "ADDR_DESC": "CAROLINE/SAN JACINTO/TEXAS/CAPITOL", "CITY": "HOUSTON", "COUNTY": "HARRIS", "ZIP_CODE": "77002", "REGION": "REGION 12 - HOUSTON", "LAT_DD": 29.75833652, "LONG_DD": -95.36023333, "HORZ_METH": "ADDMAT_NUM", "HORZ_ACC": -9999, "HORZ_REF": "OTHER", "HORZ_DATE": "19960614", "HORZ_ORG": "TCEQ", "HORZ_DATUM": "NAD83", "HORZ_DESC": null, "dma_county": "Harris", "tceq_program": "vcp"}}, {"type": "Feature", "id": 1459034, "geometry": {"type": "Point", "coordinates": [-95.440434, 29.690129]}, "properties": {"OBJECTID": 1459034, "REM_PROG": "Voluntary Cleanup Program (VCP)", "RN": "RN102221892", "VCP_ID": 1459, "SITE_NAME": "EXXON SERVICE STATION BRAESWOOD", "PHYS_ADDR": "4010 S BRAESWOOD BLVD", "ADDR_DESC": null, "CITY": "HOUSTON", "COUNTY": "HARRIS", "ZIP_CODE": "77025", "REGION": "REGION 12 - HOUSTON", "LAT_DD": 29.69012338, "LONG_DD": -95.44042745, "HORZ_METH": "DOQ", "HORZ_ACC": 5, "HORZ_REF": "FAC_CEN", "HORZ_DATE": "20020425", "HORZ_ORG": "TCEQ", "HORZ_DATUM": "NAD83", "HORZ_DESC": null, "dma_county": "Harris", "tceq_program": "vcp"}}, {"type": "Feature", "id": 1459035, "geometry": {"type": "Point", "coordinates": [-95.310827, 29.752879]}, "properties": {"OBJECTID": 1459035, "REM_PROG": "Voluntary Cleanup Program (VCP)", "RN": "RN100558634", "VCP_ID": 989, "SITE_NAME": "FOSTER PRODUCTS", "PHYS_ADDR": "6107 INDUSTRIAL WAY", "ADDR_DESC": "6107 Industrial Way, Houston, TX", "CITY": "HOUSTON", "COUNTY": "HARRIS", "ZIP_CODE": "77011", "REGION": "REGION 12 - HOUSTON", "LAT_DD": 29.7528737, "LONG_DD": -95.31082008999999, "HORZ_METH": "DOQ", "HORZ_ACC": 5, "HORZ_REF": "STRUC_CEN", "HORZ_DATE": "19990604", "HORZ_ORG": "TCEQ", "HORZ_DATUM": "NAD83", "HORZ_DESC": null, "dma_county": "Harris", "tceq_program": "vcp"}}, {"type": "Feature", "id": 1459037, "geometry": {"type": "Point", "coordinates": [-95.390201, 29.803799]}, "properties": {"OBJECTID": 1459037, "REM_PROG": "Voluntary Cleanup Program (VCP)", "RN": "RN101055218", "VCP_ID": 1259, "SITE_NAME": "FORMER SUNRISE CLEANERS", "PHYS_ADDR": "700 E 20TH ST", "ADDR_DESC": "700 BLOCK OF EAST 20TH STREET", "CITY": "HOUSTON", "COUNTY": "HARRIS", "ZIP_CODE": "77008", "REGION": "REGION 12 - HOUSTON", "LAT_DD": 29.803793980000002, "LONG_DD": -95.39019355, "HORZ_METH": "ADDMAT_NUM", "HORZ_ACC": -9999, "HORZ_REF": "STRUC_CEN", "HORZ_DATE": "20000905", "HORZ_ORG": "TCEQ", "HORZ_DATUM": "NAD83", "HORZ_DESC": null, "dma_county": "Harris", "tceq_program": "vcp"}}, {"type": "Feature", "id": 1459038, "geometry": {"type": "Point", "coordinates": [-95.333383, 29.75591]}, "properties": {"OBJECTID": 1459038, "REM_PROG": "Voluntary Cleanup Program (VCP)", "RN": "RN101052561", "VCP_ID": 1045, "SITE_NAME": "LAFARGE - YORK STREET", "PHYS_ADDR": "501 N YORK ST", "ADDR_DESC": "501 NORTH YORK STREET", "CITY": "HOUSTON", "COUNTY": "HARRIS", "ZIP_CODE": "77003", "REGION": "REGION 12 - HOUSTON", "LAT_DD": 29.75590471, "LONG_DD": -95.33337602, "HORZ_METH": "ADDMAT_NUM", "HORZ_ACC": -9999, "HORZ_REF": "OTHER", "HORZ_DATE": "19990908", "HORZ_ORG": "TCEQ", "HORZ_DATUM": "NAD83", "HORZ_DESC": null, "dma_county": "Harris", "tceq_program": "vcp"}}, {"type": "Feature", "id": 1459040, "geometry": {"type": "Point", "coordinates": [-95.455913, 29.786806]}, "properties": {"OBJECTID": 1459040, "REM_PROG": "Voluntary Cleanup Program (VCP)", "RN": "RN102644564", "VCP_ID": 2804, "SITE_NAME": "POST OAK MEMORIAL OFFICE PARK", "PHYS_ADDR": "1110 N POST OAK RD", "ADDR_DESC": "1110 NORTH POST OAK ROAD", "CITY": "HOUSTON", "COUNTY": "HARRIS", "ZIP_CODE": "77055", "REGION": "REGION 12 - HOUSTON", "LAT_DD": 29.78680062, "LONG_DD": -95.45590596, "HORZ_METH": "DOQ", "HORZ_ACC": 5, "HORZ_REF": "FAC_CEN", "HORZ_DATE": "20160301", "HORZ_ORG": "TCEQ", "HORZ_DATUM": "NAD83", "HORZ_DESC": null, "dma_county": "Harris", "tceq_program": "vcp"}}, {"type": "Feature", "id": 1459041, "geometry": {"type": "Point", "coordinates": [-95.376375, 29.747975]}, "properties": {"OBJECTID": 1459041, "REM_PROG": "Voluntary Cleanup Program (VCP)", "RN": "RN101628972", "VCP_ID": 682, "SITE_NAME": "SHEPHERD LAUNDRY FACILITY", "PHYS_ADDR": "2460 LOUISIANA ST", "ADDR_DESC": "2460 LOUISIANA STREET", "CITY": "HOUSTON", "COUNTY": "HARRIS", "ZIP_CODE": "77006", "REGION": "REGION 12 - HOUSTON", "LAT_DD": 29.74796939, "LONG_DD": -95.3763677, "HORZ_METH": "DOQ", "HORZ_ACC": 5, "HORZ_REF": "FAC_CEN", "HORZ_DATE": "19980123", "HORZ_ORG": "TCEQ", "HORZ_DATUM": "NAD83", "HORZ_DESC": null, "dma_county": "Harris", "tceq_program": "vcp"}}, {"type": "Feature", "id": 1459049, "geometry": {"type": "Point", "coordinates": [-94.893097, 29.370474]}, "properties": {"OBJECTID": 1459049, "REM_PROG": "Voluntary Cleanup Program (VCP)", "RN": "RN101461598", "VCP_ID": 1428, "SITE_NAME": "PETROLEUM TERMINAL  PORT", "PHYS_ADDR": "2425 HIGHWAY 146 N", "ADDR_DESC": null, "CITY": "TEXAS CITY", "COUNTY": "GALVESTON", "ZIP_CODE": "77590", "REGION": "REGION 12 - HOUSTON", "LAT_DD": 29.37046867, "LONG_DD": -94.89309055, "HORZ_METH": "DOQ", "HORZ_ACC": 5, "HORZ_REF": "FAC_CEN", "HORZ_DATE": "20011227", "HORZ_ORG": "TCEQ", "HORZ_DATUM": "NAD83", "HORZ_DESC": null, "dma_county": "Galveston", "tceq_program": "vcp"}}, {"type": "Feature", "id": 1459050, "geometry": {"type": "Point", "coordinates": [-95.418205, 29.71445]}, "properties": {"OBJECTID": 1459050, "REM_PROG": "Voluntary Cleanup Program (VCP)", "RN": "RN106517030", "VCP_ID": 2527, "SITE_NAME": "2500 SHAKESPEARE", "PHYS_ADDR": "2500 SHAKESPEARE", "ADDR_DESC": "NE CNR OF KIRBY & SHAKESPEARE", "CITY": "HOUSTON", "COUNTY": "HARRIS", "ZIP_CODE": "77005", "REGION": "REGION 12 - HOUSTON", "LAT_DD": 29.71444477, "LONG_DD": -95.41819777, "HORZ_METH": "ADDMAT_NUM", "HORZ_ACC": -9999, "HORZ_REF": "OTHER", "HORZ_DATE": "20120808", "HORZ_ORG": "TCEQ", "HORZ_DATUM": "NAD83", "HORZ_DESC": null, "dma_county": "Harris", "tceq_program": "vcp"}}, {"type": "Feature", "id": 1459052, "geometry": {"type": "Point", "coordinates": [-95.144602, 29.767486]}, "properties": {"OBJECTID": 1459052, "REM_PROG": "Voluntary Cleanup Program (VCP)", "RN": "RN100894773", "VCP_ID": 1583, "SITE_NAME": "TRUCKING FACILITY", "PHYS_ADDR": "2700 APPELT DR", "ADDR_DESC": "APPROXIMATELY 12 ACRE SITE LOCATED ON APPELT DRIVE ADJACENT TO THE SOUTHWEST", "CITY": "HOUSTON", "COUNTY": "HARRIS", "ZIP_CODE": "77015", "REGION": "REGION 12 - HOUSTON", "LAT_DD": 29.767481, "LONG_DD": -95.144595, "HORZ_METH": "ADDMAT_NUM", "HORZ_ACC": -9999, "HORZ_REF": "OTHER", "HORZ_DATE": "20030414", "HORZ_ORG": "TCEQ", "HORZ_DATUM": "NAD83", "HORZ_DESC": null, "dma_county": "Harris", "tceq_program": "vcp"}}, {"type": "Feature", "id": 1459053, "geometry": {"type": "Point", "coordinates": [-95.351405, 29.746043]}, "properties": {"OBJECTID": 1459053, "REM_PROG": "Voluntary Cleanup Program (VCP)", "RN": "RN102220878", "VCP_ID": 1789, "SITE_NAME": "JONES LUMBER", "PHYS_ADDR": "2715 POLK ST", "ADDR_DESC": null, "CITY": "HOUSTON", "COUNTY": "HARRIS", "ZIP_CODE": "77003", "REGION": "REGION 12 - HOUSTON", "LAT_DD": 29.74603827, "LONG_DD": -95.35139821, "HORZ_METH": "ADDMAT_NUM", "HORZ_ACC": -9999, "HORZ_REF": "FAC_CEN", "HORZ_DATE": "20050202", "HORZ_ORG": "TCEQ", "HORZ_DATUM": "NAD83", "HORZ_DESC": null, "dma_county": "Harris", "tceq_program": "vcp"}}, {"type": "Feature", "id": 1459061, "geometry": {"type": "Point", "coordinates": [-95.343629, 29.794558]}, "properties": {"OBJECTID": 1459061, "REM_PROG": "Voluntary Cleanup Program (VCP)", "RN": "RN102984374", "VCP_ID": 1591, "SITE_NAME": "CONTRACTOR TECHNOLOGY", "PHYS_ADDR": "3506 CHERRY ST", "ADDR_DESC": null, "CITY": "HOUSTON", "COUNTY": "HARRIS", "ZIP_CODE": "77026", "REGION": "REGION 12 - HOUSTON", "LAT_DD": 29.7945524, "LONG_DD": -95.34362249, "HORZ_METH": "ADDMAT_NUM", "HORZ_ACC": -9999, "HORZ_REF": "STRUC_CEN", "HORZ_DATE": "20030513", "HORZ_ORG": "TCEQ", "HORZ_DATUM": "NAD83", "HORZ_DESC": null, "dma_county": "Harris", "tceq_program": "vcp"}}, {"type": "Feature", "id": 1459062, "geometry": {"type": "Point", "coordinates": [-95.435388, 29.66253]}, "properties": {"OBJECTID": 1459062, "REM_PROG": "Voluntary Cleanup Program (VCP)", "RN": "RN104125679", "VCP_ID": 1623, "SITE_NAME": "INDUSTRIAL BUSINESS PARK", "PHYS_ADDR": "3605 WILLOWBEND BLVD", "ADDR_DESC": "SEC CORNER INTERSECTION OF WILLOWBEND BLVD AND OLD MAIN ST", "CITY": "HOUSTON", "COUNTY": "HARRIS", "ZIP_CODE": "77054", "REGION": "REGION 12 - HOUSTON", "LAT_DD": 29.66252443, "LONG_DD": -95.43538146, "HORZ_METH": "ADDMAT_NUM", "HORZ_ACC": -9999, "HORZ_REF": "STRUC_CEN", "HORZ_DATE": "20030807", "HORZ_ORG": "TCEQ", "HORZ_DATUM": "NAD83", "HORZ_DESC": null, "dma_county": "Harris", "tceq_program": "vcp"}}, {"type": "Feature", "id": 1459067, "geometry": {"type": "Point", "coordinates": [-95.331529, 29.723272]}, "properties": {"OBJECTID": 1459067, "REM_PROG": "Voluntary Cleanup Program (VCP)", "RN": "RN101056349", "VCP_ID": 327, "SITE_NAME": "ALAMO FOREST PRODUCTS", "PHYS_ADDR": "4802 GULF FWY", "ADDR_DESC": "4802 GULF FREEWAY", "CITY": "HOUSTON", "COUNTY": "HARRIS", "ZIP_CODE": "77023", "REGION": "REGION 12 - HOUSTON", "LAT_DD": 29.72326725, "LONG_DD": -95.33152224, "HORZ_METH": "ADDMAT_NUM", "HORZ_ACC": -9999, "HORZ_REF": "STRUC_CEN", "HORZ_DATE": "19960820", "HORZ_ORG": "TCEQ", "HORZ_DATUM": "NAD83", "HORZ_DESC": null, "dma_county": "Harris", "tceq_program": "vcp"}}, {"type": "Feature", "id": 1459068, "geometry": {"type": "Point", "coordinates": [-95.315617, 29.885747]}, "properties": {"OBJECTID": 1459068, "REM_PROG": "Voluntary Cleanup Program (VCP)", "RN": "RN100604719", "VCP_ID": 1628, "SITE_NAME": "ASPEN MANUFACTURING", "PHYS_ADDR": "5101 HARTWICK RD", "ADDR_DESC": "5101 HARTWICK RD HOUSTON TX", "CITY": "HOUSTON", "COUNTY": "HARRIS", "ZIP_CODE": "77093", "REGION": "REGION 12 - HOUSTON", "LAT_DD": 29.88574185, "LONG_DD": -95.31561026, "HORZ_METH": "ADDMAT_NUM", "HORZ_ACC": -9999, "HORZ_REF": "OTHER", "HORZ_DATE": "20030827", "HORZ_ORG": "TCEQ", "HORZ_DATUM": "NAD83", "HORZ_DESC": null, "dma_county": "Harris", "tceq_program": "vcp"}}, {"type": "Feature", "id": 1459074, "geometry": {"type": "Point", "coordinates": [-95.474748, 30.358351]}, "properties": {"OBJECTID": 1459074, "REM_PROG": "Voluntary Cleanup Program (VCP)", "RN": "RN104536321", "VCP_ID": 2801, "SITE_NAME": "RUTCO CONROE SITE", "PHYS_ADDR": "3705 N FRAZIER ST", "ADDR_DESC": "3705 N Frazier St, Conroe, TX", "CITY": "CONROE", "COUNTY": "MONTGOMERY", "ZIP_CODE": "77303", "REGION": "REGION 12 - HOUSTON", "LAT_DD": 30.35834531, "LONG_DD": -95.47474114, "HORZ_METH": "ADDMAT_NUM", "HORZ_ACC": -9999, "HORZ_REF": "FAC_CEN", "HORZ_DATE": "20160208", "HORZ_ORG": "TCEQ", "HORZ_DATUM": "NAD83", "HORZ_DESC": null, "dma_county": "Montgomery", "tceq_program": "vcp"}}, {"type": "Feature", "id": 1459077, "geometry": {"type": "Point", "coordinates": [-95.389544, 29.94165]}, "properties": {"OBJECTID": 1459077, "REM_PROG": "Voluntary Cleanup Program (VCP)", "RN": "RN100585363", "VCP_ID": 992, "SITE_NAME": "ACCUFLEET INTERNATIONAL", "PHYS_ADDR": "16511 HEDGECROFT DR", "ADDR_DESC": "16511 HEDGECROFT DRIVE, SUITES 210 - 230", "CITY": "HOUSTON", "COUNTY": "HARRIS", "ZIP_CODE": "77060", "REGION": "REGION 12 - HOUSTON", "LAT_DD": 29.94164435, "LONG_DD": -95.38953676, "HORZ_METH": "ADDMAT_NUM", "HORZ_ACC": -9999, "HORZ_REF": "STRUC_CEN", "HORZ_DATE": "19990618", "HORZ_ORG": "TCEQ", "HORZ_DATUM": "NAD83", "HORZ_DESC": null, "dma_county": "Harris", "tceq_program": "vcp"}}, {"type": "Feature", "id": 1459080, "geometry": {"type": "Point", "coordinates": [-95.440214, 29.78529]}, "properties": {"OBJECTID": 1459080, "REM_PROG": "Voluntary Cleanup Program (VCP)", "RN": "RN102294162", "VCP_ID": 1765, "SITE_NAME": "GENERAL WELDING WORKS", "PHYS_ADDR": "6800 OLD KATY RD", "ADDR_DESC": "EAST OF WALNE ST ON OLD KATY", "CITY": "HOUSTON", "COUNTY": "HARRIS", "ZIP_CODE": "77024", "REGION": "REGION 12 - HOUSTON", "LAT_DD": 29.78528497, "LONG_DD": -95.44020741, "HORZ_METH": "DOQ", "HORZ_ACC": 5, "HORZ_REF": "FAC_CEN", "HORZ_DATE": "20041210", "HORZ_ORG": "TCEQ", "HORZ_DATUM": "NAD83", "HORZ_DESC": null, "dma_county": "Harris", "tceq_program": "vcp"}}, {"type": "Feature", "id": 1459084, "geometry": {"type": "Point", "coordinates": [-95.054616, 29.610142]}, "properties": {"OBJECTID": 1459084, "REM_PROG": "Voluntary Cleanup Program (VCP)", "RN": "RN100553189", "VCP_ID": 1340, "SITE_NAME": "CHEMICALS MANUFACTURING", "PHYS_ADDR": "10201 BAY AREA BLVD", "ADDR_DESC": "10201 Bay Area Blvd, Pasadena, TX", "CITY": "PASADENA", "COUNTY": "HARRIS", "ZIP_CODE": "77507", "REGION": "REGION 12 - HOUSTON", "LAT_DD": 29.61013662, "LONG_DD": -95.05460859, "HORZ_METH": "ADDMAT_NUM", "HORZ_ACC": -9999, "HORZ_REF": "STRUC_CEN", "HORZ_DATE": "20010413", "HORZ_ORG": "TCEQ", "HORZ_DATUM": "NAD83", "HORZ_DESC": null, "dma_county": "Harris", "tceq_program": "vcp"}}, {"type": "Feature", "id": 1459086, "geometry": {"type": "Point", "coordinates": [-95.334743, 29.77182]}, "properties": {"OBJECTID": 1459086, "REM_PROG": "Voluntary Cleanup Program (VCP)", "RN": "RN107741878", "VCP_ID": 2692, "SITE_NAME": "1.159 ACRES OF VACANT PROPERTY", "PHYS_ADDR": null, "ADDR_DESC": "3400 3402 3404 3406 3426 & 3504 VERNON ST AND 3401-3519 GREEN ST", "CITY": "HOUSTON", "COUNTY": "HARRIS", "ZIP_CODE": null, "REGION": "REGION 12 - HOUSTON", "LAT_DD": 29.77181482, "LONG_DD": -95.33473561, "HORZ_METH": "DOQ", "HORZ_ACC": 5, "HORZ_REF": "FAC_CEN", "HORZ_DATE": "20140910", "HORZ_ORG": "TCEQ", "HORZ_DATUM": "NAD83", "HORZ_DESC": null, "dma_county": "Harris", "tceq_program": "vcp"}}, {"type": "Feature", "id": 1459089, "geometry": {"type": "Point", "coordinates": [-95.353832, 29.754153]}, "properties": {"OBJECTID": 1459089, "REM_PROG": "Voluntary Cleanup Program (VCP)", "RN": "RN102743754", "VCP_ID": 1178, "SITE_NAME": "BLOCKS 183, 196, 197 (DOWNTOWN", "PHYS_ADDR": "2100 CAPITOL ST", "ADDR_DESC": "CAPITOL AVENUE @ ST. EMANUEL STREET", "CITY": "HOUSTON", "COUNTY": "HARRIS", "ZIP_CODE": "77003", "REGION": "REGION 12 - HOUSTON", "LAT_DD": 29.75414753, "LONG_DD": -95.35382503, "HORZ_METH": "ADDMAT_NUM", "HORZ_ACC": -9999, "HORZ_REF": "OTHER", "HORZ_DATE": "20000421", "HORZ_ORG": "TCEQ", "HORZ_DATUM": "NAD83", "HORZ_DESC": null, "dma_county": "Harris", "tceq_program": "vcp"}}, {"type": "Feature", "id": 1459090, "geometry": {"type": "Point", "coordinates": [-95.368231, 29.755261]}, "properties": {"OBJECTID": 1459090, "REM_PROG": "Voluntary Cleanup Program (VCP)", "RN": "RN101054203", "VCP_ID": 1148, "SITE_NAME": "PARKING FACILITY POLK MILAM", "PHYS_ADDR": null, "ADDR_DESC": "INTERSECTION POLK MILAM AND TRAVIS PARKING LOT", "CITY": "HOUSTON", "COUNTY": "HARRIS", "ZIP_CODE": null, "REGION": "REGION 12 - HOUSTON", "LAT_DD": 29.75525572, "LONG_DD": -95.36822447, "HORZ_METH": "ADDMAT_NUM", "HORZ_ACC": -9999, "HORZ_REF": "FAC_CEN", "HORZ_DATE": "20000222", "HORZ_ORG": "TCEQ", "HORZ_DATUM": "NAD83", "HORZ_DESC": null, "dma_county": "Harris", "tceq_program": "vcp"}}, {"type": "Feature", "id": 1459091, "geometry": {"type": "Point", "coordinates": [-95.275826, 29.977945]}, "properties": {"OBJECTID": 1459091, "REM_PROG": "Voluntary Cleanup Program (VCP)", "RN": "RN100582493", "VCP_ID": 2261, "SITE_NAME": "GE HYDRIL MANUFACTURING HUMBLE PLANT", "PHYS_ADDR": "18000 EASTEX FWY", "ADDR_DESC": "18000 EASTEX FWY HUMBLE TX", "CITY": "HUMBLE", "COUNTY": "HARRIS", "ZIP_CODE": "77396", "REGION": "REGION 12 - HOUSTON", "LAT_DD": 29.97793965, "LONG_DD": -95.27581886, "HORZ_METH": "DOQ", "HORZ_ACC": 5, "HORZ_REF": "FAC_CEN", "HORZ_DATE": "20090422", "HORZ_ORG": "TCEQ", "HORZ_DATUM": "NAD83", "HORZ_DESC": null, "dma_county": "Harris", "tceq_program": "vcp"}}, {"type": "Feature", "id": 1459094, "geometry": {"type": "Point", "coordinates": [-95.374953, 29.70795]}, "properties": {"OBJECTID": 1459094, "REM_PROG": "Voluntary Cleanup Program (VCP)", "RN": "RN100665082", "VCP_ID": 815, "SITE_NAME": "RIVERSIDE KITCHEN AND BATH COM", "PHYS_ADDR": null, "ADDR_DESC": "CORNER LOT AT 6006 ARDMORE", "CITY": "HOUSTON", "COUNTY": "HARRIS", "ZIP_CODE": null, "REGION": "REGION 12 - HOUSTON", "LAT_DD": 29.70794464, "LONG_DD": -95.37494584, "HORZ_METH": "UNKNOWN", "HORZ_ACC": -9999, "HORZ_REF": "OTHER", "HORZ_DATE": "19980728", "HORZ_ORG": "TCEQ", "HORZ_DATUM": "NAD83", "HORZ_DESC": null, "dma_county": "Harris", "tceq_program": "vcp"}}, {"type": "Feature", "id": 1459096, "geometry": {"type": "Point", "coordinates": [-95.299674, 29.717652]}, "properties": {"OBJECTID": 1459096, "REM_PROG": "Voluntary Cleanup Program (VCP)", "RN": "RN102150083", "VCP_ID": 2733, "SITE_NAME": "L K INDUSTRIES", "PHYS_ADDR": "6952 LAWNDALE ST", "ADDR_DESC": null, "CITY": "HOUSTON", "COUNTY": "HARRIS", "ZIP_CODE": "77023", "REGION": "REGION 12 - HOUSTON", "LAT_DD": 29.71764729, "LONG_DD": -95.29966697, "HORZ_METH": "DOQ", "HORZ_ACC": 5, "HORZ_REF": "FAC_CEN", "HORZ_DATE": "20150323", "HORZ_ORG": "TCEQ", "HORZ_DATUM": "NAD83", "HORZ_DESC": null, "dma_county": "Harris", "tceq_program": "vcp"}}, {"type": "Feature", "id": 1459097, "geometry": {"type": "Point", "coordinates": [-95.443506, 29.792155]}, "properties": {"OBJECTID": 1459097, "REM_PROG": "Voluntary Cleanup Program (VCP)", "RN": "RN107948127", "VCP_ID": 2720, "SITE_NAME": "AIRE LIQUIDE CONTIGUOUS FACILITIES 3560 & 3570 W 12TH ST", "PHYS_ADDR": null, "ADDR_DESC": "3560 & 3570 W 12TH ST", "CITY": "HOUSTON", "COUNTY": "HARRIS", "ZIP_CODE": null, "REGION": "REGION 12 - HOUSTON", "LAT_DD": 29.79214993, "LONG_DD": -95.44349941, "HORZ_METH": "DOQ", "HORZ_ACC": 5, "HORZ_REF": "FAC_CEN", "HORZ_DATE": "20141229", "HORZ_ORG": "TCEQ", "HORZ_DATUM": "NAD83", "HORZ_DESC": null, "dma_county": "Harris", "tceq_program": "vcp"}}, {"type": "Feature", "id": 1459099, "geometry": {"type": "Point", "coordinates": [-95.3771, 29.925559]}, "properties": {"OBJECTID": 1459099, "REM_PROG": "Voluntary Cleanup Program (VCP)", "RN": "RN100581305", "VCP_ID": 2727, "SITE_NAME": "MOGAS EAST HARDY ROAD SITE", "PHYS_ADDR": "14330 E HARDY RD", "ADDR_DESC": null, "CITY": "HOUSTON", "COUNTY": "HARRIS", "ZIP_CODE": "77039", "REGION": "REGION 12 - HOUSTON", "LAT_DD": 29.92555369, "LONG_DD": -95.37709347, "HORZ_METH": "DOQ", "HORZ_ACC": 5, "HORZ_REF": "STRUC_CEN", "HORZ_DATE": "20150210", "HORZ_ORG": "TCEQ", "HORZ_DATUM": "NAD83", "HORZ_DESC": null, "dma_county": "Harris", "tceq_program": "vcp"}}, {"type": "Feature", "id": 1459101, "geometry": {"type": "Point", "coordinates": [-95.535864, 29.686698]}, "properties": {"OBJECTID": 1459101, "REM_PROG": "Voluntary Cleanup Program (VCP)", "RN": "RN100701481", "VCP_ID": 2532, "SITE_NAME": "FEDERAL EXPRESS-JGQ", "PHYS_ADDR": "8600 COMMERCE PARK DR", "ADDR_DESC": null, "CITY": "HOUSTON", "COUNTY": "HARRIS", "ZIP_CODE": "77036", "REGION": "REGION 12 - HOUSTON", "LAT_DD": 29.68669239, "LONG_DD": -95.53585744, "HORZ_METH": "ADDMAT_NUM", "HORZ_ACC": -9999, "HORZ_REF": "STRUC_CEN", "HORZ_DATE": "20120830", "HORZ_ORG": "TCEQ", "HORZ_DATUM": "NAD83", "HORZ_DESC": null, "dma_county": "Harris", "tceq_program": "vcp"}}, {"type": "Feature", "id": 1459104, "geometry": {"type": "Point", "coordinates": [-95.309836, 29.738476]}, "properties": {"OBJECTID": 1459104, "REM_PROG": "Voluntary Cleanup Program (VCP)", "RN": "RN104877170", "VCP_ID": 2354, "SITE_NAME": "WEB DEVICES", "PHYS_ADDR": "6601 HARRISBURG BLVD", "ADDR_DESC": null, "CITY": "HOUSTON", "COUNTY": "HARRIS", "ZIP_CODE": "77011", "REGION": "REGION 12 - HOUSTON", "LAT_DD": 29.73847067, "LONG_DD": -95.30982937, "HORZ_METH": "DOQ", "HORZ_ACC": 5, "HORZ_REF": "FAC_CEN", "HORZ_DATE": "20100923", "HORZ_ORG": "TCEQ", "HORZ_DATUM": "NAD83", "HORZ_DESC": null, "dma_county": "Harris", "tceq_program": "vcp"}}, {"type": "Feature", "id": 1459106, "geometry": {"type": "Point", "coordinates": [-95.289552, 29.574944]}, "properties": {"OBJECTID": 1459106, "REM_PROG": "Voluntary Cleanup Program (VCP)", "RN": "RN109088260", "VCP_ID": 2800, "SITE_NAME": "FORMER EMCHEM FACILITY", "PHYS_ADDR": null, "ADDR_DESC": "4308 AND 4401 RICE DRIER RD", "CITY": "PEARLAND", "COUNTY": "BRAZORIA", "ZIP_CODE": null, "REGION": "REGION 12 - HOUSTON", "LAT_DD": 29.57493888, "LONG_DD": -95.28954513, "HORZ_METH": "ADDMAT_NUM", "HORZ_ACC": -9999, "HORZ_REF": "FAC_CEN", "HORZ_DATE": "20160205", "HORZ_ORG": "TCEQ", "HORZ_DATUM": "NAD83", "HORZ_DESC": null, "dma_county": "Brazoria", "tceq_program": "vcp"}}, {"type": "Feature", "id": 1459114, "geometry": {"type": "Point", "coordinates": [-95.440699, 29.737497]}, "properties": {"OBJECTID": 1459114, "REM_PROG": "Voluntary Cleanup Program (VCP)", "RN": "RN100711563", "VCP_ID": 2777, "SITE_NAME": "AMERICAN TEL AND TEL LON", "PHYS_ADDR": "3303 WESLAYAN ST", "ADDR_DESC": "SOUTHEAST CORNER OF THE INTERSECTION OF WESLAYAN STREET ADN WEST ALABAMA STREET", "CITY": "HOUSTON", "COUNTY": "HARRIS", "ZIP_CODE": "77027", "REGION": "REGION 12 - HOUSTON", "LAT_DD": 29.73749174, "LONG_DD": -95.44069199, "HORZ_METH": "DOQ", "HORZ_ACC": 5, "HORZ_REF": "FAC_CEN", "HORZ_DATE": "20150929", "HORZ_ORG": "TCEQ", "HORZ_DATUM": "NAD83", "HORZ_DESC": null, "dma_county": "Harris", "tceq_program": "vcp"}}, {"type": "Feature", "id": 1459117, "geometry": {"type": "Point", "coordinates": [-95.048008, 29.6461]}, "properties": {"OBJECTID": 1459117, "REM_PROG": "Voluntary Cleanup Program (VCP)", "RN": "RN102608932", "VCP_ID": 2278, "SITE_NAME": "THE GOODYEAR TIRE & RUBBER", "PHYS_ADDR": "13441 BAY AREA BLVD", "ADDR_DESC": "13441 Bay Area Blvd, Pasadena, TX", "CITY": "PASADENA", "COUNTY": "HARRIS", "ZIP_CODE": "77507", "REGION": "REGION 12 - HOUSTON", "LAT_DD": 29.64609435, "LONG_DD": -95.04800079, "HORZ_METH": "DOQ", "HORZ_ACC": 5, "HORZ_REF": "OTHER", "HORZ_DATE": "20090803", "HORZ_ORG": "TCEQ", "HORZ_DATUM": "NAD83", "HORZ_DESC": null, "dma_county": "Harris", "tceq_program": "vcp"}}, {"type": "Feature", "id": 1459121, "geometry": {"type": "Point", "coordinates": [-95.279907, 29.77932]}, "properties": {"OBJECTID": 1459121, "REM_PROG": "Voluntary Cleanup Program (VCP)", "RN": "RN101054401", "VCP_ID": 1052, "SITE_NAME": "COFFIELD PIPE YARD", "PHYS_ADDR": "8333 EAST FWY", "ADDR_DESC": "8333 EAST FREEWAY", "CITY": "HOUSTON", "COUNTY": "HARRIS", "ZIP_CODE": "77029", "REGION": "REGION 12 - HOUSTON", "LAT_DD": 29.77931525, "LONG_DD": -95.2799003, "HORZ_METH": "DOQ", "HORZ_ACC": 5, "HORZ_REF": "FAC_CEN", "HORZ_DATE": "19990916", "HORZ_ORG": "TCEQ", "HORZ_DATUM": "NAD83", "HORZ_DESC": null, "dma_county": "Harris", "tceq_program": "vcp"}}, {"type": "Feature", "id": 1459124, "geometry": {"type": "Point", "coordinates": [-95.474085, 29.809607]}, "properties": {"OBJECTID": 1459124, "REM_PROG": "Voluntary Cleanup Program (VCP)", "RN": "RN101123495", "VCP_ID": 2828, "SITE_NAME": "TODD ROAD SITE", "PHYS_ADDR": "11101 TODD ST", "ADDR_DESC": "11101 TODD ROAD AKA AIR LIQUIDE AMERICA CORPORATION", "CITY": "HOUSTON", "COUNTY": "HARRIS", "ZIP_CODE": "77055", "REGION": "REGION 12 - HOUSTON", "LAT_DD": 29.80960211, "LONG_DD": -95.47407756, "HORZ_METH": "ADDMAT_NUM", "HORZ_ACC": -9999, "HORZ_REF": "OTHER", "HORZ_DATE": "20160629", "HORZ_ORG": "TCEQ", "HORZ_DATUM": "NAD83", "HORZ_DESC": null, "dma_county": "Harris", "tceq_program": "vcp"}}, {"type": "Feature", "id": 1459128, "geometry": {"type": "Point", "coordinates": [-95.415869, 29.732332]}, "properties": {"OBJECTID": 1459128, "REM_PROG": "Voluntary Cleanup Program (VCP)", "RN": "RN100546852", "VCP_ID": 133, "SITE_NAME": "TRE MANAGEMENT", "PHYS_ADDR": "2404 SOUTHWEST FWY", "ADDR_DESC": "2404 SOUTHWEST FREEWAY", "CITY": "HOUSTON", "COUNTY": "HARRIS", "ZIP_CODE": "77098", "REGION": "REGION 12 - HOUSTON", "LAT_DD": 29.73232697, "LONG_DD": -95.41586188, "HORZ_METH": "ADDMAT_NUM", "HORZ_ACC": -9999, "HORZ_REF": "STRUC_CEN", "HORZ_DATE": "19951122", "HORZ_ORG": "TCEQ", "HORZ_DATUM": "NAD83", "HORZ_DESC": null, "dma_county": "Harris", "tceq_program": "vcp"}}, {"type": "Feature", "id": 1459134, "geometry": {"type": "Point", "coordinates": [-95.365965, 29.702278]}, "properties": {"OBJECTID": 1459134, "REM_PROG": "Voluntary Cleanup Program (VCP)", "RN": "RN100613843", "VCP_ID": 1351, "SITE_NAME": "CHUCK DAVIS CHEVROLET", "PHYS_ADDR": "3555 OLD SPANISH TRL", "ADDR_DESC": "3555 OLD SPANISH TRAIL HOUSTON TX", "CITY": "HOUSTON", "COUNTY": "HARRIS", "ZIP_CODE": "77021", "REGION": "REGION 12 - HOUSTON", "LAT_DD": 29.70227258, "LONG_DD": -95.36595766, "HORZ_METH": "UNKNOWN", "HORZ_ACC": -9999, "HORZ_REF": "OTHER", "HORZ_DATE": "20010509", "HORZ_ORG": "TCEQ", "HORZ_DATUM": "NAD83", "HORZ_DESC": null, "dma_county": "Harris", "tceq_program": "vcp"}}, {"type": "Feature", "id": 1459135, "geometry": {"type": "Point", "coordinates": [-95.468911, 29.78325]}, "properties": {"OBJECTID": 1459135, "REM_PROG": "Voluntary Cleanup Program (VCP)", "RN": "RN100654854", "VCP_ID": 919, "SITE_NAME": "CROWN SERVICES FACILITY", "PHYS_ADDR": "7715 KATY FWY", "ADDR_DESC": "7715 KATY FREEWAY", "CITY": "HOUSTON", "COUNTY": "HARRIS", "ZIP_CODE": "77024", "REGION": "REGION 12 - HOUSTON", "LAT_DD": 29.78324432, "LONG_DD": -95.46890383, "HORZ_METH": "DOQ", "HORZ_ACC": 5, "HORZ_REF": "STRUC_CEN", "HORZ_DATE": "19990127", "HORZ_ORG": "TCEQ", "HORZ_DATUM": "NAD83", "HORZ_DESC": null, "dma_county": "Harris", "tceq_program": "vcp"}}, {"type": "Feature", "id": 1459136, "geometry": {"type": "Point", "coordinates": [-95.343626, 29.698425]}, "properties": {"OBJECTID": 1459136, "REM_PROG": "Voluntary Cleanup Program (VCP)", "RN": "RN108370644", "VCP_ID": 2751, "SITE_NAME": "CES GRIGGS ROAD SITE", "PHYS_ADDR": null, "ADDR_DESC": "4900 4904 GRIGGS RD AND 5910 WAYLAND ST", "CITY": "HOUSTON", "COUNTY": "HARRIS", "ZIP_CODE": null, "REGION": "REGION 12 - HOUSTON", "LAT_DD": 29.69841965, "LONG_DD": -95.3436194, "HORZ_METH": "DOQ", "HORZ_ACC": 5, "HORZ_REF": "FAC_CEN", "HORZ_DATE": "20150514", "HORZ_ORG": "TCEQ", "HORZ_DATUM": "NAD83", "HORZ_DESC": null, "dma_county": "Harris", "tceq_program": "vcp"}}, {"type": "Feature", "id": 1459137, "geometry": {"type": "Point", "coordinates": [-95.427186, 29.785214]}, "properties": {"OBJECTID": 1459137, "REM_PROG": "Voluntary Cleanup Program (VCP)", "RN": "RN100567668", "VCP_ID": 2665, "SITE_NAME": "NORTHWEST PIPE", "PHYS_ADDR": "6307 TOLEDO ST", "ADDR_DESC": "6307 Toledo Street, Houston, TX", "CITY": "HOUSTON", "COUNTY": "HARRIS", "ZIP_CODE": "77008", "REGION": "REGION 12 - HOUSTON", "LAT_DD": 29.78520905, "LONG_DD": -95.42717918, "HORZ_METH": "DOQ", "HORZ_ACC": 5, "HORZ_REF": "FAC_CEN", "HORZ_DATE": "20140411", "HORZ_ORG": "TCEQ", "HORZ_DATUM": "NAD83", "HORZ_DESC": null, "dma_county": "Harris", "tceq_program": "vcp"}}, {"type": "Feature", "id": 1459138, "geometry": {"type": "Point", "coordinates": [-95.33886, 29.757593]}, "properties": {"OBJECTID": 1459138, "REM_PROG": "Voluntary Cleanup Program (VCP)", "RN": "RN102645694", "VCP_ID": 498, "SITE_NAME": "KQUE RADIO TRANSMITTER SITE", "PHYS_ADDR": "315 N ENNIS ST", "ADDR_DESC": "315 NORTH ENNIS STREET", "CITY": "HOUSTON", "COUNTY": "HARRIS", "ZIP_CODE": "77003", "REGION": "REGION 12 - HOUSTON", "LAT_DD": 29.75758733, "LONG_DD": -95.33885323, "HORZ_METH": "DOQ", "HORZ_ACC": 5, "HORZ_REF": "FAC_CEN", "HORZ_DATE": "19970401", "HORZ_ORG": "TCEQ", "HORZ_DATUM": "NAD83", "HORZ_DESC": null, "dma_county": "Harris", "tceq_program": "vcp"}}, {"type": "Feature", "id": 1459141, "geometry": {"type": "Point", "coordinates": [-95.315308, 29.74735]}, "properties": {"OBJECTID": 1459141, "REM_PROG": "Voluntary Cleanup Program (VCP)", "RN": "RN102954641", "VCP_ID": 1541, "SITE_NAME": "BULK STORAGE FACILITY/TRUCK FLEET", "PHYS_ADDR": "5802 NAVIGATION BLVD", "ADDR_DESC": "5802 AND 5804 NAVIGATION BLVD LOCATED SWC OF INTERSECTION OF NAVIGATION BLVD AND NORWOOD ST", "CITY": "HOUSTON", "COUNTY": "HARRIS", "ZIP_CODE": "77011", "REGION": "REGION 12 - HOUSTON", "LAT_DD": 29.74734522, "LONG_DD": -95.31530099, "HORZ_METH": "ADDMAT_NUM", "HORZ_ACC": -9999, "HORZ_REF": "STRUC_CEN", "HORZ_DATE": "20021206", "HORZ_ORG": "TCEQ", "HORZ_DATUM": "NAD83", "HORZ_DESC": null, "dma_county": "Harris", "tceq_program": "vcp"}}, {"type": "Feature", "id": 1459142, "geometry": {"type": "Point", "coordinates": [-95.37446, 29.80833]}, "properties": {"OBJECTID": 1459142, "REM_PROG": "Voluntary Cleanup Program (VCP)", "RN": "RN100585090", "VCP_ID": 437, "SITE_NAME": "KAMS, INC.", "PHYS_ADDR": "3225 NORTH FWY", "ADDR_DESC": "3225 NORTH FREEWAY FORMERLY KAMS INC", "CITY": "HOUSTON", "COUNTY": "HARRIS", "ZIP_CODE": "77009", "REGION": "REGION 12 - HOUSTON", "LAT_DD": 29.80832451, "LONG_DD": -95.37445331, "HORZ_METH": "ADDMAT_NUM", "HORZ_ACC": -9999, "HORZ_REF": "PST_TANK", "HORZ_DATE": "19970116", "HORZ_ORG": "TCEQ", "HORZ_DATUM": "NAD83", "HORZ_DESC": null, "dma_county": "Harris", "tceq_program": "vcp"}}, {"type": "Feature", "id": 1459144, "geometry": {"type": "Point", "coordinates": [-95.207304, 29.755491]}, "properties": {"OBJECTID": 1459144, "REM_PROG": "Voluntary Cleanup Program (VCP)", "RN": "RN100685106", "VCP_ID": 627, "SITE_NAME": "NORTHWESTERN STEEL AND WIRE", "PHYS_ADDR": "1755 FEDERAL RD", "ADDR_DESC": "1755 FEDERAL ROAD", "CITY": "HOUSTON", "COUNTY": "HARRIS", "ZIP_CODE": "77015", "REGION": "REGION 12 - HOUSTON", "LAT_DD": 29.75548595, "LONG_DD": -95.2072968, "HORZ_METH": "ADDMAT_NUM", "HORZ_ACC": -9999, "HORZ_REF": "OTHER", "HORZ_DATE": "19971006", "HORZ_ORG": "TCEQ", "HORZ_DATUM": "NAD83", "HORZ_DESC": null, "dma_county": "Harris", "tceq_program": "vcp"}}, {"type": "Feature", "id": 1459146, "geometry": {"type": "Point", "coordinates": [-95.386507, 29.773805]}, "properties": {"OBJECTID": 1459146, "REM_PROG": "Voluntary Cleanup Program (VCP)", "RN": "RN100707827", "VCP_ID": 2866, "SITE_NAME": "FORMER HARCROS CHEMICALS", "PHYS_ADDR": "1701 OLIVER ST", "ADDR_DESC": "1701 Oliver, Houston, TX", "CITY": "HOUSTON", "COUNTY": "HARRIS", "ZIP_CODE": "77007", "REGION": "REGION 12 - HOUSTON", "LAT_DD": 29.7738, "LONG_DD": -95.3865, "HORZ_METH": "ADDMAT_NUM", "HORZ_ACC": -9999, "HORZ_REF": "OTHER", "HORZ_DATE": "20170201", "HORZ_ORG": "TCEQ", "HORZ_DATUM": "NAD83", "HORZ_DESC": null, "dma_county": "Harris", "tceq_program": "vcp"}}, {"type": "Feature", "id": 1459151, "geometry": {"type": "Point", "coordinates": [-95.498089, 29.840347]}, "properties": {"OBJECTID": 1459151, "REM_PROG": "Voluntary Cleanup Program (VCP)", "RN": "RN102314929", "VCP_ID": 649, "SITE_NAME": "INTOOL, INC., PROPERTY TRACT C", "PHYS_ADDR": "7007 PINEMONT DR", "ADDR_DESC": "7007 PINEMONT DRIVE AKA INTOOL PROPERTY TRACT C", "CITY": "HOUSTON", "COUNTY": "HARRIS", "ZIP_CODE": "77040", "REGION": "REGION 12 - HOUSTON", "LAT_DD": 29.84034164, "LONG_DD": -95.49808224, "HORZ_METH": "ADDMAT_NUM", "HORZ_ACC": -9999, "HORZ_REF": "OTHER", "HORZ_DATE": "19971106", "HORZ_ORG": "TCEQ", "HORZ_DATUM": "NAD83", "HORZ_DESC": null, "dma_county": "Harris", "tceq_program": "vcp"}}, {"type": "Feature", "id": 1459156, "geometry": {"type": "Point", "coordinates": [-95.529998, 29.655299]}, "properties": {"OBJECTID": 1459156, "REM_PROG": "Voluntary Cleanup Program (VCP)", "RN": "RN101475002", "VCP_ID": 1247, "SITE_NAME": "RANDALLS CENTER - WEST BELLFO", "PHYS_ADDR": "8701 W BELLFORT AVE", "ADDR_DESC": "8701 - 8787 WEST BELLFORT", "CITY": "HOUSTON", "COUNTY": "HARRIS", "ZIP_CODE": "77031", "REGION": "REGION 12 - HOUSTON", "LAT_DD": 29.65529414, "LONG_DD": -95.52999048, "HORZ_METH": "ADDMAT_NUM", "HORZ_ACC": -9999, "HORZ_REF": "OTHER", "HORZ_DATE": "20000809", "HORZ_ORG": "TCEQ", "HORZ_DATUM": "NAD83", "HORZ_DESC": null, "dma_county": "Harris", "tceq_program": "vcp"}}, {"type": "Feature", "id": 1459158, "geometry": {"type": "Point", "coordinates": [-95.541141, 29.736643]}, "properties": {"OBJECTID": 1459158, "REM_PROG": "Voluntary Cleanup Program (VCP)", "RN": "RN102863321", "VCP_ID": 1486, "SITE_NAME": "CRAIGS CLEANERS WESTCHASE", "PHYS_ADDR": "9700 WESTHEIMER RD", "ADDR_DESC": "SWC WESTHEIMER RD AND S GESSNER RD", "CITY": "HOUSTON", "COUNTY": "HARRIS", "ZIP_CODE": "77042", "REGION": "REGION 12 - HOUSTON", "LAT_DD": 29.73663767, "LONG_DD": -95.54113426, "HORZ_METH": "ADDMAT_NUM", "HORZ_ACC": -9999, "HORZ_REF": "STRUC_CEN", "HORZ_DATE": "20020708", "HORZ_ORG": "TCEQ", "HORZ_DATUM": "NAD83", "HORZ_DESC": null, "dma_county": "Harris", "tceq_program": "vcp"}}, {"type": "Feature", "id": 1459160, "geometry": {"type": "Point", "coordinates": [-95.306601, 29.765661]}, "properties": {"OBJECTID": 1459160, "REM_PROG": "Voluntary Cleanup Program (VCP)", "RN": "RN100707769", "VCP_ID": 2915, "SITE_NAME": "ATC PLASTICS", "PHYS_ADDR": "1235 KRESS ST", "ADDR_DESC": "1235 KRESS ST AND 1240 GAZIN ST", "CITY": "HOUSTON", "COUNTY": "HARRIS", "ZIP_CODE": "77020", "REGION": "REGION 12 - HOUSTON", "LAT_DD": 29.76565623, "LONG_DD": -95.30659352, "HORZ_METH": "DOQ", "HORZ_ACC": 5, "HORZ_REF": "STRUC_CEN", "HORZ_DATE": "20171130", "HORZ_ORG": "TCEQ", "HORZ_DATUM": "NAD83", "HORZ_DESC": null, "dma_county": "Harris", "tceq_program": "vcp"}}, {"type": "Feature", "id": 1459161, "geometry": {"type": "Point", "coordinates": [-95.380204, 29.698601]}, "properties": {"OBJECTID": 1459161, "REM_PROG": "Voluntary Cleanup Program (VCP)", "RN": "RN102322583", "VCP_ID": 1848, "SITE_NAME": "SCHLUMBERGER TECHNOLOGY", "PHYS_ADDR": "7030 ARDMORE ST", "ADDR_DESC": "7030 ARDMORE HOUSTON TX", "CITY": "HOUSTON", "COUNTY": "HARRIS", "ZIP_CODE": "77054", "REGION": "REGION 12 - HOUSTON", "LAT_DD": 29.69859562, "LONG_DD": -95.38019701, "HORZ_METH": "DOQ", "HORZ_ACC": 5, "HORZ_REF": "FAC_CEN", "HORZ_DATE": "20050804", "HORZ_ORG": "TCEQ", "HORZ_DATUM": "NAD83", "HORZ_DESC": null, "dma_county": "Harris", "tceq_program": "vcp"}}, {"type": "Feature", "id": 1459167, "geometry": {"type": "Point", "coordinates": [-95.892227, 29.020835]}, "properties": {"OBJECTID": 1459167, "REM_PROG": "Voluntary Cleanup Program (VCP)", "RN": "RN101461945", "VCP_ID": 812, "SITE_NAME": "DRILLING FLUIDS WAREHOUSE (IMC", "PHYS_ADDR": null, "ADDR_DESC": "NORTHSIDE AVENUE G/SH 35 AND FM 2540 FORMER DRILLING MUD MIXING PLANT", "CITY": "VAN VLECK", "COUNTY": "MATAGORDA", "ZIP_CODE": null, "REGION": "REGION 12 - HOUSTON", "LAT_DD": 29.02083, "LONG_DD": -95.89222, "HORZ_METH": "UNKNOWN", "HORZ_ACC": -9999, "HORZ_REF": "OTHER", "HORZ_DATE": "19980724", "HORZ_ORG": "TCEQ", "HORZ_DATUM": "NAD83", "HORZ_DESC": null, "dma_county": "Matagorda", "tceq_program": "vcp"}}, {"type": "Feature", "id": 1459168, "geometry": {"type": "Point", "coordinates": [-95.599152, 29.974837]}, "properties": {"OBJECTID": 1459168, "REM_PROG": "Voluntary Cleanup Program (VCP)", "RN": "RN101052843", "VCP_ID": 842, "SITE_NAME": "LAKEWOOD FOREST CENTER - CYPRE", "PHYS_ADDR": "11702 GRANT RD STE A", "ADDR_DESC": "11702 GRANT ROAD", "CITY": "CYPRESS", "COUNTY": "HARRIS", "ZIP_CODE": "77429", "REGION": "REGION 12 - HOUSTON", "LAT_DD": 29.97483135, "LONG_DD": -95.59914509, "HORZ_METH": "DOQ", "HORZ_ACC": 5, "HORZ_REF": "FAC_CEN", "HORZ_DATE": "19980923", "HORZ_ORG": "TCEQ", "HORZ_DATUM": "NAD83", "HORZ_DESC": null, "dma_county": "Harris", "tceq_program": "vcp"}}, {"type": "Feature", "id": 1459172, "geometry": {"type": "Point", "coordinates": [-95.383337, 29.751365]}, "properties": {"OBJECTID": 1459172, "REM_PROG": "Voluntary Cleanup Program (VCP)", "RN": "RN101055275", "VCP_ID": 1384, "SITE_NAME": "LOTS 6 7 8 BLK 92 WR BAKER ADD SSBB", "PHYS_ADDR": null, "ADDR_DESC": "NW CORNER COOK & GILLETTE STS", "CITY": "HOUSTON", "COUNTY": "HARRIS", "ZIP_CODE": null, "REGION": "REGION 12 - HOUSTON", "LAT_DD": 29.75136, "LONG_DD": -95.38333, "HORZ_METH": "UNKNOWN", "HORZ_ACC": -9999, "HORZ_REF": "OTHER", "HORZ_DATE": "20010823", "HORZ_ORG": "TCEQ", "HORZ_DATUM": "NAD83", "HORZ_DESC": null, "dma_county": "Harris", "tceq_program": "vcp"}}, {"type": "Feature", "id": 1459173, "geometry": {"type": "Point", "coordinates": [-95.374198, 29.769483]}, "properties": {"OBJECTID": 1459173, "REM_PROG": "Voluntary Cleanup Program (VCP)", "RN": "RN102410438", "VCP_ID": 1672, "SITE_NAME": "WENCO DISTRIBUTORS", "PHYS_ADDR": "1615 DART ST", "ADDR_DESC": "550 FEET WEST OF IH-45", "CITY": "HOUSTON", "COUNTY": "HARRIS", "ZIP_CODE": "77007", "REGION": "REGION 12 - HOUSTON", "LAT_DD": 29.769478, "LONG_DD": -95.37419144, "HORZ_METH": "ADDMAT_NUM", "HORZ_ACC": -9999, "HORZ_REF": "STRUC_CEN", "HORZ_DATE": "20031231", "HORZ_ORG": "TCEQ", "HORZ_DATUM": "NAD83", "HORZ_DESC": null, "dma_county": "Harris", "tceq_program": "vcp"}}, {"type": "Feature", "id": 1459175, "geometry": {"type": "Point", "coordinates": [-95.403138, 29.819546]}, "properties": {"OBJECTID": 1459175, "REM_PROG": "Voluntary Cleanup Program (VCP)", "RN": "RN101052272", "VCP_ID": 529, "SITE_NAME": "PINE FOREST 23", "PHYS_ADDR": "447 W 38TH ST", "ADDR_DESC": "447 WEST 38TH STREET", "CITY": "HOUSTON", "COUNTY": "HARRIS", "ZIP_CODE": "77018", "REGION": "REGION 12 - HOUSTON", "LAT_DD": 29.81954062, "LONG_DD": -95.40313135, "HORZ_METH": "ADDMAT_NUM", "HORZ_ACC": -9999, "HORZ_REF": "STRUC_CEN", "HORZ_DATE": "19970514", "HORZ_ORG": "TCEQ", "HORZ_DATUM": "NAD83", "HORZ_DESC": null, "dma_county": "Harris", "tceq_program": "vcp"}}, {"type": "Feature", "id": 1459178, "geometry": {"type": "Point", "coordinates": [-95.58196, 29.884418]}, "properties": {"OBJECTID": 1459178, "REM_PROG": "Voluntary Cleanup Program (VCP)", "RN": "RN100892256", "VCP_ID": 2505, "SITE_NAME": "PRODUCT COATINGS", "PHYS_ADDR": "11502 CHARLES RD", "ADDR_DESC": "11502 CHARLES ST\n", "CITY": "JERSEY VILLAGE", "COUNTY": "HARRIS", "ZIP_CODE": "77041", "REGION": "REGION 12 - HOUSTON", "LAT_DD": 29.88441233, "LONG_DD": -95.58195297, "HORZ_METH": "DOQ", "HORZ_ACC": 5, "HORZ_REF": "OTHER", "HORZ_DATE": "20120523", "HORZ_ORG": "TCEQ", "HORZ_DATUM": "NAD83", "HORZ_DESC": null, "dma_county": "Harris", "tceq_program": "vcp"}}, {"type": "Feature", "id": 1459183, "geometry": {"type": "Point", "coordinates": [-95.287541, 29.57874]}, "properties": {"OBJECTID": 1459183, "REM_PROG": "Voluntary Cleanup Program (VCP)", "RN": "RN100617075", "VCP_ID": 2293, "SITE_NAME": "FEDERAL SIGNAL", "PHYS_ADDR": "1616 N MAIN ST", "ADDR_DESC": "1616 N Main, Pearland, TX", "CITY": "PEARLAND", "COUNTY": "BRAZORIA", "ZIP_CODE": "77581", "REGION": "REGION 12 - HOUSTON", "LAT_DD": 29.57873507, "LONG_DD": -95.28753389, "HORZ_METH": "ADDMAT_NUM", "HORZ_ACC": -9999, "HORZ_REF": "STRUC_CEN", "HORZ_DATE": "20091119", "HORZ_ORG": "TCEQ", "HORZ_DATUM": "NAD83", "HORZ_DESC": null, "dma_county": "Brazoria", "tceq_program": "vcp"}}, {"type": "Feature", "id": 1459184, "geometry": {"type": "Point", "coordinates": [-95.217098, 29.991708]}, "properties": {"OBJECTID": 1459184, "REM_PROG": "Voluntary Cleanup Program (VCP)", "RN": "RN100653179", "VCP_ID": 1510, "SITE_NAME": "CRUDE OIL TEST FACILITY", "PHYS_ADDR": "18619 1/2 WOODLAND HILLS DR", "ADDR_DESC": "18619 1 2 WOODLAND HILLS DR HUMBLE TX", "CITY": "HUMBLE", "COUNTY": "HARRIS", "ZIP_CODE": "77346", "REGION": "REGION 12 - HOUSTON", "LAT_DD": 29.99170249, "LONG_DD": -95.21709128, "HORZ_METH": "UNKNOWN", "HORZ_ACC": -9999, "HORZ_REF": "OTHER", "HORZ_DATE": "20020819", "HORZ_ORG": "TCEQ", "HORZ_DATUM": "NAD83", "HORZ_DESC": null, "dma_county": "Harris", "tceq_program": "vcp"}}, {"type": "Feature", "id": 1459187, "geometry": {"type": "Point", "coordinates": [-95.632005, 29.622025]}, "properties": {"OBJECTID": 1459187, "REM_PROG": "Voluntary Cleanup Program (VCP)", "RN": "RN101612372", "VCP_ID": 2447, "SITE_NAME": "IMPERIAL SUGAR SUGARLAND", "PHYS_ADDR": "198 KEMPNER ST", "ADDR_DESC": "N OF HWY 90A AND EAST OF ST HWY 6", "CITY": "SUGAR LAND", "COUNTY": "FORT BEND", "ZIP_CODE": "77498", "REGION": "REGION 12 - HOUSTON", "LAT_DD": 29.62201959, "LONG_DD": -95.63199798, "HORZ_METH": "DOQ", "HORZ_ACC": 5, "HORZ_REF": "FAC_CEN", "HORZ_DATE": "20111003", "HORZ_ORG": "TCEQ", "HORZ_DATUM": "NAD83", "HORZ_DESC": null, "dma_county": "Fort Bend", "tceq_program": "vcp"}}, {"type": "Feature", "id": 1459192, "geometry": {"type": "Point", "coordinates": [-95.334885, 29.697584]}, "properties": {"OBJECTID": 1459192, "REM_PROG": "Voluntary Cleanup Program (VCP)", "RN": "RN105629802", "VCP_ID": 2225, "SITE_NAME": "SOUTHEAST CORRIDOR - PARCELS 229 & 241", "PHYS_ADDR": null, "ADDR_DESC": "5221 & 5301 GRIGGS", "CITY": "HOUSTON", "COUNTY": "HARRIS", "ZIP_CODE": null, "REGION": "REGION 12 - HOUSTON", "LAT_DD": 29.697578999999998, "LONG_DD": -95.33487799999999, "HORZ_METH": "UNKNOWN", "HORZ_ACC": -9999, "HORZ_REF": "OTHER", "HORZ_DATE": "20080926", "HORZ_ORG": "TCEQ", "HORZ_DATUM": "NAD83", "HORZ_DESC": null, "dma_county": "Harris", "tceq_program": "vcp"}}, {"type": "Feature", "id": 1459194, "geometry": {"type": "Point", "coordinates": [-95.385431, 29.774212]}, "properties": {"OBJECTID": 1459194, "REM_PROG": "Voluntary Cleanup Program (VCP)", "RN": "RN104443759", "VCP_ID": 1751, "SITE_NAME": "CROCKETT OLIVER TRACT", "PHYS_ADDR": "2580 SHEARN ST", "ADDR_DESC": "2580 SHEARN ST", "CITY": "HOUSTON", "COUNTY": "HARRIS", "ZIP_CODE": "77007", "REGION": "REGION 12 - HOUSTON", "LAT_DD": 29.77420672, "LONG_DD": -95.38542438, "HORZ_METH": "ADDMAT_NUM", "HORZ_ACC": -9999, "HORZ_REF": "STRUC_CEN", "HORZ_DATE": "20041028", "HORZ_ORG": "TCEQ", "HORZ_DATUM": "NAD83", "HORZ_DESC": null, "dma_county": "Harris", "tceq_program": "vcp"}}, {"type": "Feature", "id": 1459196, "geometry": {"type": "Point", "coordinates": [-95.488206, 29.857716]}, "properties": {"OBJECTID": 1459196, "REM_PROG": "Voluntary Cleanup Program (VCP)", "RN": "RN100923853", "VCP_ID": 2486, "SITE_NAME": "COMMERCIAL PROPERTY-6230 BINGLE RD", "PHYS_ADDR": "6230 BINGLE RD", "ADDR_DESC": "6230 BINGLE", "CITY": "HOUSTON", "COUNTY": "HARRIS", "ZIP_CODE": "77092", "REGION": "REGION 12 - HOUSTON", "LAT_DD": 29.85771034, "LONG_DD": -95.488199, "HORZ_METH": "DOQ", "HORZ_ACC": 5, "HORZ_REF": "OTHER", "HORZ_DATE": "20120307", "HORZ_ORG": "TCEQ", "HORZ_DATUM": "NAD83", "HORZ_DESC": null, "dma_county": "Harris", "tceq_program": "vcp"}}, {"type": "Feature", "id": 1459197, "geometry": {"type": "Point", "coordinates": [-95.528912, 29.672303]}, "properties": {"OBJECTID": 1459197, "REM_PROG": "Voluntary Cleanup Program (VCP)", "RN": "RN101386571", "VCP_ID": 2252, "SITE_NAME": "DRY CLEAN USA", "PHYS_ADDR": "8616 S BRAESWOOD BLVD", "ADDR_DESC": null, "CITY": "HOUSTON", "COUNTY": "HARRIS", "ZIP_CODE": "77031", "REGION": "REGION 12 - HOUSTON", "LAT_DD": 29.67229803, "LONG_DD": -95.52890524, "HORZ_METH": "DOQ", "HORZ_ACC": 5, "HORZ_REF": "STRUC_CEN", "HORZ_DATE": "20090225", "HORZ_ORG": "TCEQ", "HORZ_DATUM": "NAD83", "HORZ_DESC": null, "dma_county": "Harris", "tceq_program": "vcp"}}, {"type": "Feature", "id": 1459198, "geometry": {"type": "Point", "coordinates": [-95.358248, 29.760043]}, "properties": {"OBJECTID": 1459198, "REM_PROG": "Voluntary Cleanup Program (VCP)", "RN": "RN101628444", "VCP_ID": 205, "SITE_NAME": "ALLRIGHT AUTO PARK (SEE VCP 37", "PHYS_ADDR": "1301 PRESTON ST", "ADDR_DESC": "1301 PRESTON AVENUE", "CITY": "HOUSTON", "COUNTY": "HARRIS", "ZIP_CODE": "77002", "REGION": "REGION 12 - HOUSTON", "LAT_DD": 29.76003767, "LONG_DD": -95.35824125, "HORZ_METH": "ADDMAT_NUM", "HORZ_ACC": -9999, "HORZ_REF": "STRUC_CEN", "HORZ_DATE": "19960314", "HORZ_ORG": "TCEQ", "HORZ_DATUM": "NAD83", "HORZ_DESC": null, "dma_county": "Harris", "tceq_program": "vcp"}}, {"type": "Feature", "id": 1459203, "geometry": {"type": "Point", "coordinates": [-95.104617, 29.528598]}, "properties": {"OBJECTID": 1459203, "REM_PROG": "Voluntary Cleanup Program (VCP)", "RN": "RN100542992", "VCP_ID": 2215, "SITE_NAME": "CHEROKEE WEBSTER DEVELOPMENT", "PHYS_ADDR": "19301 OLD GALVESTON RD", "ADDR_DESC": "19301 OLD GALVESTON ROAD WEBSTER TX", "CITY": "WEBSTER", "COUNTY": "HARRIS", "ZIP_CODE": "77598", "REGION": "REGION 12 - HOUSTON", "LAT_DD": 29.52859255, "LONG_DD": -95.10460987, "HORZ_METH": "ADDMAT_NUM", "HORZ_ACC": -9999, "HORZ_REF": "OTHER", "HORZ_DATE": "20080827", "HORZ_ORG": "TCEQ", "HORZ_DATUM": "NAD83", "HORZ_DESC": null, "dma_county": "Harris", "tceq_program": "vcp"}}, {"type": "Feature", "id": 1459208, "geometry": {"type": "Point", "coordinates": [-95.376569, 29.768126]}, "properties": {"OBJECTID": 1459208, "REM_PROG": "Voluntary Cleanup Program (VCP)", "RN": "RN100872340", "VCP_ID": 1801, "SITE_NAME": "FORMER MERFISH SUPPLY", "PHYS_ADDR": "1902 WASHINGTON AVE", "ADDR_DESC": "1812 AND 1814 WASHINGTON AVE 1818 CENTER ST 1203 WHITE ST 2313 EDWARDS ST", "CITY": "HOUSTON", "COUNTY": "HARRIS", "ZIP_CODE": "77007", "REGION": "REGION 12 - HOUSTON", "LAT_DD": 29.76812091, "LONG_DD": -95.3765616, "HORZ_METH": "DOQ", "HORZ_ACC": 5, "HORZ_REF": "FAC_CEN", "HORZ_DATE": "20050222", "HORZ_ORG": "TCEQ", "HORZ_DATUM": "NAD83", "HORZ_DESC": null, "dma_county": "Harris", "tceq_program": "vcp"}}, {"type": "Feature", "id": 1459215, "geometry": {"type": "Point", "coordinates": [-95.751216, 29.07342]}, "properties": {"OBJECTID": 1459215, "REM_PROG": "Voluntary Cleanup Program (VCP)", "RN": "RN101461028", "VCP_ID": 1311, "SITE_NAME": "SWEENEY REFINERY NORTH TANK FARM", "PHYS_ADDR": null, "ADDR_DESC": "HIGHWAY 35 AND FM 524", "CITY": "OLD OCEAN", "COUNTY": "BRAZORIA", "ZIP_CODE": null, "REGION": "REGION 12 - HOUSTON", "LAT_DD": 29.07341523, "LONG_DD": -95.75120884, "HORZ_METH": "ADDMAT_INT", "HORZ_ACC": -9999, "HORZ_REF": "FAC_CEN", "HORZ_DATE": "20010205", "HORZ_ORG": "TCEQ", "HORZ_DATUM": "NAD83", "HORZ_DESC": null, "dma_county": "Brazoria", "tceq_program": "vcp"}}, {"type": "Feature", "id": 1459217, "geometry": {"type": "Point", "coordinates": [-95.426703, 29.786468]}, "properties": {"OBJECTID": 1459217, "REM_PROG": "Voluntary Cleanup Program (VCP)", "RN": "RN100717867", "VCP_ID": 2343, "SITE_NAME": "FORMER SEATEX PROPERTY", "PHYS_ADDR": "6325 HURST ST", "ADDR_DESC": null, "CITY": "HOUSTON", "COUNTY": "HARRIS", "ZIP_CODE": "77008", "REGION": "REGION 12 - HOUSTON", "LAT_DD": 29.78646234, "LONG_DD": -95.4266958, "HORZ_METH": "DOQ", "HORZ_ACC": 5, "HORZ_REF": "FAC_CEN", "HORZ_DATE": "20100818", "HORZ_ORG": "TCEQ", "HORZ_DATUM": "NAD83", "HORZ_DESC": null, "dma_county": "Harris", "tceq_program": "vcp"}}, {"type": "Feature", "id": 1459219, "geometry": {"type": "Point", "coordinates": [-95.492085, 29.739358]}, "properties": {"OBJECTID": 1459219, "REM_PROG": "Voluntary Cleanup Program (VCP)", "RN": "RN101460095", "VCP_ID": 63, "SITE_NAME": "PILGRIM CLEANERS - BRIAR RIDGE", "PHYS_ADDR": "2538A BRIAR RIDGE DR", "ADDR_DESC": "2538 A BRIAR RIDGE DR", "CITY": "HOUSTON", "COUNTY": "HARRIS", "ZIP_CODE": "77057", "REGION": "REGION 12 - HOUSTON", "LAT_DD": 29.7393529, "LONG_DD": -95.49207829, "HORZ_METH": "DOQ", "HORZ_ACC": 5, "HORZ_REF": "FAC_CEN", "HORZ_DATE": "19951212", "HORZ_ORG": "TCEQ", "HORZ_DATUM": "NAD83", "HORZ_DESC": null, "dma_county": "Harris", "tceq_program": "vcp"}}, {"type": "Feature", "id": 1459221, "geometry": {"type": "Point", "coordinates": [-95.376827, 29.751775]}, "properties": {"OBJECTID": 1459221, "REM_PROG": "Voluntary Cleanup Program (VCP)", "RN": "RN100675362", "VCP_ID": 539, "SITE_NAME": "BLAND CADILLAC MULTI-TRACT PRO", "PHYS_ADDR": "2100 BAGBY ST", "ADDR_DESC": "MULTI TRACT PROPERTY", "CITY": "HOUSTON", "COUNTY": "HARRIS", "ZIP_CODE": "77002", "REGION": "REGION 12 - HOUSTON", "LAT_DD": 29.751769999999997, "LONG_DD": -95.37682, "HORZ_METH": "ADDMAT_NUM", "HORZ_ACC": -9999, "HORZ_REF": "OTHER", "HORZ_DATE": "19970528", "HORZ_ORG": "TCEQ", "HORZ_DATUM": "NAD83", "HORZ_DESC": null, "dma_county": "Harris", "tceq_program": "vcp"}}, {"type": "Feature", "id": 1459232, "geometry": {"type": "Point", "coordinates": [-95.284301, 29.546099]}, "properties": {"OBJECTID": 1459232, "REM_PROG": "Voluntary Cleanup Program (VCP)", "RN": "RN101474302", "VCP_ID": 214, "SITE_NAME": "MIDWEST - STEEL DIVISION", "PHYS_ADDR": "3901 MAGNOLIA PKWY", "ADDR_DESC": "3901 MAGNOLIA STREET", "CITY": "PEARLAND", "COUNTY": "BRAZORIA", "ZIP_CODE": "77584", "REGION": "REGION 12 - HOUSTON", "LAT_DD": 29.54609392, "LONG_DD": -95.28429375, "HORZ_METH": "ADDMAT_NUM", "HORZ_ACC": -9999, "HORZ_REF": "OTHER", "HORZ_DATE": "19960328", "HORZ_ORG": "TCEQ", "HORZ_DATUM": "NAD83", "HORZ_DESC": null, "dma_county": "Brazoria", "tceq_program": "vcp"}}, {"type": "Feature", "id": 1459236, "geometry": {"type": "Point", "coordinates": [-94.806973, 30.043852]}, "properties": {"OBJECTID": 1459236, "REM_PROG": "Voluntary Cleanup Program (VCP)", "RN": "RN101475127", "VCP_ID": 247, "SITE_NAME": "ALLIED TUBE  CONDUIT, LIBERTY", "PHYS_ADDR": "1100 FM 3361 RD", "ADDR_DESC": "FM 3361", "CITY": "LIBERTY", "COUNTY": "LIBERTY", "ZIP_CODE": "77575", "REGION": "REGION 12 - HOUSTON", "LAT_DD": 30.04384719, "LONG_DD": -94.80696593, "HORZ_METH": "ADDMAT_NUM", "HORZ_ACC": -9999, "HORZ_REF": "STRUC_CEN", "HORZ_DATE": "19960501", "HORZ_ORG": "TCEQ", "HORZ_DATUM": "NAD83", "HORZ_DESC": null, "dma_county": "Liberty", "tceq_program": "vcp"}}, {"type": "Feature", "id": 1459242, "geometry": {"type": "Point", "coordinates": [-95.380007, 29.710005]}, "properties": {"OBJECTID": 1459242, "REM_PROG": "Voluntary Cleanup Program (VCP)", "RN": "RN100665082", "VCP_ID": 1956, "SITE_NAME": "RIVERSIDE KITCHEN AND BATH", "PHYS_ADDR": null, "ADDR_DESC": "CORNER LOT AT 6006 ARDMORE", "CITY": "HOUSTON", "COUNTY": "HARRIS", "ZIP_CODE": null, "REGION": "REGION 12 - HOUSTON", "LAT_DD": 29.71, "LONG_DD": -95.38, "HORZ_METH": "UNKNOWN", "HORZ_ACC": -9999, "HORZ_REF": "OTHER", "HORZ_DATE": "20060811", "HORZ_ORG": "TCEQ", "HORZ_DATUM": "NAD83", "HORZ_DESC": null, "dma_county": "Harris", "tceq_program": "vcp"}}, {"type": "Feature", "id": 1459243, "geometry": {"type": "Point", "coordinates": [-95.443975, 29.793952]}, "properties": {"OBJECTID": 1459243, "REM_PROG": "Voluntary Cleanup Program (VCP)", "RN": "RN108735069", "VCP_ID": 2766, "SITE_NAME": "WYNNWOOD INDUSTRIAL PARKS 1 AND 2", "PHYS_ADDR": null, "ADDR_DESC": "1302 - 1398 SALFORD DR AND 7207 - 7213 WYNNWOOD LN", "CITY": "HOUSTON", "COUNTY": "HARRIS", "ZIP_CODE": null, "REGION": "REGION 12 - HOUSTON", "LAT_DD": 29.79394718, "LONG_DD": -95.44396845, "HORZ_METH": "DOQ", "HORZ_ACC": 5, "HORZ_REF": "FAC_CEN", "HORZ_DATE": "20150812", "HORZ_ORG": "TCEQ", "HORZ_DATUM": "NAD83", "HORZ_DESC": null, "dma_county": "Harris", "tceq_program": "vcp"}}, {"type": "Feature", "id": 1459246, "geometry": {"type": "Point", "coordinates": [-95.347307, 29.74358]}, "properties": {"OBJECTID": 1459246, "REM_PROG": "Voluntary Cleanup Program (VCP)", "RN": "RN106881543", "VCP_ID": 2600, "SITE_NAME": "WAREHOUSE OPEN LAND", "PHYS_ADDR": "3201 POLK ST", "ADDR_DESC": null, "CITY": "HOUSTON", "COUNTY": "HARRIS", "ZIP_CODE": "77003", "REGION": "REGION 12 - HOUSTON", "LAT_DD": 29.743575, "LONG_DD": -95.3473, "HORZ_METH": "ADDMAT_NUM", "HORZ_ACC": -9999, "HORZ_REF": "OTHER", "HORZ_DATE": "20130809", "HORZ_ORG": "TCEQ", "HORZ_DATUM": "NAD83", "HORZ_DESC": null, "dma_county": "Harris", "tceq_program": "vcp"}}, {"type": "Feature", "id": 1459248, "geometry": {"type": "Point", "coordinates": [-94.947978, 29.396298]}, "properties": {"OBJECTID": 1459248, "REM_PROG": "Voluntary Cleanup Program (VCP)", "RN": "RN105568208", "VCP_ID": 2181, "SITE_NAME": "PALMER PLAZA", "PHYS_ADDR": "3220 PALMER HWY", "ADDR_DESC": "3220-3474 PALMER HIGHWAY", "CITY": "TEXAS CITY", "COUNTY": "GALVESTON", "ZIP_CODE": "77590", "REGION": "REGION 12 - HOUSTON", "LAT_DD": 29.3962931, "LONG_DD": -94.9479714, "HORZ_METH": "DOQ", "HORZ_ACC": 5, "HORZ_REF": "FAC_CEN", "HORZ_DATE": "20080604", "HORZ_ORG": "TCEQ", "HORZ_DATUM": "NAD83", "HORZ_DESC": null, "dma_county": "Galveston", "tceq_program": "vcp"}}, {"type": "Feature", "id": 1459252, "geometry": {"type": "Point", "coordinates": [-95.35056, 29.753088]}, "properties": {"OBJECTID": 1459252, "REM_PROG": "Voluntary Cleanup Program (VCP)", "RN": "RN109483214", "VCP_ID": 2855, "SITE_NAME": "2311 TEXAS AVENUE", "PHYS_ADDR": "2311 TEXAS ST", "ADDR_DESC": null, "CITY": "HOUSTON", "COUNTY": "HARRIS", "ZIP_CODE": "77003", "REGION": "REGION 12 - HOUSTON", "LAT_DD": 29.75308312, "LONG_DD": -95.35055323, "HORZ_METH": "DOQ", "HORZ_ACC": 5, "HORZ_REF": "OTHER", "HORZ_DATE": "20161115", "HORZ_ORG": "TCEQ", "HORZ_DATUM": "NAD83", "HORZ_DESC": null, "dma_county": "Harris", "tceq_program": "vcp"}}, {"type": "Feature", "id": 1459253, "geometry": {"type": "Point", "coordinates": [-95.499861, 29.79685]}, "properties": {"OBJECTID": 1459253, "REM_PROG": "Voluntary Cleanup Program (VCP)", "RN": "RN100880459", "VCP_ID": 2822, "SITE_NAME": "1508 BINGLE ROAD", "PHYS_ADDR": "1508 BINGLE RD", "ADDR_DESC": null, "CITY": "HOUSTON", "COUNTY": "HARRIS", "ZIP_CODE": "77055", "REGION": "REGION 12 - HOUSTON", "LAT_DD": 29.79684474, "LONG_DD": -95.49985397, "HORZ_METH": "DOQ", "HORZ_ACC": 5, "HORZ_REF": "STRUC_CEN", "HORZ_DATE": "20160606", "HORZ_ORG": "TCEQ", "HORZ_DATUM": "NAD83", "HORZ_DESC": null, "dma_county": "Harris", "tceq_program": "vcp"}}, {"type": "Feature", "id": 1459256, "geometry": {"type": "Point", "coordinates": [-95.343342, 29.73486]}, "properties": {"OBJECTID": 1459256, "REM_PROG": "Voluntary Cleanup Program (VCP)", "RN": "RN107857732", "VCP_ID": 2706, "SITE_NAME": "CULLEN STREET RETAIL", "PHYS_ADDR": null, "ADDR_DESC": "3915 THARP ST 2100 HUSSION ST 2121 HUSSION ST 3802 WINCHESTER ST 3737 GULF FWY 3815 GULF FWY", "CITY": "HOUSTON", "COUNTY": "HARRIS", "ZIP_CODE": null, "REGION": "REGION 12 - HOUSTON", "LAT_DD": 29.73485477, "LONG_DD": -95.34333516, "HORZ_METH": "DOQ", "HORZ_ACC": 5, "HORZ_REF": "FAC_CEN", "HORZ_DATE": "20141117", "HORZ_ORG": "TCEQ", "HORZ_DATUM": "NAD83", "HORZ_DESC": null, "dma_county": "Harris", "tceq_program": "vcp"}}, {"type": "Feature", "id": 1459260, "geometry": {"type": "Point", "coordinates": [-95.041132, 29.650796]}, "properties": {"OBJECTID": 1459260, "REM_PROG": "Voluntary Cleanup Program (VCP)", "RN": "RN100681626", "VCP_ID": 2130, "SITE_NAME": "REVAK ENTERPRISES", "PHYS_ADDR": "12204 W FAIRMONT PKWY", "ADDR_DESC": null, "CITY": "LA PORTE", "COUNTY": "HARRIS", "ZIP_CODE": "77571", "REGION": "REGION 12 - HOUSTON", "LAT_DD": 29.65079065, "LONG_DD": -95.0411253, "HORZ_METH": "DOQ", "HORZ_ACC": 5, "HORZ_REF": "STRUC_CEN", "HORZ_DATE": "20080107", "HORZ_ORG": "TCEQ", "HORZ_DATUM": "NAD83", "HORZ_DESC": null, "dma_county": "Harris", "tceq_program": "vcp"}}, {"type": "Feature", "id": 1459261, "geometry": {"type": "Point", "coordinates": [-95.285375, 29.587881]}, "properties": {"OBJECTID": 1459261, "REM_PROG": "Voluntary Cleanup Program (VCP)", "RN": "RN100650589", "VCP_ID": 1907, "SITE_NAME": "HUB CITY ENVIRONMENTAL", "PHYS_ADDR": "1323 N MAIN ST", "ADDR_DESC": "1323 N MAIN ST PEARLAND TX", "CITY": "PEARLAND", "COUNTY": "BRAZORIA", "ZIP_CODE": "77581", "REGION": "REGION 12 - HOUSTON", "LAT_DD": 29.5878763, "LONG_DD": -95.28536764, "HORZ_METH": "ADDMAT_NUM", "HORZ_ACC": -9999, "HORZ_REF": "STRUC_CEN", "HORZ_DATE": "20060303", "HORZ_ORG": "TCEQ", "HORZ_DATUM": "NAD83", "HORZ_DESC": null, "dma_county": "Brazoria", "tceq_program": "vcp"}}, {"type": "Feature", "id": 1459262, "geometry": {"type": "Point", "coordinates": [-95.513208, 29.979673]}, "properties": {"OBJECTID": 1459262, "REM_PROG": "Voluntary Cleanup Program (VCP)", "RN": "RN102905890", "VCP_ID": 1512, "SITE_NAME": "NORTHWEST PARK PLAZA SHOPPING CENTER", "PHYS_ADDR": "13680 STATE HIGHWAY 249", "ADDR_DESC": "INTERSECTION CHAMPION FOREST DR AND MONTGOMERY RD", "CITY": "HOUSTON", "COUNTY": "HARRIS", "ZIP_CODE": "77086", "REGION": "REGION 12 - HOUSTON", "LAT_DD": 29.97966762, "LONG_DD": -95.51320115, "HORZ_METH": "ADDMAT_INT", "HORZ_ACC": -9999, "HORZ_REF": "OTHER", "HORZ_DATE": "20020828", "HORZ_ORG": "TCEQ", "HORZ_DATUM": "NAD83", "HORZ_DESC": null, "dma_county": "Harris", "tceq_program": "vcp"}}, {"type": "Feature", "id": 1459266, "geometry": {"type": "Point", "coordinates": [-95.527778, 29.58264]}, "properties": {"OBJECTID": 1459266, "REM_PROG": "Voluntary Cleanup Program (VCP)", "RN": "RN104149224", "VCP_ID": 1651, "SITE_NAME": "QUAIL VALLEY SHOPPING CENTER", "PHYS_ADDR": "1600 CARTWRIGHT RD", "ADDR_DESC": "SWC CARTWRIGHT ROAD AND TEXAS PARKWAY", "CITY": "MISSOURI CITY", "COUNTY": "HARRIS", "ZIP_CODE": "77489", "REGION": "REGION 12 - HOUSTON", "LAT_DD": 29.58263509, "LONG_DD": -95.52777051, "HORZ_METH": "ADDMAT_NUM", "HORZ_ACC": -9999, "HORZ_REF": "OTHER", "HORZ_DATE": "20031016", "HORZ_ORG": "TCEQ", "HORZ_DATUM": "NAD83", "HORZ_DESC": null, "dma_county": "Fort Bend", "tceq_program": "vcp"}}, {"type": "Feature", "id": 1459269, "geometry": {"type": "Point", "coordinates": [-95.352518, 29.758968]}, "properties": {"OBJECTID": 1459269, "REM_PROG": "Voluntary Cleanup Program (VCP)", "RN": "RN101474294", "VCP_ID": 1308, "SITE_NAME": "GASKET MANUFACTURING", "PHYS_ADDR": "1815 FRANKLIN ST", "ADDR_DESC": null, "CITY": "HOUSTON", "COUNTY": "HARRIS", "ZIP_CODE": "77002", "REGION": "REGION 12 - HOUSTON", "LAT_DD": 29.75896323, "LONG_DD": -95.35251133, "HORZ_METH": "ADDMAT_NUM", "HORZ_ACC": -9999, "HORZ_REF": "FAC_CEN", "HORZ_DATE": "20010125", "HORZ_ORG": "TCEQ", "HORZ_DATUM": "NAD83", "HORZ_DESC": null, "dma_county": "Harris", "tceq_program": "vcp"}}, {"type": "Feature", "id": 1459278, "geometry": {"type": "Point", "coordinates": [-95.317763, 29.740176]}, "properties": {"OBJECTID": 1459278, "REM_PROG": "Voluntary Cleanup Program (VCP)", "RN": "RN105652655", "VCP_ID": 2233, "SITE_NAME": "EAST END CORRIDOR III", "PHYS_ADDR": null, "ADDR_DESC": "5504 5516 5606 5610 5702 5612 5712 5718 5800 5812 AND 5902 HARRISBURG BLVD", "CITY": "HOUSTON", "COUNTY": "HARRIS", "ZIP_CODE": null, "REGION": "REGION 12 - HOUSTON", "LAT_DD": 29.740171, "LONG_DD": -95.31775599999999, "HORZ_METH": "UNKNOWN", "HORZ_ACC": -9999, "HORZ_REF": "OTHER", "HORZ_DATE": "20081112", "HORZ_ORG": "TCEQ", "HORZ_DATUM": "NAD83", "HORZ_DESC": null, "dma_county": "Harris", "tceq_program": "vcp"}}, {"type": "Feature", "id": 1459279, "geometry": {"type": "Point", "coordinates": [-95.059745, 30.352773]}, "properties": {"OBJECTID": 1459279, "REM_PROG": "Voluntary Cleanup Program (VCP)", "RN": "RN104434527", "VCP_ID": 1702, "SITE_NAME": "LOUISIANA PACIFIC CLEVELAND LANDFILL", "PHYS_ADDR": null, "ADDR_DESC": "LOCATED NORTH OF TOPEKA & SANTA FE RAILROAD APPRX 3000 FEET N OF HWY 787 9 MILES EAST OF CLEVELAND", "CITY": "CLEVELAND", "COUNTY": "LIBERTY", "ZIP_CODE": null, "REGION": "REGION 12 - HOUSTON", "LAT_DD": 30.35276733, "LONG_DD": -95.05973846, "HORZ_METH": "ADDMAT", "HORZ_ACC": -9999, "HORZ_REF": "OTHER", "HORZ_DATE": "20040603", "HORZ_ORG": "TCEQ", "HORZ_DATUM": "NAD83", "HORZ_DESC": null, "dma_county": "Liberty", "tceq_program": "vcp"}}, {"type": "Feature", "id": 1459290, "geometry": {"type": "Point", "coordinates": [-95.255225, 29.72944]}, "properties": {"OBJECTID": 1459290, "REM_PROG": "Voluntary Cleanup Program (VCP)", "RN": "RN101052512", "VCP_ID": 315, "SITE_NAME": "LAFARGE - CLINTON DRIVE FACILI", "PHYS_ADDR": "9644 CLINTON DR", "ADDR_DESC": "9644-9650 CLINTON DRIVE", "CITY": "HOUSTON", "COUNTY": "HARRIS", "ZIP_CODE": "77029", "REGION": "REGION 12 - HOUSTON", "LAT_DD": 29.72943455, "LONG_DD": -95.25521829, "HORZ_METH": "DOQ", "HORZ_ACC": 5, "HORZ_REF": "FAC_CEN", "HORZ_DATE": "19960807", "HORZ_ORG": "TCEQ", "HORZ_DATUM": "NAD83", "HORZ_DESC": null, "dma_county": "Harris", "tceq_program": "vcp"}}, {"type": "Feature", "id": 1459295, "geometry": {"type": "Point", "coordinates": [-95.393421, 29.757261]}, "properties": {"OBJECTID": 1459295, "REM_PROG": "Voluntary Cleanup Program (VCP)", "RN": "RN106548456", "VCP_ID": 2543, "SITE_NAME": "WEST DALLAS STREET PARCEL", "PHYS_ADDR": "2606-2616 W DALLAS ST", "ADDR_DESC": null, "CITY": "HOUSTON", "COUNTY": "HARRIS", "ZIP_CODE": "77019", "REGION": "REGION 12 - HOUSTON", "LAT_DD": 29.75725588, "LONG_DD": -95.39341383, "HORZ_METH": "ADDMAT_NUM", "HORZ_ACC": -9999, "HORZ_REF": "STRUC_CEN", "HORZ_DATE": "20121026", "HORZ_ORG": "TCEQ", "HORZ_DATUM": "NAD83", "HORZ_DESC": null, "dma_county": "Harris", "tceq_program": "vcp"}}, {"type": "Feature", "id": 1459300, "geometry": {"type": "Point", "coordinates": [-95.267364, 29.721515]}, "properties": {"OBJECTID": 1459300, "REM_PROG": "Voluntary Cleanup Program (VCP)", "RN": "RN101474955", "VCP_ID": 1326, "SITE_NAME": "CEMENT MFG/OIL REFINERY", "PHYS_ADDR": "8945 MANCHESTER ST", "ADDR_DESC": null, "CITY": "HOUSTON", "COUNTY": "HARRIS", "ZIP_CODE": "77012", "REGION": "REGION 12 - HOUSTON", "LAT_DD": 29.72150974, "LONG_DD": -95.26735658, "HORZ_METH": "ADDMAT_NUM", "HORZ_ACC": -9999, "HORZ_REF": "FAC_CEN", "HORZ_DATE": "20010307", "HORZ_ORG": "TCEQ", "HORZ_DATUM": "NAD83", "HORZ_DESC": null, "dma_county": "Harris", "tceq_program": "vcp"}}, {"type": "Feature", "id": 1459301, "geometry": {"type": "Point", "coordinates": [-95.423279, 29.681099]}, "properties": {"OBJECTID": 1459301, "REM_PROG": "Voluntary Cleanup Program (VCP)", "RN": "RN101475283", "VCP_ID": 207, "SITE_NAME": "LOOP SHOPPING CENTER", "PHYS_ADDR": "9417 MAIN ST", "ADDR_DESC": "9417-9595 SOUTH MAIN", "CITY": "HOUSTON", "COUNTY": "HARRIS", "ZIP_CODE": "77025", "REGION": "REGION 12 - HOUSTON", "LAT_DD": 29.6810941, "LONG_DD": -95.42327214, "HORZ_METH": "DOQ", "HORZ_ACC": 5, "HORZ_REF": "STRUC_CEN", "HORZ_DATE": "19960315", "HORZ_ORG": "TCEQ", "HORZ_DATUM": "NAD83", "HORZ_DESC": null, "dma_county": "Harris", "tceq_program": "vcp"}}, {"type": "Feature", "id": 1459306, "geometry": {"type": "Point", "coordinates": [-95.131798, 29.700188]}, "properties": {"OBJECTID": 1459306, "REM_PROG": "Voluntary Cleanup Program (VCP)", "RN": "RN103123709", "VCP_ID": 2061, "SITE_NAME": "PARADIGM VALVE SERVICES", "PHYS_ADDR": "901 W 13TH ST", "ADDR_DESC": null, "CITY": "DEER PARK", "COUNTY": "HARRIS", "ZIP_CODE": "77536", "REGION": "REGION 12 - HOUSTON", "LAT_DD": 29.70018284, "LONG_DD": -95.13179123, "HORZ_METH": "ADDMAT_NUM", "HORZ_ACC": -9999, "HORZ_REF": "STRUC_CEN", "HORZ_DATE": "20070518", "HORZ_ORG": "TCEQ", "HORZ_DATUM": "NAD83", "HORZ_DESC": null, "dma_county": "Harris", "tceq_program": "vcp"}}, {"type": "Feature", "id": 1459308, "geometry": {"type": "Point", "coordinates": [-95.525727, 29.833518]}, "properties": {"OBJECTID": 1459308, "REM_PROG": "Voluntary Cleanup Program (VCP)", "RN": "RN103149167", "VCP_ID": 1592, "SITE_NAME": "PROLOGIS OFFICE WAREHOUSE", "PHYS_ADDR": "9414 CLAY RD", "ADDR_DESC": "9414 CLAY STREET 4301 4501 BLALOCK NEC OF CLAY STREET AND CAMPBELL RD", "CITY": "HOUSTON", "COUNTY": "HARRIS", "ZIP_CODE": "77080", "REGION": "REGION 12 - HOUSTON", "LAT_DD": 29.83351307, "LONG_DD": -95.52572026, "HORZ_METH": "ADDMAT_NUM", "HORZ_ACC": -9999, "HORZ_REF": "STRUC_CEN", "HORZ_DATE": "20030519", "HORZ_ORG": "TCEQ", "HORZ_DATUM": "NAD83", "HORZ_DESC": null, "dma_county": "Harris", "tceq_program": "vcp"}}, {"type": "Feature", "id": 1459309, "geometry": {"type": "Point", "coordinates": [-95.381235, 29.733932]}, "properties": {"OBJECTID": 1459309, "REM_PROG": "Voluntary Cleanup Program (VCP)", "RN": "RN102431400", "VCP_ID": 2907, "SITE_NAME": "MIDTOWN REDEVELOPMENT", "PHYS_ADDR": "4201 MAIN ST", "ADDR_DESC": "4201 AND 4202 MAIN ST 1017 4111 AND 4203 FANNIN ST 4200 SAN JACINTO ST", "CITY": "HOUSTON", "COUNTY": "HARRIS", "ZIP_CODE": "77002", "REGION": "REGION 12 - HOUSTON", "LAT_DD": 29.73392632, "LONG_DD": -95.38122788, "HORZ_METH": "DOQ", "HORZ_ACC": 5, "HORZ_REF": "FAC_CEN", "HORZ_DATE": "20171003", "HORZ_ORG": "TCEQ", "HORZ_DATUM": "NAD83", "HORZ_DESC": null, "dma_county": "Harris", "tceq_program": "vcp"}}, {"type": "Feature", "id": 1459312, "geometry": {"type": "Point", "coordinates": [-95.364332, 29.739097]}, "properties": {"OBJECTID": 1459312, "REM_PROG": "Voluntary Cleanup Program (VCP)", "RN": "RN102483542", "VCP_ID": 2803, "SITE_NAME": "ADMIRAL LINEN PLANT 2", "PHYS_ADDR": "2116 MCGOWEN ST", "ADDR_DESC": null, "CITY": "HOUSTON", "COUNTY": "HARRIS", "ZIP_CODE": "77004", "REGION": "REGION 12 - HOUSTON", "LAT_DD": 29.73909225, "LONG_DD": -95.36432535, "HORZ_METH": "ADDMAT_NUM", "HORZ_ACC": -9999, "HORZ_REF": "OTHER", "HORZ_DATE": "20160218", "HORZ_ORG": "TCEQ", "HORZ_DATUM": "NAD83", "HORZ_DESC": null, "dma_county": "Harris", "tceq_program": "vcp"}}, {"type": "Feature", "id": 1459314, "geometry": {"type": "Point", "coordinates": [-96.069701, 29.531061]}, "properties": {"OBJECTID": 1459314, "REM_PROG": "Voluntary Cleanup Program (VCP)", "RN": "RN103219283", "VCP_ID": 714, "SITE_NAME": "THE UNION MOTOR", "PHYS_ADDR": null, "ADDR_DESC": "843 MAIN STREET ABANDONED CAR DEALERSHIP", "CITY": "EAST BERNARD", "COUNTY": "WHARTON", "ZIP_CODE": null, "REGION": "REGION 12 - HOUSTON", "LAT_DD": 29.53105554, "LONG_DD": -96.06969348, "HORZ_METH": "ADDMAT_NUM", "HORZ_ACC": -9999, "HORZ_REF": "OTHER", "HORZ_DATE": "19980225", "HORZ_ORG": "TCEQ", "HORZ_DATUM": "NAD83", "HORZ_DESC": null, "dma_county": "Wharton", "tceq_program": "vcp"}}, {"type": "Feature", "id": 1459315, "geometry": {"type": "Point", "coordinates": [-95.442117, 29.784724]}, "properties": {"OBJECTID": 1459315, "REM_PROG": "Voluntary Cleanup Program (VCP)", "RN": "RN104479522", "VCP_ID": 1764, "SITE_NAME": "F W GARTNER PROPERTY", "PHYS_ADDR": "6900 OLD KATY RD", "ADDR_DESC": "NEC OLD KATY RD AND WALNE ST", "CITY": "HOUSTON", "COUNTY": "HARRIS", "ZIP_CODE": "77024", "REGION": "REGION 12 - HOUSTON", "LAT_DD": 29.78471887, "LONG_DD": -95.44211046, "HORZ_METH": "DOQ", "HORZ_ACC": 5, "HORZ_REF": "FAC_CEN", "HORZ_DATE": "20041210", "HORZ_ORG": "TCEQ", "HORZ_DATUM": "NAD83", "HORZ_DESC": null, "dma_county": "Harris", "tceq_program": "vcp"}}, {"type": "Feature", "id": 1459318, "geometry": {"type": "Point", "coordinates": [-95.381807, 29.819809]}, "properties": {"OBJECTID": 1459318, "REM_PROG": "Voluntary Cleanup Program (VCP)", "RN": "RN100683887", "VCP_ID": 1387, "SITE_NAME": "INSULATION MFG", "PHYS_ADDR": "1370 E 40TH ST", "ADDR_DESC": null, "CITY": "HOUSTON", "COUNTY": "HARRIS", "ZIP_CODE": "77022", "REGION": "REGION 12 - HOUSTON", "LAT_DD": 29.81980375, "LONG_DD": -95.38179973, "HORZ_METH": "DOQ", "HORZ_ACC": 5, "HORZ_REF": "STRUC_CEN", "HORZ_DATE": "20010910", "HORZ_ORG": "TCEQ", "HORZ_DATUM": "NAD83", "HORZ_DESC": null, "dma_county": "Harris", "tceq_program": "vcp"}}, {"type": "Feature", "id": 1459319, "geometry": {"type": "Point", "coordinates": [-95.019177, 29.547505]}, "properties": {"OBJECTID": 1459319, "REM_PROG": "Voluntary Cleanup Program (VCP)", "RN": "RN101461440", "VCP_ID": 451, "SITE_NAME": "JOE LEES SEAFOOD RESTAURANT", "PHYS_ADDR": null, "ADDR_DESC": "104 KIPP ABANONDED UST", "CITY": "KEMAH", "COUNTY": "GALVESTON", "ZIP_CODE": null, "REGION": "REGION 12 - HOUSTON", "LAT_DD": 29.547500000000003, "LONG_DD": -95.01917, "HORZ_METH": "UNKNOWN", "HORZ_ACC": -9999, "HORZ_REF": "OTHER", "HORZ_DATE": "19970123", "HORZ_ORG": "TCEQ", "HORZ_DATUM": "NAD83", "HORZ_DESC": null, "dma_county": "Galveston", "tceq_program": "vcp"}}, {"type": "Feature", "id": 1459322, "geometry": {"type": "Point", "coordinates": [-95.384887, 29.752731]}, "properties": {"OBJECTID": 1459322, "REM_PROG": "Voluntary Cleanup Program (VCP)", "RN": "RN102803756", "VCP_ID": 113, "SITE_NAME": "PILGRIM CLEANERS MASON STREET", "PHYS_ADDR": "1775 MASON ST", "ADDR_DESC": "1775 MASON ST", "CITY": "HOUSTON", "COUNTY": "HARRIS", "ZIP_CODE": "77019", "REGION": "REGION 12 - HOUSTON", "LAT_DD": 29.752726, "LONG_DD": -95.38488, "HORZ_METH": "ADDMAT_NUM", "HORZ_ACC": -9999, "HORZ_REF": "OTHER", "HORZ_DATE": "19951214", "HORZ_ORG": "TCEQ", "HORZ_DATUM": "NAD83", "HORZ_DESC": null, "dma_county": "Harris", "tceq_program": "vcp"}}, {"type": "Feature", "id": 1459324, "geometry": {"type": "Point", "coordinates": [-95.440035, 29.74129]}, "properties": {"OBJECTID": 1459324, "REM_PROG": "Voluntary Cleanup Program (VCP)", "RN": "RN102561479", "VCP_ID": 265, "SITE_NAME": "CRAIGS INTEREST", "PHYS_ADDR": "3735 WESTHEIMER RD", "ADDR_DESC": "3735 WESTHEIMER", "CITY": "HOUSTON", "COUNTY": "HARRIS", "ZIP_CODE": "77027", "REGION": "REGION 12 - HOUSTON", "LAT_DD": 29.74128455, "LONG_DD": -95.44002832, "HORZ_METH": "DOQ", "HORZ_ACC": 5, "HORZ_REF": "STRUC_CEN", "HORZ_DATE": "19960523", "HORZ_ORG": "TCEQ", "HORZ_DATUM": "NAD83", "HORZ_DESC": null, "dma_county": "Harris", "tceq_program": "vcp"}}, {"type": "Feature", "id": 1459325, "geometry": {"type": "Point", "coordinates": [-95.293551, 29.65212]}, "properties": {"OBJECTID": 1459325, "REM_PROG": "Voluntary Cleanup Program (VCP)", "RN": "RN101054070", "VCP_ID": 624, "SITE_NAME": "PROPOSED LAMONS GASKET PROPERTY", "PHYS_ADDR": "7300 AIRPORT BLVD", "ADDR_DESC": "INTERSECTION AIRPORT BLVD TEWANTIN DRIVE", "CITY": "HOUSTON", "COUNTY": "HARRIS", "ZIP_CODE": "77061", "REGION": "REGION 12 - HOUSTON", "LAT_DD": 29.65211464, "LONG_DD": -95.2935441, "HORZ_METH": "ADDMAT_NUM", "HORZ_ACC": -9999, "HORZ_REF": "STRUC_CEN", "HORZ_DATE": "19971001", "HORZ_ORG": "TCEQ", "HORZ_DATUM": "NAD83", "HORZ_DESC": null, "dma_county": "Harris", "tceq_program": "vcp"}}, {"type": "Feature", "id": 1459326, "geometry": {"type": "Point", "coordinates": [-95.150837, 29.681945]}, "properties": {"OBJECTID": 1459326, "REM_PROG": "Voluntary Cleanup Program (VCP)", "RN": "RN101461184", "VCP_ID": 738, "SITE_NAME": "RED BLUFF ROAD PROPERTY", "PHYS_ADDR": null, "ADDR_DESC": "RED BLUFF AND PASADENA BOULEVARD VACANT TRACT 34 ACRES", "CITY": "PASADENA", "COUNTY": "HARRIS", "ZIP_CODE": null, "REGION": "REGION 12 - HOUSTON", "LAT_DD": 29.681939999999997, "LONG_DD": -95.15083, "HORZ_METH": "ADDMAT_INT", "HORZ_ACC": -9999, "HORZ_REF": "OTHER", "HORZ_DATE": "19980330", "HORZ_ORG": "TCEQ", "HORZ_DATUM": "NAD83", "HORZ_DESC": null, "dma_county": "Harris", "tceq_program": "vcp"}}, {"type": "Feature", "id": 1459327, "geometry": {"type": "Point", "coordinates": [-95.455913, 29.786806]}, "properties": {"OBJECTID": 1459327, "REM_PROG": "Voluntary Cleanup Program (VCP)", "RN": "RN102644564", "VCP_ID": 1145, "SITE_NAME": "POST OAK MEMORIAL OFFICE PARK", "PHYS_ADDR": "1110 N POST OAK RD", "ADDR_DESC": "1110 NORTH POST OAK ROAD", "CITY": "HOUSTON", "COUNTY": "HARRIS", "ZIP_CODE": "77055", "REGION": "REGION 12 - HOUSTON", "LAT_DD": 29.78680062, "LONG_DD": -95.45590596, "HORZ_METH": "ADDMAT_NUM", "HORZ_ACC": -9999, "HORZ_REF": "FAC_CEN", "HORZ_DATE": "20000216", "HORZ_ORG": "TCEQ", "HORZ_DATUM": "NAD83", "HORZ_DESC": null, "dma_county": "Harris", "tceq_program": "vcp"}}, {"type": "Feature", "id": 1459328, "geometry": {"type": "Point", "coordinates": [-95.365963, 29.754822]}, "properties": {"OBJECTID": 1459328, "REM_PROG": "Voluntary Cleanup Program (VCP)", "RN": "RN106989379", "VCP_ID": 2769, "SITE_NAME": "GREENSTREET", "PHYS_ADDR": "1215 MAIN ST", "ADDR_DESC": "1215 MAIN ST", "CITY": "HOUSTON", "COUNTY": "HARRIS", "ZIP_CODE": "77002", "REGION": "REGION 12 - HOUSTON", "LAT_DD": 29.75481692, "LONG_DD": -95.36595585, "HORZ_METH": "DOQ", "HORZ_ACC": 5, "HORZ_REF": "OTHER", "HORZ_DATE": "20150826", "HORZ_ORG": "TCEQ", "HORZ_DATUM": "NAD83", "HORZ_DESC": null, "dma_county": "Harris", "tceq_program": "vcp"}}, {"type": "Feature", "id": 1459330, "geometry": {"type": "Point", "coordinates": [-95.379895, 29.729785]}, "properties": {"OBJECTID": 1459330, "REM_PROG": "Voluntary Cleanup Program (VCP)", "RN": "RN100890805", "VCP_ID": 2735, "SITE_NAME": "1501 BLODGETT STREET", "PHYS_ADDR": "1501 BLODGETT ST", "ADDR_DESC": "1501 BLODGETT", "CITY": "HOUSTON", "COUNTY": "HARRIS", "ZIP_CODE": "77004", "REGION": "REGION 12 - HOUSTON", "LAT_DD": 29.72977973, "LONG_DD": -95.37988786, "HORZ_METH": "ADDMAT_NUM", "HORZ_ACC": -9999, "HORZ_REF": "OTHER", "HORZ_DATE": "20150325", "HORZ_ORG": "TCEQ", "HORZ_DATUM": "NAD83", "HORZ_DESC": null, "dma_county": "Harris", "tceq_program": "vcp"}}, {"type": "Feature", "id": 1459331, "geometry": {"type": "Point", "coordinates": [-95.351192, 29.699326]}, "properties": {"OBJECTID": 1459331, "REM_PROG": "Voluntary Cleanup Program (VCP)", "RN": "RN102331600", "VCP_ID": 2191, "SITE_NAME": "DIXIE CULLEN INTERESTS", "PHYS_ADDR": "4300 DIXIE DR", "ADDR_DESC": "4300 Dixie Dr, Houston, TX", "CITY": "HOUSTON", "COUNTY": "HARRIS", "ZIP_CODE": "77021", "REGION": "REGION 12 - HOUSTON", "LAT_DD": 29.6993212, "LONG_DD": -95.35118508, "HORZ_METH": "ADDMAT_NUM", "HORZ_ACC": -9999, "HORZ_REF": "OTHER", "HORZ_DATE": "20080625", "HORZ_ORG": "TCEQ", "HORZ_DATUM": "NAD83", "HORZ_DESC": null, "dma_county": "Harris", "tceq_program": "vcp"}}, {"type": "Feature", "id": 1459332, "geometry": {"type": "Point", "coordinates": [-95.257272, 29.711951]}, "properties": {"OBJECTID": 1459332, "REM_PROG": "Voluntary Cleanup Program (VCP)", "RN": "RN101052645", "VCP_ID": 887, "SITE_NAME": "CHARTER INTERNATIONAL OIL RESE", "PHYS_ADDR": "1505 CENTRAL ST", "ADDR_DESC": "1505 CENTRAL AVENUE", "CITY": "HOUSTON", "COUNTY": "HARRIS", "ZIP_CODE": "77012", "REGION": "REGION 12 - HOUSTON", "LAT_DD": 29.71194587, "LONG_DD": -95.25726475, "HORZ_METH": "DOQ", "HORZ_ACC": 5, "HORZ_REF": "OTHER", "HORZ_DATE": "19981211", "HORZ_ORG": "TCEQ", "HORZ_DATUM": "NAD83", "HORZ_DESC": null, "dma_county": "Harris", "tceq_program": "vcp"}}, {"type": "Feature", "id": 1459336, "geometry": {"type": "Point", "coordinates": [-95.384858, 29.77326]}, "properties": {"OBJECTID": 1459336, "REM_PROG": "Voluntary Cleanup Program (VCP)", "RN": "RN100926724", "VCP_ID": 2260, "SITE_NAME": "COOKPAINT AND VARNISH", "PHYS_ADDR": "2510 SUMMER ST", "ADDR_DESC": "2510 SUMMER", "CITY": "HOUSTON", "COUNTY": "HARRIS", "ZIP_CODE": "77007", "REGION": "REGION 12 - HOUSTON", "LAT_DD": 29.7732546, "LONG_DD": -95.38485114, "HORZ_METH": "ADDMAT_NUM", "HORZ_ACC": -9999, "HORZ_REF": "STRUC_CEN", "HORZ_DATE": "20090415", "HORZ_ORG": "TCEQ", "HORZ_DATUM": "NAD83", "HORZ_DESC": null, "dma_county": "Harris", "tceq_program": "vcp"}}, {"type": "Feature", "id": 1459338, "geometry": {"type": "Point", "coordinates": [-95.464844, 29.787577]}, "properties": {"OBJECTID": 1459338, "REM_PROG": "Voluntary Cleanup Program (VCP)", "RN": "RN101474880", "VCP_ID": 221, "SITE_NAME": "CAMERON - KATY ROAD FACILITY", "PHYS_ADDR": "1000 SILBER RD", "ADDR_DESC": "1000 SILBER ROAD", "CITY": "HOUSTON", "COUNTY": "HARRIS", "ZIP_CODE": "77055", "REGION": "REGION 12 - HOUSTON", "LAT_DD": 29.78757163, "LONG_DD": -95.46483679, "HORZ_METH": "DOQ", "HORZ_ACC": 5, "HORZ_REF": "FAC_CEN", "HORZ_DATE": "19960401", "HORZ_ORG": "TCEQ", "HORZ_DATUM": "NAD83", "HORZ_DESC": null, "dma_county": "Harris", "tceq_program": "vcp"}}, {"type": "Feature", "id": 1459343, "geometry": {"type": "Point", "coordinates": [-95.339177, 28.991395]}, "properties": {"OBJECTID": 1459343, "REM_PROG": "Voluntary Cleanup Program (VCP)", "RN": "RN101461580", "VCP_ID": 675, "SITE_NAME": "DOW CHEMICAL - OYSTER CREEK", "PHYS_ADDR": null, "ADDR_DESC": "1/2 MILE WEST OF STATE HIGHWAY 523 SPILL IN CONSTRUCTION DITCH", "CITY": "OYSTER CREEK", "COUNTY": "BRAZORIA", "ZIP_CODE": null, "REGION": "REGION 12 - HOUSTON", "LAT_DD": 28.99139, "LONG_DD": -95.33917, "HORZ_METH": "UNKNOWN", "HORZ_ACC": -9999, "HORZ_REF": "OTHER", "HORZ_DATE": "19971223", "HORZ_ORG": "TCEQ", "HORZ_DATUM": "NAD83", "HORZ_DESC": null, "dma_county": "Brazoria", "tceq_program": "vcp"}}, {"type": "Feature", "id": 1459346, "geometry": {"type": "Point", "coordinates": [-95.518796, 29.736915]}, "properties": {"OBJECTID": 1459346, "REM_PROG": "Voluntary Cleanup Program (VCP)", "RN": "RN104378666", "VCP_ID": 1732, "SITE_NAME": "BAHR INTERESTS", "PHYS_ADDR": "8603 WESTHEIMER RD", "ADDR_DESC": "SOUTH SIDE OF WESTHEIMER AT INTERSECTION OF LAZY HOLLOW", "CITY": "HOUSTON", "COUNTY": "HARRIS", "ZIP_CODE": "77063", "REGION": "REGION 12 - HOUSTON", "LAT_DD": 29.73690976, "LONG_DD": -95.51878869, "HORZ_METH": "ADDMAT_NUM", "HORZ_ACC": -9999, "HORZ_REF": "OTHER", "HORZ_DATE": "20040818", "HORZ_ORG": "TCEQ", "HORZ_DATUM": "NAD83", "HORZ_DESC": null, "dma_county": "Harris", "tceq_program": "vcp"}}, {"type": "Feature", "id": 1459353, "geometry": {"type": "Point", "coordinates": [-95.606881, 29.773381]}, "properties": {"OBJECTID": 1459353, "REM_PROG": "Voluntary Cleanup Program (VCP)", "RN": "RN100657675", "VCP_ID": 2596, "SITE_NAME": "PROPOSED CHICK-FIL-A RESTAURANT #3334", "PHYS_ADDR": "753 DAIRY ASHFORD RD", "ADDR_DESC": "753 Dairy Ashford St, Houston, TX", "CITY": "HOUSTON", "COUNTY": "HARRIS", "ZIP_CODE": "77079", "REGION": "REGION 12 - HOUSTON", "LAT_DD": 29.77337627, "LONG_DD": -95.60687397, "HORZ_METH": "ADDMAT_NUM", "HORZ_ACC": -9999, "HORZ_REF": "OTHER", "HORZ_DATE": "20130723", "HORZ_ORG": "TCEQ", "HORZ_DATUM": "NAD83", "HORZ_DESC": null, "dma_county": "Harris", "tceq_program": "vcp"}}, {"type": "Feature", "id": 1459354, "geometry": {"type": "Point", "coordinates": [-95.555186, 29.786394]}, "properties": {"OBJECTID": 1459354, "REM_PROG": "Voluntary Cleanup Program (VCP)", "RN": "RN100663798", "VCP_ID": 191, "SITE_NAME": "VACANT 7.415 ACRE TRACT", "PHYS_ADDR": "10420 KATY FWY", "ADDR_DESC": "10420 OLD KATY ROAD", "CITY": "HOUSTON", "COUNTY": "HARRIS", "ZIP_CODE": "77043", "REGION": "REGION 12 - HOUSTON", "LAT_DD": 29.78638864, "LONG_DD": -95.55517936, "HORZ_METH": "DOQ", "HORZ_ACC": 5, "HORZ_REF": "FAC_CEN", "HORZ_DATE": "19960227", "HORZ_ORG": "TCEQ", "HORZ_DATUM": "NAD83", "HORZ_DESC": null, "dma_county": "Harris", "tceq_program": "vcp"}}, {"type": "Feature", "id": 1459367, "geometry": {"type": "Point", "coordinates": [-95.532207, 29.968305]}, "properties": {"OBJECTID": 1459367, "REM_PROG": "Voluntary Cleanup Program (VCP)", "RN": "RN104452909", "VCP_ID": 1754, "SITE_NAME": "CUTTEN RD AND FM 1960", "PHYS_ADDR": null, "ADDR_DESC": "COMMERCIAL PROPERTIES BETWEEN 6949 & 6817 FM 1960 (ODD #S, INCLUDING FORMER MINKS DRY CLEAN).", "CITY": "HOUSTON", "COUNTY": "HARRIS", "ZIP_CODE": null, "REGION": "REGION 12 - HOUSTON", "LAT_DD": 29.968300000000003, "LONG_DD": -95.5322, "HORZ_METH": "ADDMAT_NUM", "HORZ_ACC": -9999, "HORZ_REF": "OTHER", "HORZ_DATE": "20041108", "HORZ_ORG": "TCEQ", "HORZ_DATUM": "NAD83", "HORZ_DESC": null, "dma_county": "Harris", "tceq_program": "vcp"}}, {"type": "Feature", "id": 1459369, "geometry": {"type": "Point", "coordinates": [-95.119568, 29.750239]}, "properties": {"OBJECTID": 1459369, "REM_PROG": "Voluntary Cleanup Program (VCP)", "RN": "RN101461622", "VCP_ID": 489, "SITE_NAME": "ZAPATA OFFSHORE PROPERTY", "PHYS_ADDR": null, "ADDR_DESC": "15919 JACINTOPORT BOULEVARD OFFSHORE DRILLING FACILITY", "CITY": "CHANNELVIEW", "COUNTY": "HARRIS", "ZIP_CODE": null, "REGION": "REGION 12 - HOUSTON", "LAT_DD": 29.75023428, "LONG_DD": -95.11956147, "HORZ_METH": "ADDMAT_NUM", "HORZ_ACC": -9999, "HORZ_REF": "STRUC_CEN", "HORZ_DATE": "19970313", "HORZ_ORG": "TCEQ", "HORZ_DATUM": "NAD83", "HORZ_DESC": null, "dma_county": "Harris", "tceq_program": "vcp"}}, {"type": "Feature", "id": 1459373, "geometry": {"type": "Point", "coordinates": [-95.52107, 29.792606]}, "properties": {"OBJECTID": 1459373, "REM_PROG": "Voluntary Cleanup Program (VCP)", "RN": "RN102644242", "VCP_ID": 1463, "SITE_NAME": "DILLEYS DRY CLEANERS", "PHYS_ADDR": "1304 BLALOCK RD STE F", "ADDR_DESC": null, "CITY": "HOUSTON", "COUNTY": "HARRIS", "ZIP_CODE": "77055", "REGION": "REGION 12 - HOUSTON", "LAT_DD": 29.7926007, "LONG_DD": -95.52106327, "HORZ_METH": "ADDMAT_NUM", "HORZ_ACC": -9999, "HORZ_REF": "FAC_CEN", "HORZ_DATE": "20020422", "HORZ_ORG": "TCEQ", "HORZ_DATUM": "NAD83", "HORZ_DESC": null, "dma_county": "Harris", "tceq_program": "vcp"}}, {"type": "Feature", "id": 1459387, "geometry": {"type": "Point", "coordinates": [-95.037367, 29.658087]}, "properties": {"OBJECTID": 1459387, "REM_PROG": "Voluntary Cleanup Program (VCP)", "RN": "RN100696046", "VCP_ID": 966, "SITE_NAME": "FISHER SERVICE LA PORTE", "PHYS_ADDR": "1831 W E ST", "ADDR_DESC": "1831 W East St, La Porte, TX", "CITY": "LA PORTE", "COUNTY": "HARRIS", "ZIP_CODE": "77571", "REGION": "REGION 12 - HOUSTON", "LAT_DD": 29.65808144, "LONG_DD": -95.03736016, "HORZ_METH": "DOQ", "HORZ_ACC": 5, "HORZ_REF": "FAC_CEN", "HORZ_DATE": "19990423", "HORZ_ORG": "TCEQ", "HORZ_DATUM": "NAD83", "HORZ_DESC": null, "dma_county": "Harris", "tceq_program": "vcp"}}, {"type": "Feature", "id": 1459388, "geometry": {"type": "Point", "coordinates": [-95.304385, 29.623839]}, "properties": {"OBJECTID": 1459388, "REM_PROG": "Voluntary Cleanup Program (VCP)", "RN": "RN102003977", "VCP_ID": 1430, "SITE_NAME": "GULF METALS SITE", "PHYS_ADDR": "6712 TELEAN ST", "ADDR_DESC": null, "CITY": "HOUSTON", "COUNTY": "HARRIS", "ZIP_CODE": "77075", "REGION": "REGION 12 - HOUSTON", "LAT_DD": 29.62383358, "LONG_DD": -95.30437758, "HORZ_METH": "DOQ", "HORZ_ACC": 5, "HORZ_REF": "FAC_CEN", "HORZ_DATE": "20011228", "HORZ_ORG": "TCEQ", "HORZ_DATUM": "NAD83", "HORZ_DESC": null, "dma_county": "Harris", "tceq_program": "vcp"}}, {"type": "Feature", "id": 1459389, "geometry": {"type": "Point", "coordinates": [-95.329902, 29.70876]}, "properties": {"OBJECTID": 1459389, "REM_PROG": "Voluntary Cleanup Program (VCP)", "RN": "RN102581618", "VCP_ID": 590, "SITE_NAME": "THE RECTORSEAL", "PHYS_ADDR": "2830 PRODUCE ROW", "ADDR_DESC": "2830 PRODUCE ROW", "CITY": "HOUSTON", "COUNTY": "HARRIS", "ZIP_CODE": "77023", "REGION": "REGION 12 - HOUSTON", "LAT_DD": 29.7087552, "LONG_DD": -95.32989518, "HORZ_METH": "ADDMAT_NUM", "HORZ_ACC": -9999, "HORZ_REF": "OTHER", "HORZ_DATE": "19970808", "HORZ_ORG": "TCEQ", "HORZ_DATUM": "NAD83", "HORZ_DESC": null, "dma_county": "Harris", "tceq_program": "vcp"}}, {"type": "Feature", "id": 1459393, "geometry": {"type": "Point", "coordinates": [-95.441804, 29.78993]}, "properties": {"OBJECTID": 1459393, "REM_PROG": "Voluntary Cleanup Program (VCP)", "RN": "RN104068374", "VCP_ID": 1931, "SITE_NAME": "AQUA DYNE", "PHYS_ADDR": "3620 W 11TH ST", "ADDR_DESC": null, "CITY": "HOUSTON", "COUNTY": "HARRIS", "ZIP_CODE": "77008", "REGION": "REGION 12 - HOUSTON", "LAT_DD": 29.78992452, "LONG_DD": -95.44179694, "HORZ_METH": "ADDMAT_NUM", "HORZ_ACC": -9999, "HORZ_REF": "STRUC_CEN", "HORZ_DATE": "20060519", "HORZ_ORG": "TCEQ", "HORZ_DATUM": "NAD83", "HORZ_DESC": null, "dma_county": "Harris", "tceq_program": "vcp"}}, {"type": "Feature", "id": 1459403, "geometry": {"type": "Point", "coordinates": [-95.445455, 29.638276]}, "properties": {"OBJECTID": 1459403, "REM_PROG": "Voluntary Cleanup Program (VCP)", "RN": "RN100633916", "VCP_ID": 1682, "SITE_NAME": "4 ACRE PROPERTY NEAR DRY CLEANER", "PHYS_ADDR": "13015 HIRAM CLARKE RD", "ADDR_DESC": "NEC HIRAM CLARKE RD AND BROOKSTONE ST", "CITY": "HOUSTON", "COUNTY": "HARRIS", "ZIP_CODE": "77045", "REGION": "REGION 12 - HOUSTON", "LAT_DD": 29.63827047, "LONG_DD": -95.44544817, "HORZ_METH": "DOQ", "HORZ_ACC": 5, "HORZ_REF": "FAC_CEN", "HORZ_DATE": "20040218", "HORZ_ORG": "TCEQ", "HORZ_DATUM": "NAD83", "HORZ_DESC": null, "dma_county": "Harris", "tceq_program": "vcp"}}, {"type": "Feature", "id": 1459411, "geometry": {"type": "Point", "coordinates": [-95.396937, 29.751286]}, "properties": {"OBJECTID": 1459411, "REM_PROG": "Voluntary Cleanup Program (VCP)", "RN": "RN101461481", "VCP_ID": 724, "SITE_NAME": "BLACKWELL AND EASTRIDGE, INC.", "PHYS_ADDR": "1819 WAUGH DR", "ADDR_DESC": "1819 WAUGH DRIVE", "CITY": "HOUSTON", "COUNTY": "HARRIS", "ZIP_CODE": "77006", "REGION": "REGION 12 - HOUSTON", "LAT_DD": 29.75128064, "LONG_DD": -95.39693008, "HORZ_METH": "ADDMAT_NUM", "HORZ_ACC": -9999, "HORZ_REF": "OTHER", "HORZ_DATE": "19980310", "HORZ_ORG": "TCEQ", "HORZ_DATUM": "NAD83", "HORZ_DESC": null, "dma_county": "Harris", "tceq_program": "vcp"}}, {"type": "Feature", "id": 1459417, "geometry": {"type": "Point", "coordinates": [-95.56177, 29.788851]}, "properties": {"OBJECTID": 1459417, "REM_PROG": "Voluntary Cleanup Program (VCP)", "RN": "RN101474641", "VCP_ID": 126, "SITE_NAME": "TOWN AND COUNTRY SQUARE", "PHYS_ADDR": "1000 W SAM HOUSTON PKWY N", "ADDR_DESC": "1000 WEST SAM HOUSTON PARKWAY", "CITY": "HOUSTON", "COUNTY": "HARRIS", "ZIP_CODE": "77043", "REGION": "REGION 12 - HOUSTON", "LAT_DD": 29.78884578, "LONG_DD": -95.56176246, "HORZ_METH": "ADDMAT_NUM", "HORZ_ACC": -9999, "HORZ_REF": "OTHER", "HORZ_DATE": "19960212", "HORZ_ORG": "TCEQ", "HORZ_DATUM": "NAD83", "HORZ_DESC": null, "dma_county": "Harris", "tceq_program": "vcp"}}, {"type": "Feature", "id": 1459418, "geometry": {"type": "Point", "coordinates": [-95.248547, 29.64662]}, "properties": {"OBJECTID": 1459418, "REM_PROG": "Voluntary Cleanup Program (VCP)", "RN": "RN100636752", "VCP_ID": 1413, "SITE_NAME": "ENGINE REBUILDING", "PHYS_ADDR": "10010 GULF FWY", "ADDR_DESC": "10010 Gulf Freeway, Houston, Tx  77034", "CITY": "HOUSTON", "COUNTY": "HARRIS", "ZIP_CODE": "77034", "REGION": "REGION 12 - HOUSTON", "LAT_DD": 29.64661479, "LONG_DD": -95.2485404, "HORZ_METH": "ADDMAT_NUM", "HORZ_ACC": -9999, "HORZ_REF": "STRUC_CEN", "HORZ_DATE": "20011205", "HORZ_ORG": "TCEQ", "HORZ_DATUM": "NAD83", "HORZ_DESC": null, "dma_county": "Harris", "tceq_program": "vcp"}}, {"type": "Feature", "id": 1459419, "geometry": {"type": "Point", "coordinates": [-95.557197, 29.629191]}, "properties": {"OBJECTID": 1459419, "REM_PROG": "Voluntary Cleanup Program (VCP)", "RN": "RN101053874", "VCP_ID": 967, "SITE_NAME": "CASH ROAD CONSTRUCTION", "PHYS_ADDR": "10130 CASH RD", "ADDR_DESC": "10130 CASH ROAD", "CITY": "STAFFORD", "COUNTY": "FORT BEND", "ZIP_CODE": "77477", "REGION": "REGION 12 - HOUSTON", "LAT_DD": 29.62918613, "LONG_DD": -95.55719038, "HORZ_METH": "DOQ", "HORZ_ACC": 5, "HORZ_REF": "STRUC_CEN", "HORZ_DATE": "19990426", "HORZ_ORG": "TCEQ", "HORZ_DATUM": "NAD83", "HORZ_DESC": null, "dma_county": "Fort Bend", "tceq_program": "vcp"}}, {"type": "Feature", "id": 1459420, "geometry": {"type": "Point", "coordinates": [-95.391342, 29.964564]}, "properties": {"OBJECTID": 1459420, "REM_PROG": "Voluntary Cleanup Program (VCP)", "RN": "RN101059301", "VCP_ID": 1904, "SITE_NAME": "DRESSER FLOW CONTROL TEXSTREAM OPERATIONS", "PHYS_ADDR": "1020 RANKIN RD", "ADDR_DESC": "1020 Rankin Rd, Houston, TX", "CITY": "HOUSTON", "COUNTY": "HARRIS", "ZIP_CODE": "77073", "REGION": "REGION 12 - HOUSTON", "LAT_DD": 29.96455911, "LONG_DD": -95.39133496, "HORZ_METH": "ADDMAT_NUM", "HORZ_ACC": -9999, "HORZ_REF": "STRUC_CEN", "HORZ_DATE": "20060216", "HORZ_ORG": "TCEQ", "HORZ_DATUM": "NAD83", "HORZ_DESC": null, "dma_county": "Harris", "tceq_program": "vcp"}}, {"type": "Feature", "id": 1459428, "geometry": {"type": "Point", "coordinates": [-95.343308, 29.742228]}, "properties": {"OBJECTID": 1459428, "REM_PROG": "Voluntary Cleanup Program (VCP)", "RN": "RN103146494", "VCP_ID": 1648, "SITE_NAME": "COMPRESSOR SEAL RING MANUFACTURE", "PHYS_ADDR": "1212 MILBY ST", "ADDR_DESC": "3/4 MILE SOUTHEAST OF I-59 AND I-45 INTERCHANGE; NORTH 850 FT ON SCOTT FROM I-45; EAST 900 FT ON POLK FROM SCOTT; NORTH 250 FT ON MILBY FROM POLK; ON WEST SIDE OF STREET, SOUTH OF RAILROAD", "CITY": "HOUSTON", "COUNTY": "HARRIS", "ZIP_CODE": "77023", "REGION": "REGION 12 - HOUSTON", "LAT_DD": 29.74222268, "LONG_DD": -95.3433007, "HORZ_METH": "ADDMAT_NUM", "HORZ_ACC": -9999, "HORZ_REF": "STRUC_CEN", "HORZ_DATE": "20031016", "HORZ_ORG": "TCEQ", "HORZ_DATUM": "NAD83", "HORZ_DESC": null, "dma_county": "Harris", "tceq_program": "vcp"}}, {"type": "Feature", "id": 1459429, "geometry": {"type": "Point", "coordinates": [-95.371131, 29.769321]}, "properties": {"OBJECTID": 1459429, "REM_PROG": "Voluntary Cleanup Program (VCP)", "RN": "RN100688845", "VCP_ID": 1967, "SITE_NAME": "TRIPLE D UNIFORM", "PHYS_ADDR": "1216 HOUSTON AVE", "ADDR_DESC": null, "CITY": "HOUSTON", "COUNTY": "HARRIS", "ZIP_CODE": "77007", "REGION": "REGION 12 - HOUSTON", "LAT_DD": 29.7693158, "LONG_DD": -95.37112357, "HORZ_METH": "ADDMAT_NUM", "HORZ_ACC": -9999, "HORZ_REF": "FAC_CEN", "HORZ_DATE": "20060919", "HORZ_ORG": "TCEQ", "HORZ_DATUM": "NAD83", "HORZ_DESC": null, "dma_county": "Harris", "tceq_program": "vcp"}}, {"type": "Feature", "id": 1459433, "geometry": {"type": "Point", "coordinates": [-95.349439, 29.774158]}, "properties": {"OBJECTID": 1459433, "REM_PROG": "Voluntary Cleanup Program (VCP)", "RN": "RN100865567", "VCP_ID": 1553, "SITE_NAME": "RUBBER MANUFACTURING", "PHYS_ADDR": "1422 MAURY ST", "ADDR_DESC": "MAURY STREET BETWEEN HARDY AND BURNETT STREETS", "CITY": "HOUSTON", "COUNTY": "HARRIS", "ZIP_CODE": "77026", "REGION": "REGION 12 - HOUSTON", "LAT_DD": 29.77415308, "LONG_DD": -95.34943249, "HORZ_METH": "ADDMAT_NUM", "HORZ_ACC": -9999, "HORZ_REF": "OTHER", "HORZ_DATE": "20030103", "HORZ_ORG": "TCEQ", "HORZ_DATUM": "NAD83", "HORZ_DESC": null, "dma_county": "Harris", "tceq_program": "vcp"}}, {"type": "Feature", "id": 1459434, "geometry": {"type": "Point", "coordinates": [-95.232451, 30.04869]}, "properties": {"OBJECTID": 1459434, "REM_PROG": "Voluntary Cleanup Program (VCP)", "RN": "RN101460996", "VCP_ID": 970, "SITE_NAME": "THE MARKET PLACE - KINGWOOD SH", "PHYS_ADDR": "1522 KINGWOOD DR", "ADDR_DESC": "1522 - 1580 KINGWOOD DRIVE", "CITY": "KINGWOOD", "COUNTY": "HARRIS", "ZIP_CODE": "77339", "REGION": "REGION 12 - HOUSTON", "LAT_DD": 30.04868452, "LONG_DD": -95.23244354, "HORZ_METH": "ADDMAT_NUM", "HORZ_ACC": -9999, "HORZ_REF": "STRUC_CEN", "HORZ_DATE": "19990430", "HORZ_ORG": "TCEQ", "HORZ_DATUM": "NAD83", "HORZ_DESC": null, "dma_county": "Harris", "tceq_program": "vcp"}}, {"type": "Feature", "id": 1459436, "geometry": {"type": "Point", "coordinates": [-95.118805, 29.80856]}, "properties": {"OBJECTID": 1459436, "REM_PROG": "Voluntary Cleanup Program (VCP)", "RN": "RN105298137", "VCP_ID": 2079, "SITE_NAME": "CHANNELVIEW METAL STORAGE YARD", "PHYS_ADDR": "16003 WOOD DR", "ADDR_DESC": "EAST OF SHELDON RD ON THE NORTH SIDE OF WOOD RD AND EAST OF THE RAILROAD", "CITY": "CHANNELVIEW", "COUNTY": "HARRIS", "ZIP_CODE": "77530", "REGION": "REGION 12 - HOUSTON", "LAT_DD": 29.80855478, "LONG_DD": -95.11879831, "HORZ_METH": "ADDMAT_NUM", "HORZ_ACC": -9999, "HORZ_REF": "FAC_CEN", "HORZ_DATE": "20070627", "HORZ_ORG": "TCEQ", "HORZ_DATUM": "NAD83", "HORZ_DESC": null, "dma_county": "Harris", "tceq_program": "vcp"}}, {"type": "Feature", "id": 1459440, "geometry": {"type": "Point", "coordinates": [-95.347292, 29.771106]}, "properties": {"OBJECTID": 1459440, "REM_PROG": "Voluntary Cleanup Program (VCP)", "RN": "RN105626675", "VCP_ID": 2602, "SITE_NAME": "2104 LYONS AVE", "PHYS_ADDR": "2104 LYONS AVE", "ADDR_DESC": null, "CITY": "HOUSTON", "COUNTY": "HARRIS", "ZIP_CODE": "77020", "REGION": "REGION 12 - HOUSTON", "LAT_DD": 29.77110099, "LONG_DD": -95.34728495, "HORZ_METH": "DOQ", "HORZ_ACC": 5, "HORZ_REF": "FAC_CEN", "HORZ_DATE": "20130812", "HORZ_ORG": "TCEQ", "HORZ_DATUM": "NAD83", "HORZ_DESC": null, "dma_county": "Harris", "tceq_program": "vcp"}}, {"type": "Feature", "id": 1459445, "geometry": {"type": "Point", "coordinates": [-95.46186, 30.008888]}, "properties": {"OBJECTID": 1459445, "REM_PROG": "Voluntary Cleanup Program (VCP)", "RN": "RN101474922", "VCP_ID": 236, "SITE_NAME": "SUMMIT NORTHGATE RESTRICTED RE", "PHYS_ADDR": "2204A FM 1960 RD # A", "ADDR_DESC": "2204A, B, C FM 1960", "CITY": "HOUSTON", "COUNTY": "HARRIS", "ZIP_CODE": "77073", "REGION": "REGION 12 - HOUSTON", "LAT_DD": 30.00888271, "LONG_DD": -95.46185247, "HORZ_METH": "ADDMAT_NUM", "HORZ_ACC": -9999, "HORZ_REF": "STRUC_CEN", "HORZ_DATE": "19960418", "HORZ_ORG": "TCEQ", "HORZ_DATUM": "NAD83", "HORZ_DESC": null, "dma_county": "Harris", "tceq_program": "vcp"}}, {"type": "Feature", "id": 1459448, "geometry": {"type": "Point", "coordinates": [-95.349039, 29.756586]}, "properties": {"OBJECTID": 1459448, "REM_PROG": "Voluntary Cleanup Program (VCP)", "RN": "RN101053627", "VCP_ID": 1334, "SITE_NAME": "6.227 ACRE WAREHOUSE PROPERTY", "PHYS_ADDR": "2410 COMMERCE ST", "ADDR_DESC": null, "CITY": "HOUSTON", "COUNTY": "HARRIS", "ZIP_CODE": "77003", "REGION": "REGION 12 - HOUSTON", "LAT_DD": 29.756580999999997, "LONG_DD": -95.3490319, "HORZ_METH": "ADDMAT_NUM", "HORZ_ACC": -9999, "HORZ_REF": "OTHER", "HORZ_DATE": "20010320", "HORZ_ORG": "TCEQ", "HORZ_DATUM": "NAD83", "HORZ_DESC": null, "dma_county": "Harris", "tceq_program": "vcp"}}, {"type": "Feature", "id": 1459458, "geometry": {"type": "Point", "coordinates": [-95.244446, 29.70405]}, "properties": {"OBJECTID": 1459458, "REM_PROG": "Voluntary Cleanup Program (VCP)", "RN": "RN100560184", "VCP_ID": 802, "SITE_NAME": "GARNER ENVIRONMENTAL SERVICES", "PHYS_ADDR": "314 ALLEN GENOA RD", "ADDR_DESC": "314 ALLEN GENOA RD HOUSTON TX", "CITY": "HOUSTON", "COUNTY": "HARRIS", "ZIP_CODE": "77017", "REGION": "REGION 12 - HOUSTON", "LAT_DD": 29.70404455, "LONG_DD": -95.24443875, "HORZ_METH": "ADDMAT_NUM", "HORZ_ACC": -9999, "HORZ_REF": "STRUC_CEN", "HORZ_DATE": "19980709", "HORZ_ORG": "TCEQ", "HORZ_DATUM": "NAD83", "HORZ_DESC": null, "dma_county": "Harris", "tceq_program": "vcp"}}, {"type": "Feature", "id": 1459465, "geometry": {"type": "Point", "coordinates": [-95.391699, 29.765067]}, "properties": {"OBJECTID": 1459465, "REM_PROG": "Voluntary Cleanup Program (VCP)", "RN": "RN101053395", "VCP_ID": 493, "SITE_NAME": "SACKS PURCHASE", "PHYS_ADDR": "400 STUDEMONT ST", "ADDR_DESC": "400 AND 500 BLOCKS STUDEMONT STREET", "CITY": "HOUSTON", "COUNTY": "HARRIS", "ZIP_CODE": "77007", "REGION": "REGION 12 - HOUSTON", "LAT_DD": 29.76506172, "LONG_DD": -95.39169188, "HORZ_METH": "ADDMAT_NUM", "HORZ_ACC": -9999, "HORZ_REF": "OTHER", "HORZ_DATE": "19970320", "HORZ_ORG": "TCEQ", "HORZ_DATUM": "NAD83", "HORZ_DESC": null, "dma_county": "Harris", "tceq_program": "vcp"}}, {"type": "Feature", "id": 1459476, "geometry": {"type": "Point", "coordinates": [-95.498089, 29.840347]}, "properties": {"OBJECTID": 1459476, "REM_PROG": "Voluntary Cleanup Program (VCP)", "RN": "RN102314929", "VCP_ID": 1633, "SITE_NAME": "POWER TOOL MANUFACTURING", "PHYS_ADDR": "7007 PINEMONT DR", "ADDR_DESC": "NEAR INTERSECTION OF PINEMONT DR AND US HIGHWAY 290", "CITY": "HOUSTON", "COUNTY": "HARRIS", "ZIP_CODE": "77040", "REGION": "REGION 12 - HOUSTON", "LAT_DD": 29.84034164, "LONG_DD": -95.49808224, "HORZ_METH": "ADDMAT_NUM", "HORZ_ACC": -9999, "HORZ_REF": "OTHER", "HORZ_DATE": "20030905", "HORZ_ORG": "TCEQ", "HORZ_DATUM": "NAD83", "HORZ_DESC": null, "dma_county": "Harris", "tceq_program": "vcp"}}, {"type": "Feature", "id": 1459477, "geometry": {"type": "Point", "coordinates": [-95.498089, 29.840347]}, "properties": {"OBJECTID": 1459477, "REM_PROG": "Voluntary Cleanup Program (VCP)", "RN": "RN102314929", "VCP_ID": 726, "SITE_NAME": "UCR, INC. (SEE VCP NO. 649)", "PHYS_ADDR": "7007 PINEMONT DR", "ADDR_DESC": "7007 PINEMONT DRIVE", "CITY": "HOUSTON", "COUNTY": "HARRIS", "ZIP_CODE": "77040", "REGION": "REGION 12 - HOUSTON", "LAT_DD": 29.84034164, "LONG_DD": -95.49808224, "HORZ_METH": "ADDMAT_NUM", "HORZ_ACC": -9999, "HORZ_REF": "OTHER", "HORZ_DATE": "19971112", "HORZ_ORG": "TCEQ", "HORZ_DATUM": "NAD83", "HORZ_DESC": null, "dma_county": "Harris", "tceq_program": "vcp"}}, {"type": "Feature", "id": 1459479, "geometry": {"type": "Point", "coordinates": [-95.307916, 29.641426]}, "properties": {"OBJECTID": 1459479, "REM_PROG": "Voluntary Cleanup Program (VCP)", "RN": "RN103162426", "VCP_ID": 878, "SITE_NAME": "HOUSTON PLANT - II", "PHYS_ADDR": "7600 S SANTA FE DR", "ADDR_DESC": "LTV HOUSTON PLANT", "CITY": "HOUSTON", "COUNTY": "HARRIS", "ZIP_CODE": "77061", "REGION": "REGION 12 - HOUSTON", "LAT_DD": 29.6414206, "LONG_DD": -95.3079093, "HORZ_METH": "ADDMAT_NUM", "HORZ_ACC": -9999, "HORZ_REF": "OTHER", "HORZ_DATE": "19981123", "HORZ_ORG": "TCEQ", "HORZ_DATUM": "NAD83", "HORZ_DESC": null, "dma_county": "Harris", "tceq_program": "vcp"}}, {"type": "Feature", "id": 1459485, "geometry": {"type": "Point", "coordinates": [-94.830567, 29.320835]}, "properties": {"OBJECTID": 1459485, "REM_PROG": "Voluntary Cleanup Program (VCP)", "RN": "RN101474807", "VCP_ID": 208, "SITE_NAME": "TATSAMI", "PHYS_ADDR": null, "ADDR_DESC": "PELICAN ISLAND VACANT TRACT 23 ACRES", "CITY": "GALVESTON", "COUNTY": "GALVESTON", "ZIP_CODE": null, "REGION": "REGION 12 - HOUSTON", "LAT_DD": 29.320829999999997, "LONG_DD": -94.83055999999999, "HORZ_METH": "UNKNOWN", "HORZ_ACC": -9999, "HORZ_REF": "OTHER", "HORZ_DATE": "19960308", "HORZ_ORG": "TCEQ", "HORZ_DATUM": "NAD83", "HORZ_DESC": null, "dma_county": "Galveston", "tceq_program": "vcp"}}, {"type": "Feature", "id": 1459486, "geometry": {"type": "Point", "coordinates": [-95.398054, 29.772343]}, "properties": {"OBJECTID": 1459486, "REM_PROG": "Voluntary Cleanup Program (VCP)", "RN": "RN104616156", "VCP_ID": 2423, "SITE_NAME": "FORMER SONS OF HERMAN HALL PROPERTY", "PHYS_ADDR": "149 HEIGHTS BLVD", "ADDR_DESC": "120 YALE STREET AND 141 HEIGHTS BOULEVARD", "CITY": "HOUSTON", "COUNTY": "HARRIS", "ZIP_CODE": "77007", "REGION": "REGION 12 - HOUSTON", "LAT_DD": 29.77233781, "LONG_DD": -95.39804669, "HORZ_METH": "DOQ", "HORZ_ACC": 5, "HORZ_REF": "FAC_CEN", "HORZ_DATE": "20110613", "HORZ_ORG": "TCEQ", "HORZ_DATUM": "NAD83", "HORZ_DESC": null, "dma_county": "Harris", "tceq_program": "vcp"}}, {"type": "Feature", "id": 1459494, "geometry": {"type": "Point", "coordinates": [-95.44077, 29.732219]}, "properties": {"OBJECTID": 1459494, "REM_PROG": "Voluntary Cleanup Program (VCP)", "RN": "RN101475077", "VCP_ID": 1015, "SITE_NAME": "TWIN OAKS CLEANERS", "PHYS_ADDR": "3949 RICHMOND AVE", "ADDR_DESC": "3949 - 3955 RICHMOND AVENUE", "CITY": "HOUSTON", "COUNTY": "HARRIS", "ZIP_CODE": "77027", "REGION": "REGION 12 - HOUSTON", "LAT_DD": 29.73221361, "LONG_DD": -95.4407632, "HORZ_METH": "DOQ", "HORZ_ACC": 5, "HORZ_REF": "STRUC_CEN", "HORZ_DATE": "19990721", "HORZ_ORG": "TCEQ", "HORZ_DATUM": "NAD83", "HORZ_DESC": null, "dma_county": "Harris", "tceq_program": "vcp"}}, {"type": "Feature", "id": 1459495, "geometry": {"type": "Point", "coordinates": [-95.358903, 29.769744]}, "properties": {"OBJECTID": 1459495, "REM_PROG": "Voluntary Cleanup Program (VCP)", "RN": "RN105681738", "VCP_ID": 2246, "SITE_NAME": "INTERMODAL TERMINAL GROUP A", "PHYS_ADDR": null, "ADDR_DESC": "325 427 407 417 N MAIN ST 1101 1115 1116 NAYLOR AND 0 DALY PLACE HOUSTON TX", "CITY": "HOUSTON", "COUNTY": "HARRIS", "ZIP_CODE": null, "REGION": "REGION 12 - HOUSTON", "LAT_DD": 29.769738999999998, "LONG_DD": -95.35889633, "HORZ_METH": "ADDMAT_NUM", "HORZ_ACC": -9999, "HORZ_REF": "OTHER", "HORZ_DATE": "20090123", "HORZ_ORG": "TCEQ", "HORZ_DATUM": "NAD83", "HORZ_DESC": null, "dma_county": "Harris", "tceq_program": "vcp"}}, {"type": "Feature", "id": 1459508, "geometry": {"type": "Point", "coordinates": [-95.386395, 29.691393]}, "properties": {"OBJECTID": 1459508, "REM_PROG": "Voluntary Cleanup Program (VCP)", "RN": "RN105449011", "VCP_ID": 2137, "SITE_NAME": "BOARD OF REGENTS OF THE UNVERSITY OF TEXAS", "PHYS_ADDR": null, "ADDR_DESC": "LOCATED SOUTH OF CORDER ST AND NORTH AND EAST OF AN I&GNRR RAILROAD TRACK", "CITY": "HOUSTON", "COUNTY": "HARRIS", "ZIP_CODE": null, "REGION": "REGION 12 - HOUSTON", "LAT_DD": 29.691388, "LONG_DD": -95.386388, "HORZ_METH": "UNKNOWN", "HORZ_ACC": -9999, "HORZ_REF": "OTHER", "HORZ_DATE": "20080130", "HORZ_ORG": "TCEQ", "HORZ_DATUM": "NAD83", "HORZ_DESC": null, "dma_county": "Harris", "tceq_program": "vcp"}}, {"type": "Feature", "id": 1459509, "geometry": {"type": "Point", "coordinates": [-95.630567, 29.753335]}, "properties": {"OBJECTID": 1459509, "REM_PROG": "Voluntary Cleanup Program (VCP)", "RN": "RN101461911", "VCP_ID": 305, "SITE_NAME": "WEST HOUSTON VETERINARY MEDICAL", "PHYS_ADDR": null, "ADDR_DESC": "BRIAR FOREST DRIVE SH 6 ELDRIDGE PARKWAY VACANT TRACT", "CITY": "HOUSTON", "COUNTY": "HARRIS", "ZIP_CODE": null, "REGION": "REGION 12 - HOUSTON", "LAT_DD": 29.75333, "LONG_DD": -95.63056, "HORZ_METH": "UNKNOWN", "HORZ_ACC": -9999, "HORZ_REF": "OTHER", "HORZ_DATE": "19960730", "HORZ_ORG": "TCEQ", "HORZ_DATUM": "NAD83", "HORZ_DESC": null, "dma_county": "Harris", "tceq_program": "vcp"}}, {"type": "Feature", "id": 1459512, "geometry": {"type": "Point", "coordinates": [-95.054616, 29.610142]}, "properties": {"OBJECTID": 1459512, "REM_PROG": "Voluntary Cleanup Program (VCP)", "RN": "RN100553189", "VCP_ID": 2297, "SITE_NAME": "BAYPORT PLANT", "PHYS_ADDR": "10201 BAY AREA BLVD", "ADDR_DESC": "10201 BAY AREA BLVD PASADENA TX", "CITY": "PASADENA", "COUNTY": "HARRIS", "ZIP_CODE": "77507", "REGION": "REGION 12 - HOUSTON", "LAT_DD": 29.61013662, "LONG_DD": -95.05460859, "HORZ_METH": "ADDMAT_NUM", "HORZ_ACC": -9999, "HORZ_REF": "STRUC_CEN", "HORZ_DATE": "20100121", "HORZ_ORG": "TCEQ", "HORZ_DATUM": "NAD83", "HORZ_DESC": null, "dma_county": "Harris", "tceq_program": "vcp"}}, {"type": "Feature", "id": 1459513, "geometry": {"type": "Point", "coordinates": [-95.273344, 29.832244]}, "properties": {"OBJECTID": 1459513, "REM_PROG": "Voluntary Cleanup Program (VCP)", "RN": "RN101474658", "VCP_ID": 192, "SITE_NAME": "PROPOSED EAST POLICE STATION", "PHYS_ADDR": "8333 LEY RD", "ADDR_DESC": "8333 LEY ROAD", "CITY": "HOUSTON", "COUNTY": "HARRIS", "ZIP_CODE": "77028", "REGION": "REGION 12 - HOUSTON", "LAT_DD": 29.83223829, "LONG_DD": -95.27333698, "HORZ_METH": "ADDMAT_NUM", "HORZ_ACC": -9999, "HORZ_REF": "STRUC_CEN", "HORZ_DATE": "19960223", "HORZ_ORG": "TCEQ", "HORZ_DATUM": "NAD83", "HORZ_DESC": null, "dma_county": "Harris", "tceq_program": "vcp"}}, {"type": "Feature", "id": 1459516, "geometry": {"type": "Point", "coordinates": [-95.490305, 30.185286]}, "properties": {"OBJECTID": 1459516, "REM_PROG": "Voluntary Cleanup Program (VCP)", "RN": "RN102801412", "VCP_ID": 1582, "SITE_NAME": "NESBITS CLEANER RESEARCH", "PHYS_ADDR": "4747 RESEARCH FOREST DR STE 175", "ADDR_DESC": "4747 RESEARCH FOREST DRIVE SUITE 175 THE WOODLANDS TX", "CITY": "THE WOODLANDS", "COUNTY": "MONTGOMERY", "ZIP_CODE": "77381", "REGION": "REGION 12 - HOUSTON", "LAT_DD": 30.1852807, "LONG_DD": -95.49029781, "HORZ_METH": "ADDMAT_NUM", "HORZ_ACC": -9999, "HORZ_REF": "OTHER", "HORZ_DATE": "20030414", "HORZ_ORG": "TCEQ", "HORZ_DATUM": "NAD83", "HORZ_DESC": null, "dma_county": "Montgomery", "tceq_program": "vcp"}}, {"type": "Feature", "id": 1459519, "geometry": {"type": "Point", "coordinates": [-95.411054, 29.741276]}, "properties": {"OBJECTID": 1459519, "REM_PROG": "Voluntary Cleanup Program (VCP)", "RN": "RN102147964", "VCP_ID": 2628, "SITE_NAME": "ECO CLEANERS", "PHYS_ADDR": "2620 S SHEPHERD DR", "ADDR_DESC": "2620 S Shepherd Dr, Houston, TX", "CITY": "HOUSTON", "COUNTY": "HARRIS", "ZIP_CODE": "77098", "REGION": "REGION 12 - HOUSTON", "LAT_DD": 29.7412709, "LONG_DD": -95.41104686, "HORZ_METH": "DOQ", "HORZ_ACC": 5, "HORZ_REF": "STRUC_CEN", "HORZ_DATE": "20131108", "HORZ_ORG": "TCEQ", "HORZ_DATUM": "NAD83", "HORZ_DESC": null, "dma_county": "Harris", "tceq_program": "vcp"}}, {"type": "Feature", "id": 1459524, "geometry": {"type": "Point", "coordinates": [-95.469988, 29.722879]}, "properties": {"OBJECTID": 1459524, "REM_PROG": "Voluntary Cleanup Program (VCP)", "RN": "RN100601871", "VCP_ID": 661, "SITE_NAME": "TENNECO TECHNOLOGY CENTER", "PHYS_ADDR": "5510 S RICE AVE", "ADDR_DESC": "5510 SOUTH RICE AVENUE", "CITY": "HOUSTON", "COUNTY": "HARRIS", "ZIP_CODE": "77081", "REGION": "REGION 12 - HOUSTON", "LAT_DD": 29.722873999999997, "LONG_DD": -95.46998101, "HORZ_METH": "ADDMAT_NUM", "HORZ_ACC": -9999, "HORZ_REF": "OTHER", "HORZ_DATE": "19971125", "HORZ_ORG": "TCEQ", "HORZ_DATUM": "NAD83", "HORZ_DESC": null, "dma_county": "Harris", "tceq_program": "vcp"}}, {"type": "Feature", "id": 1459525, "geometry": {"type": "Point", "coordinates": [-95.457462, 29.797984]}, "properties": {"OBJECTID": 1459525, "REM_PROG": "Voluntary Cleanup Program (VCP)", "RN": "RN101055507", "VCP_ID": 340, "SITE_NAME": "LUNSFORD ESTATE PROPERTY", "PHYS_ADDR": "1525 N POST OAK RD", "ADDR_DESC": "1525 NORTH POST OAK", "CITY": "HOUSTON", "COUNTY": "HARRIS", "ZIP_CODE": "77055", "REGION": "REGION 12 - HOUSTON", "LAT_DD": 29.79797833, "LONG_DD": -95.4574554, "HORZ_METH": "ADDMAT_NUM", "HORZ_ACC": -9999, "HORZ_REF": "STRUC_CEN", "HORZ_DATE": "19960906", "HORZ_ORG": "TCEQ", "HORZ_DATUM": "NAD83", "HORZ_DESC": null, "dma_county": "Harris", "tceq_program": "vcp"}}, {"type": "Feature", "id": 1459528, "geometry": {"type": "Point", "coordinates": [-95.591955, 29.626768]}, "properties": {"OBJECTID": 1459528, "REM_PROG": "Voluntary Cleanup Program (VCP)", "RN": "RN105838213", "VCP_ID": 2289, "SITE_NAME": "STAFFORD MAINTENANCE FACILITY", "PHYS_ADDR": "13115 SOUTHWEST FWY", "ADDR_DESC": null, "CITY": "SUGAR LAND", "COUNTY": "FORT BEND", "ZIP_CODE": "77478", "REGION": "REGION 12 - HOUSTON", "LAT_DD": 29.62676295, "LONG_DD": -95.59194761, "HORZ_METH": "ADDMAT_NUM", "HORZ_ACC": -9999, "HORZ_REF": "STRUC_CEN", "HORZ_DATE": "20091102", "HORZ_ORG": "TCEQ", "HORZ_DATUM": "NAD83", "HORZ_DESC": null, "dma_county": "Fort Bend", "tceq_program": "vcp"}}, {"type": "Feature", "id": 1459529, "geometry": {"type": "Point", "coordinates": [-95.615847, 29.878156]}, "properties": {"OBJECTID": 1459529, "REM_PROG": "Voluntary Cleanup Program (VCP)", "RN": "RN106593171", "VCP_ID": 1665, "SITE_NAME": "ATCO BUSINESS CENTER", "PHYS_ADDR": "13601 FM 529 RD", "ADDR_DESC": "APPROXIMATELY 25.7 ACRES UNDEVELOPED LAND AND DEVELOPED WITH COMMERCIAL INDUSTRIAL WAREHOUSES", "CITY": "HOUSTON", "COUNTY": "HARRIS", "ZIP_CODE": "77041", "REGION": "REGION 12 - HOUSTON", "LAT_DD": 29.87815043, "LONG_DD": -95.61583944, "HORZ_METH": "ADDMAT_NUM", "HORZ_ACC": -9999, "HORZ_REF": "STRUC_CEN", "HORZ_DATE": "20031212", "HORZ_ORG": "TCEQ", "HORZ_DATUM": "NAD83", "HORZ_DESC": null, "dma_county": "Harris", "tceq_program": "vcp"}}, {"type": "Feature", "id": 1459530, "geometry": {"type": "Point", "coordinates": [-95.649574, 29.688984]}, "properties": {"OBJECTID": 1459530, "REM_PROG": "Voluntary Cleanup Program (VCP)", "RN": "RN101054914", "VCP_ID": 1390, "SITE_NAME": "TRACT A MISSION CENTRE", "PHYS_ADDR": "14655 BEECHNUT ST", "ADDR_DESC": null, "CITY": "HOUSTON", "COUNTY": "HARRIS", "ZIP_CODE": "77083", "REGION": "REGION 12 - HOUSTON", "LAT_DD": 29.68897903, "LONG_DD": -95.6495666, "HORZ_METH": "ADDMAT_NUM", "HORZ_ACC": -9999, "HORZ_REF": "OTHER", "HORZ_DATE": "20010912", "HORZ_ORG": "TCEQ", "HORZ_DATUM": "NAD83", "HORZ_DESC": null, "dma_county": "Fort Bend", "tceq_program": "vcp"}}, {"type": "Feature", "id": 1459532, "geometry": {"type": "Point", "coordinates": [-95.385387, 29.771481]}, "properties": {"OBJECTID": 1459532, "REM_PROG": "Voluntary Cleanup Program (VCP)", "RN": "RN100610948", "VCP_ID": 1822, "SITE_NAME": "GLAZIER FOODS", "PHYS_ADDR": "1520 OLIVER ST", "ADDR_DESC": "LOCATED AT 1520 AND 1600 OLIVER ST APPROX 2 MILES NW OF DOWNTOWN HOUSTON", "CITY": "HOUSTON", "COUNTY": "HARRIS", "ZIP_CODE": "77007", "REGION": "REGION 12 - HOUSTON", "LAT_DD": 29.7714759, "LONG_DD": -95.38537975, "HORZ_METH": "DOQ", "HORZ_ACC": 5, "HORZ_REF": "STRUC_CEN", "HORZ_DATE": "20050511", "HORZ_ORG": "TCEQ", "HORZ_DATUM": "NAD83", "HORZ_DESC": null, "dma_county": "Harris", "tceq_program": "vcp"}}, {"type": "Feature", "id": 1459537, "geometry": {"type": "Point", "coordinates": [-95.031054, 29.798455]}, "properties": {"OBJECTID": 1459537, "REM_PROG": "Voluntary Cleanup Program (VCP)", "RN": "RN100589274", "VCP_ID": 499, "SITE_NAME": "ALLOYS INTERNATIONAL", "PHYS_ADDR": "1901 ELLIS SCHOOL RD", "ADDR_DESC": "1901 ELLIS SCHOOL ROAD AKA ALLOYS INTERNATIONAL", "CITY": "BAYTOWN", "COUNTY": "HARRIS", "ZIP_CODE": "77521", "REGION": "REGION 12 - HOUSTON", "LAT_DD": 29.79845024, "LONG_DD": -95.03104707, "HORZ_METH": "ADDMAT_NUM", "HORZ_ACC": -9999, "HORZ_REF": "PST_TANK", "HORZ_DATE": "19970402", "HORZ_ORG": "TCEQ", "HORZ_DATUM": "NAD83", "HORZ_DESC": null, "dma_county": "Harris", "tceq_program": "vcp"}}, {"type": "Feature", "id": 1459540, "geometry": {"type": "Point", "coordinates": [-94.947669, 29.746212]}, "properties": {"OBJECTID": 1459540, "REM_PROG": "Voluntary Cleanup Program (VCP)", "RN": "RN102616869", "VCP_ID": 533, "SITE_NAME": "BAY PLAZA RETAIL CENTER", "PHYS_ADDR": "2137 N ALEXANDER DR", "ADDR_DESC": "2137-2348 NORTH ALEXANDER DRIVE", "CITY": "BAYTOWN", "COUNTY": "HARRIS", "ZIP_CODE": "77520", "REGION": "REGION 12 - HOUSTON", "LAT_DD": 29.74620648, "LONG_DD": -94.94766222, "HORZ_METH": "ADDMAT_NUM", "HORZ_ACC": -9999, "HORZ_REF": "OTHER", "HORZ_DATE": "19970521", "HORZ_ORG": "TCEQ", "HORZ_DATUM": "NAD83", "HORZ_DESC": null, "dma_county": "Harris", "tceq_program": "vcp"}}, {"type": "Feature", "id": 1459541, "geometry": {"type": "Point", "coordinates": [-95.121431, 29.500889]}, "properties": {"OBJECTID": 1459541, "REM_PROG": "Voluntary Cleanup Program (VCP)", "RN": "RN101055317", "VCP_ID": 1309, "SITE_NAME": "ENTERPRISE CLEANERS", "PHYS_ADDR": "2201 W MAIN ST", "ADDR_DESC": null, "CITY": "LEAGUE CITY", "COUNTY": "GALVESTON", "ZIP_CODE": "77573", "REGION": "REGION 12 - HOUSTON", "LAT_DD": 29.50088368, "LONG_DD": -95.12142442, "HORZ_METH": "ADDMAT_NUM", "HORZ_ACC": -9999, "HORZ_REF": "STRUC_CEN", "HORZ_DATE": "20010202", "HORZ_ORG": "TCEQ", "HORZ_DATUM": "NAD83", "HORZ_DESC": null, "dma_county": "Galveston", "tceq_program": "vcp"}}, {"type": "Feature", "id": 1459542, "geometry": {"type": "Point", "coordinates": [-95.173396, 29.723596]}, "properties": {"OBJECTID": 1459542, "REM_PROG": "Voluntary Cleanup Program (VCP)", "RN": "RN101997104", "VCP_ID": 2264, "SITE_NAME": "LONE STAR INDUSTRIES PASADENA", "PHYS_ADDR": "601 N SOUTH ST", "ADDR_DESC": "601 N SOUTH ST PASADENA TX", "CITY": "PASADENA", "COUNTY": "HARRIS", "ZIP_CODE": "77503", "REGION": "REGION 12 - HOUSTON", "LAT_DD": 29.72359111, "LONG_DD": -95.17338907, "HORZ_METH": "ADDMAT_NUM", "HORZ_ACC": -9999, "HORZ_REF": "OTHER", "HORZ_DATE": "20090430", "HORZ_ORG": "TCEQ", "HORZ_DATUM": "NAD83", "HORZ_DESC": null, "dma_county": "Harris", "tceq_program": "vcp"}}, {"type": "Feature", "id": 1459543, "geometry": {"type": "Point", "coordinates": [-95.48935, 29.738193]}, "properties": {"OBJECTID": 1459543, "REM_PROG": "Voluntary Cleanup Program (VCP)", "RN": "RN104228648", "VCP_ID": 1689, "SITE_NAME": "PILGRIM CLEANERS BRIARGROVE", "PHYS_ADDR": "6106 WESTHEIMER RD", "ADDR_DESC": "WESTHEIMER RD AT GREENRIDGE ST", "CITY": "HOUSTON", "COUNTY": "HARRIS", "ZIP_CODE": "77057", "REGION": "REGION 12 - HOUSTON", "LAT_DD": 29.73818768, "LONG_DD": -95.48934291, "HORZ_METH": "ADDMAT_NUM", "HORZ_ACC": -9999, "HORZ_REF": "STRUC_CEN", "HORZ_DATE": "20040407", "HORZ_ORG": "TCEQ", "HORZ_DATUM": "NAD83", "HORZ_DESC": null, "dma_county": "Harris", "tceq_program": "vcp"}}, {"type": "Feature", "id": 1459549, "geometry": {"type": "Point", "coordinates": [-95.322666, 29.677188]}, "properties": {"OBJECTID": 1459549, "REM_PROG": "Voluntary Cleanup Program (VCP)", "RN": "RN100241967", "VCP_ID": 669, "SITE_NAME": "FORMER UNOCAL CHEMICAL DISTRIBUTION -", "PHYS_ADDR": "7010 MYKAWA RD", "ADDR_DESC": "7010 MYKAWA ROAD", "CITY": "HOUSTON", "COUNTY": "HARRIS", "ZIP_CODE": "77033", "REGION": "REGION 12 - HOUSTON", "LAT_DD": 29.67718284, "LONG_DD": -95.32265949, "HORZ_METH": "DOQ", "HORZ_ACC": 5, "HORZ_REF": "FAC_CEN", "HORZ_DATE": "19971219", "HORZ_ORG": "TCEQ", "HORZ_DATUM": "NAD83", "HORZ_DESC": null, "dma_county": "Harris", "tceq_program": "vcp"}}, {"type": "Feature", "id": 1459551, "geometry": {"type": "Point", "coordinates": [-95.492629, 29.693199]}, "properties": {"OBJECTID": 1459551, "REM_PROG": "Voluntary Cleanup Program (VCP)", "RN": "RN102803707", "VCP_ID": 118, "SITE_NAME": "PILGRIM CLEANERS HILLCROFT", "PHYS_ADDR": "7901 HILLCROFT AVE", "ADDR_DESC": "7901 HILLCROFT", "CITY": "HOUSTON", "COUNTY": "HARRIS", "ZIP_CODE": "77081", "REGION": "REGION 12 - HOUSTON", "LAT_DD": 29.693194, "LONG_DD": -95.4926224, "HORZ_METH": "ADDMAT_NUM", "HORZ_ACC": -9999, "HORZ_REF": "STRUC_CEN", "HORZ_DATE": "20000921", "HORZ_ORG": "TCEQ", "HORZ_DATUM": "NAD83", "HORZ_DESC": null, "dma_county": "Harris", "tceq_program": "vcp"}}, {"type": "Feature", "id": 1459553, "geometry": {"type": "Point", "coordinates": [-95.530196, 29.68971]}, "properties": {"OBJECTID": 1459553, "REM_PROG": "Voluntary Cleanup Program (VCP)", "RN": "RN100644269", "VCP_ID": 2223, "SITE_NAME": "8200 SOUTHWEST FREEWAY", "PHYS_ADDR": "8200 SOUTHWEST FWY", "ADDR_DESC": "8200 SW Freeway, Houston, TX", "CITY": "HOUSTON", "COUNTY": "HARRIS", "ZIP_CODE": "77074", "REGION": "REGION 12 - HOUSTON", "LAT_DD": 29.68970503, "LONG_DD": -95.53018899, "HORZ_METH": "ADDMAT_NUM", "HORZ_ACC": -9999, "HORZ_REF": "OTHER", "HORZ_DATE": "20080922", "HORZ_ORG": "TCEQ", "HORZ_DATUM": "NAD83", "HORZ_DESC": null, "dma_county": "Harris", "tceq_program": "vcp"}}, {"type": "Feature", "id": 1459560, "geometry": {"type": "Point", "coordinates": [-95.121546, 29.868768]}, "properties": {"OBJECTID": 1459560, "REM_PROG": "Voluntary Cleanup Program (VCP)", "RN": "RN100634641", "VCP_ID": 1364, "SITE_NAME": "OILFIELD DRILLING EQUIPMENT", "PHYS_ADDR": "17720 BEAUMONT HWY", "ADDR_DESC": null, "CITY": "HOUSTON", "COUNTY": "HARRIS", "ZIP_CODE": "77049", "REGION": "REGION 12 - HOUSTON", "LAT_DD": 29.86876315, "LONG_DD": -95.12153891, "HORZ_METH": "ADDMAT_NUM", "HORZ_ACC": -9999, "HORZ_REF": "STRUC_CEN", "HORZ_DATE": "20010615", "HORZ_ORG": "TCEQ", "HORZ_DATUM": "NAD83", "HORZ_DESC": null, "dma_county": "Harris", "tceq_program": "vcp"}}, {"type": "Feature", "id": 1459566, "geometry": {"type": "Point", "coordinates": [-95.885067, 29.851187]}, "properties": {"OBJECTID": 1459566, "REM_PROG": "Voluntary Cleanup Program (VCP)", "RN": "RN102854429", "VCP_ID": 1930, "SITE_NAME": "NEWBASIS", "PHYS_ADDR": "5250 FM 2855 RD", "ADDR_DESC": null, "CITY": "KATY", "COUNTY": "WALLER", "ZIP_CODE": "77493", "REGION": "REGION 12 - HOUSTON", "LAT_DD": 29.85118211, "LONG_DD": -95.88506001, "HORZ_METH": "DOQ", "HORZ_ACC": 5, "HORZ_REF": "STRUC_CEN", "HORZ_DATE": "20060519", "HORZ_ORG": "TCEQ", "HORZ_DATUM": "NAD83", "HORZ_DESC": null, "dma_county": "Waller", "tceq_program": "vcp"}}, {"type": "Feature", "id": 1459567, "geometry": {"type": "Point", "coordinates": [-95.616677, 29.866675]}, "properties": {"OBJECTID": 1459567, "REM_PROG": "Voluntary Cleanup Program (VCP)", "RN": "RN101053783", "VCP_ID": 874, "SITE_NAME": "SEATRAX, INC. (EMMETT PROPERTI", "PHYS_ADDR": null, "ADDR_DESC": "NORTH ELDRIDGE PARKWAY VACANT TRACT 26 ACRES", "CITY": "HOUSTON", "COUNTY": "HARRIS", "ZIP_CODE": null, "REGION": "REGION 12 - HOUSTON", "LAT_DD": 29.86667, "LONG_DD": -95.61667, "HORZ_METH": "UNKNOWN", "HORZ_ACC": -9999, "HORZ_REF": "OTHER", "HORZ_DATE": "19981113", "HORZ_ORG": "TCEQ", "HORZ_DATUM": "NAD83", "HORZ_DESC": null, "dma_county": "Harris", "tceq_program": "vcp"}}, {"type": "Feature", "id": 1459569, "geometry": {"type": "Point", "coordinates": [-95.364512, 29.76606]}, "properties": {"OBJECTID": 1459569, "REM_PROG": "Voluntary Cleanup Program (VCP)", "RN": "RN102586336", "VCP_ID": 2759, "SITE_NAME": "FORMER US POSTAL SERVICE PROPERTY", "PHYS_ADDR": "401 FRANKLIN ST", "ADDR_DESC": "401 Franklin, Houston, Texas 77702", "CITY": "HOUSTON", "COUNTY": "HARRIS", "ZIP_CODE": "77201", "REGION": "REGION 12 - HOUSTON", "LAT_DD": 29.76605447, "LONG_DD": -95.36450481, "HORZ_METH": "ADDMAT_NUM", "HORZ_ACC": -9999, "HORZ_REF": "STRUC_CEN", "HORZ_DATE": "20150701", "HORZ_ORG": "TCEQ", "HORZ_DATUM": "NAD83", "HORZ_DESC": null, "dma_county": "Harris", "tceq_program": "vcp"}}, {"type": "Feature", "id": 1459573, "geometry": {"type": "Point", "coordinates": [-94.788142, 29.29106]}, "properties": {"OBJECTID": 1459573, "REM_PROG": "Voluntary Cleanup Program (VCP)", "RN": "RN101055788", "VCP_ID": 416, "SITE_NAME": "EDGEWOOD RETIREMENT COMMUNITY", "PHYS_ADDR": "2228 SEAWALL BLVD", "ADDR_DESC": "2228 SEAWALL BOULEVARD", "CITY": "GALVESTON", "COUNTY": "GALVESTON", "ZIP_CODE": "77550", "REGION": "REGION 12 - HOUSTON", "LAT_DD": 29.29105461, "LONG_DD": -94.78813508, "HORZ_METH": "ADDMAT_NUM", "HORZ_ACC": -9999, "HORZ_REF": "STRUC_CEN", "HORZ_DATE": "19961210", "HORZ_ORG": "TCEQ", "HORZ_DATUM": "NAD83", "HORZ_DESC": null, "dma_county": "Galveston", "tceq_program": "vcp"}}, {"type": "Feature", "id": 1459578, "geometry": {"type": "Point", "coordinates": [-95.347007, 29.936238]}, "properties": {"OBJECTID": 1459578, "REM_PROG": "Voluntary Cleanup Program (VCP)", "RN": "RN101055531", "VCP_ID": 1017, "SITE_NAME": "WESTERN RUBBER AND MANUFACTURING", "PHYS_ADDR": "2712 FRANK RD", "ADDR_DESC": "2712 FRANK ROAD", "CITY": "HOUSTON", "COUNTY": "HARRIS", "ZIP_CODE": "77032", "REGION": "REGION 12 - HOUSTON", "LAT_DD": 29.93623308, "LONG_DD": -95.34700026, "HORZ_METH": "ADDMAT_NUM", "HORZ_ACC": -9999, "HORZ_REF": "OTHER", "HORZ_DATE": "19990726", "HORZ_ORG": "TCEQ", "HORZ_DATUM": "NAD83", "HORZ_DESC": null, "dma_county": "Harris", "tceq_program": "vcp"}}, {"type": "Feature", "id": 1459579, "geometry": {"type": "Point", "coordinates": [-95.343964, 29.754065]}, "properties": {"OBJECTID": 1459579, "REM_PROG": "Voluntary Cleanup Program (VCP)", "RN": "RN100581701", "VCP_ID": 1782, "SITE_NAME": "TEXAS INDUSTRIAL TOOLS", "PHYS_ADDR": "2802 COMMERCE ST", "ADDR_DESC": "2802 Commerce St Houston, TX 77003", "CITY": "HOUSTON", "COUNTY": "HARRIS", "ZIP_CODE": "77003", "REGION": "REGION 12 - HOUSTON", "LAT_DD": 29.75405989, "LONG_DD": -95.34395659, "HORZ_METH": "ADDMAT_NUM", "HORZ_ACC": -9999, "HORZ_REF": "OTHER", "HORZ_DATE": "20050120", "HORZ_ORG": "TCEQ", "HORZ_DATUM": "NAD83", "HORZ_DESC": null, "dma_county": "Harris", "tceq_program": "vcp"}}, {"type": "Feature", "id": 1459584, "geometry": {"type": "Point", "coordinates": [-95.791234, 29.558694]}, "properties": {"OBJECTID": 1459584, "REM_PROG": "Voluntary Cleanup Program (VCP)", "RN": "RN101475176", "VCP_ID": 203, "SITE_NAME": "HI LO AUTO SUPPLY", "PHYS_ADDR": "3512 AVENUE H", "ADDR_DESC": "3512 AVENUE H", "CITY": "ROSENBERG", "COUNTY": "FORT BEND", "ZIP_CODE": "77471", "REGION": "REGION 12 - HOUSTON", "LAT_DD": 29.55868881, "LONG_DD": -95.7912267, "HORZ_METH": "ADDMAT_NUM", "HORZ_ACC": -9999, "HORZ_REF": "OTHER", "HORZ_DATE": "19960312", "HORZ_ORG": "TCEQ", "HORZ_DATUM": "NAD83", "HORZ_DESC": null, "dma_county": "Fort Bend", "tceq_program": "vcp"}}, {"type": "Feature", "id": 1459587, "geometry": {"type": "Point", "coordinates": [-95.559747, 29.719567]}, "properties": {"OBJECTID": 1459587, "REM_PROG": "Voluntary Cleanup Program (VCP)", "RN": "RN100664028", "VCP_ID": 2405, "SITE_NAME": "3802 ROGERDALE", "PHYS_ADDR": "3802 ROGERDALE RD", "ADDR_DESC": "NW OF WESTPARK DR AND ROGERDALE INTERSECTION", "CITY": "HOUSTON", "COUNTY": "HARRIS", "ZIP_CODE": "77042", "REGION": "REGION 12 - HOUSTON", "LAT_DD": 29.71956169, "LONG_DD": -95.55973961, "HORZ_METH": "ADDMAT_NUM", "HORZ_ACC": -9999, "HORZ_REF": "OTHER", "HORZ_DATE": "20110414", "HORZ_ORG": "TCEQ", "HORZ_DATUM": "NAD83", "HORZ_DESC": null, "dma_county": "Harris", "tceq_program": "vcp"}}, {"type": "Feature", "id": 1459589, "geometry": {"type": "Point", "coordinates": [-95.450148, 29.809961]}, "properties": {"OBJECTID": 1459589, "REM_PROG": "Voluntary Cleanup Program (VCP)", "RN": "RN100887165", "VCP_ID": 635, "SITE_NAME": "DELUXE CHECK PRINTERS", "PHYS_ADDR": "3900 DACOMA ST", "ADDR_DESC": "3900 DACOMA AVENUE", "CITY": "HOUSTON", "COUNTY": "HARRIS", "ZIP_CODE": "77092", "REGION": "REGION 12 - HOUSTON", "LAT_DD": 29.80995613, "LONG_DD": -95.45014065, "HORZ_METH": "DOQ", "HORZ_ACC": 5, "HORZ_REF": "FAC_CEN", "HORZ_DATE": "19971017", "HORZ_ORG": "TCEQ", "HORZ_DATUM": "NAD83", "HORZ_DESC": null, "dma_county": "Harris", "tceq_program": "vcp"}}, {"type": "Feature", "id": 1459594, "geometry": {"type": "Point", "coordinates": [-95.32968, 29.742983]}, "properties": {"OBJECTID": 1459594, "REM_PROG": "Voluntary Cleanup Program (VCP)", "RN": "RN102398443", "VCP_ID": 1675, "SITE_NAME": "GENERATOR ASSEMBLY", "PHYS_ADDR": "4516 HARRISBURG BLVD", "ADDR_DESC": "4516 Harrisburg Blvd, Houston, TX", "CITY": "HOUSTON", "COUNTY": "HARRIS", "ZIP_CODE": "77011", "REGION": "REGION 12 - HOUSTON", "LAT_DD": 29.74297776, "LONG_DD": -95.32967292, "HORZ_METH": "ADDMAT_NUM", "HORZ_ACC": -9999, "HORZ_REF": "STRUC_CEN", "HORZ_DATE": "20040121", "HORZ_ORG": "TCEQ", "HORZ_DATUM": "NAD83", "HORZ_DESC": null, "dma_county": "Harris", "tceq_program": "vcp"}}, {"type": "Feature", "id": 1459597, "geometry": {"type": "Point", "coordinates": [-95.304056, 29.805266]}, "properties": {"OBJECTID": 1459597, "REM_PROG": "Voluntary Cleanup Program (VCP)", "RN": "RN101475150", "VCP_ID": 124, "SITE_NAME": "NORTHWAY PARK II", "PHYS_ADDR": "4845 HOMESTEAD RD", "ADDR_DESC": "4845-4849 HOMESTEAD RD/ 6868 N LOOP E.", "CITY": "HOUSTON", "COUNTY": "HARRIS", "ZIP_CODE": "77028", "REGION": "REGION 12 - HOUSTON", "LAT_DD": 29.8052607, "LONG_DD": -95.3040486, "HORZ_METH": "ADDMAT_NUM", "HORZ_ACC": -9999, "HORZ_REF": "STRUC_CEN", "HORZ_DATE": "19950926", "HORZ_ORG": "TCEQ", "HORZ_DATUM": "NAD83", "HORZ_DESC": null, "dma_county": "Harris", "tceq_program": "vcp"}}, {"type": "Feature", "id": 1459598, "geometry": {"type": "Point", "coordinates": [-95.576012, 29.840749]}, "properties": {"OBJECTID": 1459598, "REM_PROG": "Voluntary Cleanup Program (VCP)", "RN": "RN101475135", "VCP_ID": 173, "SITE_NAME": "TS ALLOYS", "PHYS_ADDR": "5022 ASHLEY CT", "ADDR_DESC": "5022 ASHLEY COURT", "CITY": "HOUSTON", "COUNTY": "HARRIS", "ZIP_CODE": "77041", "REGION": "REGION 12 - HOUSTON", "LAT_DD": 29.84074347, "LONG_DD": -95.57600469, "HORZ_METH": "ADDMAT_NUM", "HORZ_ACC": -9999, "HORZ_REF": "OTHER", "HORZ_DATE": "19960206", "HORZ_ORG": "TCEQ", "HORZ_DATUM": "NAD83", "HORZ_DESC": null, "dma_county": "Harris", "tceq_program": "vcp"}}, {"type": "Feature", "id": 1459603, "geometry": {"type": "Point", "coordinates": [-95.409121, 29.778828]}, "properties": {"OBJECTID": 1459603, "REM_PROG": "Voluntary Cleanup Program (VCP)", "RN": "RN106567241", "VCP_ID": 2552, "SITE_NAME": "2120 SHEPHERD DRIVE VCP SITE", "PHYS_ADDR": "2120 N SHEPHERD DR", "ADDR_DESC": "NE CNR OF CORNISH AND N SHEPHERD", "CITY": "HOUSTON", "COUNTY": "HARRIS", "ZIP_CODE": "77008", "REGION": "REGION 12 - HOUSTON", "LAT_DD": 29.77882283, "LONG_DD": -95.40911394, "HORZ_METH": "DOQ", "HORZ_ACC": 5, "HORZ_REF": "STRUC_CEN", "HORZ_DATE": "20121128", "HORZ_ORG": "TCEQ", "HORZ_DATUM": "NAD83", "HORZ_DESC": null, "dma_county": "Harris", "tceq_program": "vcp"}}, {"type": "Feature", "id": 1459604, "geometry": {"type": "Point", "coordinates": [-95.26645, 29.649179]}, "properties": {"OBJECTID": 1459604, "REM_PROG": "Voluntary Cleanup Program (VCP)", "RN": "RN105363436", "VCP_ID": 662, "SITE_NAME": "GAS PATH TECHNOLOGY", "PHYS_ADDR": "8301 W MONROE RD", "ADDR_DESC": "8301 WEST MONROE", "CITY": "HOUSTON", "COUNTY": "HARRIS", "ZIP_CODE": "77061", "REGION": "REGION 12 - HOUSTON", "LAT_DD": 29.64917395, "LONG_DD": -95.26644327, "HORZ_METH": "ADDMAT_NUM", "HORZ_ACC": -9999, "HORZ_REF": "OTHER", "HORZ_DATE": "19971211", "HORZ_ORG": "TCEQ", "HORZ_DATUM": "NAD83", "HORZ_DESC": null, "dma_county": "Harris", "tceq_program": "vcp"}}, {"type": "Feature", "id": 1459605, "geometry": {"type": "Point", "coordinates": [-94.897507, 29.869725]}, "properties": {"OBJECTID": 1459605, "REM_PROG": "Voluntary Cleanup Program (VCP)", "RN": "RN101474914", "VCP_ID": 811, "SITE_NAME": "PLACID REFINING", "PHYS_ADDR": null, "ADDR_DESC": "12927 FM 146 NORTH ABANDONED REFINERY", "CITY": "MONT BELVIEU", "COUNTY": "CHAMBERS", "ZIP_CODE": null, "REGION": "REGION 12 - HOUSTON", "LAT_DD": 29.869719999999997, "LONG_DD": -94.89750000000001, "HORZ_METH": "UNKNOWN", "HORZ_ACC": -9999, "HORZ_REF": "OTHER", "HORZ_DATE": "19980722", "HORZ_ORG": "TCEQ", "HORZ_DATUM": "NAD83", "HORZ_DESC": null, "dma_county": "Chambers", "tceq_program": "vcp"}}, {"type": "Feature", "id": 1459608, "geometry": {"type": "Point", "coordinates": [-95.502485, 29.73648]}, "properties": {"OBJECTID": 1459608, "REM_PROG": "Voluntary Cleanup Program (VCP)", "RN": "RN102511581", "VCP_ID": 2612, "SITE_NAME": " 1 CLEANERS", "PHYS_ADDR": "7547 WESTHEIMER RD", "ADDR_DESC": "7547 WESTHEIMER RD", "CITY": "HOUSTON", "COUNTY": "HARRIS", "ZIP_CODE": "77063", "REGION": "REGION 12 - HOUSTON", "LAT_DD": 29.736475, "LONG_DD": -95.502478, "HORZ_METH": "ADDMAT_NUM", "HORZ_ACC": -9999, "HORZ_REF": "STRUC_CEN", "HORZ_DATE": "20130927", "HORZ_ORG": "TCEQ", "HORZ_DATUM": "NAD83", "HORZ_DESC": null, "dma_county": "Harris", "tceq_program": "vcp"}}, {"type": "Feature", "id": 1459609, "geometry": {"type": "Point", "coordinates": [-95.652936, 29.836254]}, "properties": {"OBJECTID": 1459609, "REM_PROG": "Voluntary Cleanup Program (VCP)", "RN": "RN101053957", "VCP_ID": 631, "SITE_NAME": "CLAY ROAD PLAZA SHOPPING CENTE", "PHYS_ADDR": "16618 CLAY RD", "ADDR_DESC": "16618 CLAY ROAD", "CITY": "HOUSTON", "COUNTY": "HARRIS", "ZIP_CODE": "77084", "REGION": "REGION 12 - HOUSTON", "LAT_DD": 29.83624896, "LONG_DD": -95.65292883, "HORZ_METH": "ADDMAT_NUM", "HORZ_ACC": -9999, "HORZ_REF": "STRUC_CEN", "HORZ_DATE": "19971010", "HORZ_ORG": "TCEQ", "HORZ_DATUM": "NAD83", "HORZ_DESC": null, "dma_county": "Harris", "tceq_program": "vcp"}}, {"type": "Feature", "id": 1459611, "geometry": {"type": "Point", "coordinates": [-95.069042, 29.602481]}, "properties": {"OBJECTID": 1459611, "REM_PROG": "Voluntary Cleanup Program (VCP)", "RN": "RN103870952", "VCP_ID": 231, "SITE_NAME": "LOCKHEED TRACT/BAYPORT PROPERT", "PHYS_ADDR": null, "ADDR_DESC": "RED BLUFF ROAD AND BAY AREA BOULEVARD VACANT TRACT 60 ACRES", "CITY": "BAYPORT", "COUNTY": "HARRIS", "ZIP_CODE": null, "REGION": "REGION 12 - HOUSTON", "LAT_DD": 29.60247538, "LONG_DD": -95.06903519, "HORZ_METH": "ADDMAT_NUM", "HORZ_ACC": -9999, "HORZ_REF": "OTHER", "HORZ_DATE": "19960416", "HORZ_ORG": "TCEQ", "HORZ_DATUM": "NAD83", "HORZ_DESC": null, "dma_county": "Harris", "tceq_program": "vcp"}}, {"type": "Feature", "id": 1459617, "geometry": {"type": "Point", "coordinates": [-95.316592, 29.702564]}, "properties": {"OBJECTID": 1459617, "REM_PROG": "Voluntary Cleanup Program (VCP)", "RN": "RN100647130", "VCP_ID": 1338, "SITE_NAME": "IMG REAL ESTATE INVESTMENTS", "PHYS_ADDR": "3721 LAPAS DR", "ADDR_DESC": null, "CITY": "HOUSTON", "COUNTY": "HARRIS", "ZIP_CODE": "77023", "REGION": "REGION 12 - HOUSTON", "LAT_DD": 29.70255889, "LONG_DD": -95.31658477, "HORZ_METH": "ADDMAT_NUM", "HORZ_ACC": -9999, "HORZ_REF": "STRUC_CEN", "HORZ_DATE": "20010404", "HORZ_ORG": "TCEQ", "HORZ_DATUM": "NAD83", "HORZ_DESC": null, "dma_county": "Harris", "tceq_program": "vcp"}}, {"type": "Feature", "id": 1459618, "geometry": {"type": "Point", "coordinates": [-95.552056, 29.767019]}, "properties": {"OBJECTID": 1459618, "REM_PROG": "Voluntary Cleanup Program (VCP)", "RN": "RN103953188", "VCP_ID": 1714, "SITE_NAME": "LANTERN LANE SHOPPING CENTER PRO CLEANERS", "PHYS_ADDR": "12534 MEMORIAL DR", "ADDR_DESC": null, "CITY": "HOUSTON", "COUNTY": "HARRIS", "ZIP_CODE": "77024", "REGION": "REGION 12 - HOUSTON", "LAT_DD": 29.76701363, "LONG_DD": -95.55204849, "HORZ_METH": "DOQ", "HORZ_ACC": 5, "HORZ_REF": "STRUC_CEN", "HORZ_DATE": "20040705", "HORZ_ORG": "TCEQ", "HORZ_DATUM": "NAD83", "HORZ_DESC": null, "dma_county": "Harris", "tceq_program": "vcp"}}, {"type": "Feature", "id": 1459629, "geometry": {"type": "Point", "coordinates": [-95.123993, 29.788057]}, "properties": {"OBJECTID": 1459629, "REM_PROG": "Voluntary Cleanup Program (VCP)", "RN": "RN101052934", "VCP_ID": 807, "SITE_NAME": "OLD RIVER TERRACE/DONUT HOLE B", "PHYS_ADDR": "800 SHELDON RD", "ADDR_DESC": "800 SHELDON ROAD", "CITY": "CHANNELVIEW", "COUNTY": "HARRIS", "ZIP_CODE": "77530", "REGION": "REGION 12 - HOUSTON", "LAT_DD": 29.78805136, "LONG_DD": -95.12398609, "HORZ_METH": "ADDMAT_NUM", "HORZ_ACC": -9999, "HORZ_REF": "FAC_CEN", "HORZ_DATE": "19980714", "HORZ_ORG": "TCEQ", "HORZ_DATUM": "NAD83", "HORZ_DESC": null, "dma_county": "Harris", "tceq_program": "vcp"}}, {"type": "Feature", "id": 1459635, "geometry": {"type": "Point", "coordinates": [-95.211946, 29.711934]}, "properties": {"OBJECTID": 1459635, "REM_PROG": "Voluntary Cleanup Program (VCP)", "RN": "RN100669316", "VCP_ID": 542, "SITE_NAME": "PASADENA CITIZEN", "PHYS_ADDR": "102 SHAVER ST", "ADDR_DESC": "102 S SHAVER PASADENA TX", "CITY": "PASADENA", "COUNTY": "HARRIS", "ZIP_CODE": "77506", "REGION": "REGION 12 - HOUSTON", "LAT_DD": 29.711928999999998, "LONG_DD": -95.211939, "HORZ_METH": "DOQ", "HORZ_ACC": 5, "HORZ_REF": "FAC_CEN", "HORZ_DATE": "19970530", "HORZ_ORG": "TCEQ", "HORZ_DATUM": "NAD83", "HORZ_DESC": null, "dma_county": "Harris", "tceq_program": "vcp"}}, {"type": "Feature", "id": 1459645, "geometry": {"type": "Point", "coordinates": [-95.327343, 29.676825]}, "properties": {"OBJECTID": 1459645, "REM_PROG": "Voluntary Cleanup Program (VCP)", "RN": "RN101832863", "VCP_ID": 2052, "SITE_NAME": "REDI PACKAGING", "PHYS_ADDR": "6002 DONOHO ST", "ADDR_DESC": null, "CITY": "HOUSTON", "COUNTY": "HARRIS", "ZIP_CODE": "77033", "REGION": "REGION 12 - HOUSTON", "LAT_DD": 29.67681949, "LONG_DD": -95.32733579, "HORZ_METH": "ADDMAT_NUM", "HORZ_ACC": -9999, "HORZ_REF": "OTHER", "HORZ_DATE": "20070430", "HORZ_ORG": "TCEQ", "HORZ_DATUM": "NAD83", "HORZ_DESC": null, "dma_county": "Harris", "tceq_program": "vcp"}}, {"type": "Feature", "id": 1459647, "geometry": {"type": "Point", "coordinates": [-95.486506, 29.748923]}, "properties": {"OBJECTID": 1459647, "REM_PROG": "Voluntary Cleanup Program (VCP)", "RN": "RN101052876", "VCP_ID": 290, "SITE_NAME": "FOUNTAINVIEW SQUARE SHOPPING CENTER", "PHYS_ADDR": "1808 FOUNTAIN VIEW DR", "ADDR_DESC": "1808-1940 FOUNTAINVIEW", "CITY": "HOUSTON", "COUNTY": "HARRIS", "ZIP_CODE": "77057", "REGION": "REGION 12 - HOUSTON", "LAT_DD": 29.74891774, "LONG_DD": -95.48649903, "HORZ_METH": "DOQ", "HORZ_ACC": 5, "HORZ_REF": "FAC_CEN", "HORZ_DATE": "19960701", "HORZ_ORG": "TCEQ", "HORZ_DATUM": "NAD83", "HORZ_DESC": null, "dma_county": "Harris", "tceq_program": "vcp"}}, {"type": "Feature", "id": 1459649, "geometry": {"type": "Point", "coordinates": [-95.541141, 29.736643]}, "properties": {"OBJECTID": 1459649, "REM_PROG": "Voluntary Cleanup Program (VCP)", "RN": "RN102744497", "VCP_ID": 121, "SITE_NAME": "WESTCHASE SHOPPING CENTER", "PHYS_ADDR": "9709 WESTHEIMER RD", "ADDR_DESC": "9709 WESTHEIMER ROAD", "CITY": "HOUSTON", "COUNTY": "HARRIS", "ZIP_CODE": "77042", "REGION": "REGION 12 - HOUSTON", "LAT_DD": 29.73663767, "LONG_DD": -95.54113426, "HORZ_METH": "ADDMAT_NUM", "HORZ_ACC": -9999, "HORZ_REF": "STRUC_CEN", "HORZ_DATE": "19960208", "HORZ_ORG": "TCEQ", "HORZ_DATUM": "NAD83", "HORZ_DESC": null, "dma_county": "Harris", "tceq_program": "vcp"}}, {"type": "Feature", "id": 1459650, "geometry": {"type": "Point", "coordinates": [-95.564731, 29.796862]}, "properties": {"OBJECTID": 1459650, "REM_PROG": "Voluntary Cleanup Program (VCP)", "RN": "RN101740702", "VCP_ID": 480, "SITE_NAME": "TEXAS TEMPERED GLASS SITE", "PHYS_ADDR": "1331 W SAM HOUSTON PKWY N", "ADDR_DESC": "1331 WEST BELT DRIVE", "CITY": "HOUSTON", "COUNTY": "HARRIS", "ZIP_CODE": "77043", "REGION": "REGION 12 - HOUSTON", "LAT_DD": 29.79685714, "LONG_DD": -95.56472384, "HORZ_METH": "ADDMAT_NUM", "HORZ_ACC": -9999, "HORZ_REF": "STRUC_CEN", "HORZ_DATE": "19970303", "HORZ_ORG": "TCEQ", "HORZ_DATUM": "NAD83", "HORZ_DESC": null, "dma_county": "Harris", "tceq_program": "vcp"}}, {"type": "Feature", "id": 1459651, "geometry": {"type": "Point", "coordinates": [-95.103251, 29.706725]}, "properties": {"OBJECTID": 1459651, "REM_PROG": "Voluntary Cleanup Program (VCP)", "RN": "RN102863396", "VCP_ID": 1507, "SITE_NAME": "MONARCA", "PHYS_ADDR": null, "ADDR_DESC": "NO ADDRESS ABANDONED TRUCKING FACILITY 6406 ST HWY 225 DEER PARK HARRIS CO 77536", "CITY": "DEER PARK", "COUNTY": "HARRIS", "ZIP_CODE": null, "REGION": "REGION 12 - HOUSTON", "LAT_DD": 29.706719999999997, "LONG_DD": -95.10324399999999, "HORZ_METH": "UNKNOWN", "HORZ_ACC": -9999, "HORZ_REF": "OTHER", "HORZ_DATE": "20020807", "HORZ_ORG": "TCEQ", "HORZ_DATUM": "NAD83", "HORZ_DESC": null, "dma_county": "Harris", "tceq_program": "vcp"}}, {"type": "Feature", "id": 1459654, "geometry": {"type": "Point", "coordinates": [-95.367727, 29.798415]}, "properties": {"OBJECTID": 1459654, "REM_PROG": "Voluntary Cleanup Program (VCP)", "RN": "RN105925317", "VCP_ID": 2319, "SITE_NAME": "NORTH ROUTE CORRIDOR PARCEL NR 281 282 AT 4200 & 4206 FULTON", "PHYS_ADDR": null, "ADDR_DESC": "4200 & 4206 FULTON STREET\nHOUSTON TX 77009-2902", "CITY": "HOUSTON", "COUNTY": "HARRIS", "ZIP_CODE": null, "REGION": "REGION 12 - HOUSTON", "LAT_DD": 29.798409999999997, "LONG_DD": -95.36771999999999, "HORZ_METH": "UNKNOWN", "HORZ_ACC": -9999, "HORZ_REF": "OTHER", "HORZ_DATE": "20100507", "HORZ_ORG": "TCEQ", "HORZ_DATUM": "NAD83", "HORZ_DESC": null, "dma_county": "Harris", "tceq_program": "vcp"}}, {"type": "Feature", "id": 1459662, "geometry": {"type": "Point", "coordinates": [-95.271597, 29.529249]}, "properties": {"OBJECTID": 1459662, "REM_PROG": "Voluntary Cleanup Program (VCP)", "RN": "RN102743622", "VCP_ID": 1173, "SITE_NAME": "ALMEDA PEARLAND WAREHOUSE", "PHYS_ADDR": "8421 INDUSTRIAL DR", "ADDR_DESC": "8421 INDUSTRIAL ROAD", "CITY": "PEARLAND", "COUNTY": "BRAZORIA", "ZIP_CODE": "77584", "REGION": "REGION 12 - HOUSTON", "LAT_DD": 29.5292443, "LONG_DD": -95.27159032, "HORZ_METH": "ADDMAT_NUM", "HORZ_ACC": -9999, "HORZ_REF": "FAC_CEN", "HORZ_DATE": "20000418", "HORZ_ORG": "TCEQ", "HORZ_DATUM": "NAD83", "HORZ_DESC": null, "dma_county": "Brazoria", "tceq_program": "vcp"}}, {"type": "Feature", "id": 1459664, "geometry": {"type": "Point", "coordinates": [-95.434558, 29.705449]}, "properties": {"OBJECTID": 1459664, "REM_PROG": "Voluntary Cleanup Program (VCP)", "RN": "RN101050821", "VCP_ID": 2626, "SITE_NAME": "BELLAIRE TECHNOLOGY CENTER", "PHYS_ADDR": "3737 BELLAIRE BLVD", "ADDR_DESC": "3737 Bellaire Blvd, Houston, TX", "CITY": "HOUSTON", "COUNTY": "HARRIS", "ZIP_CODE": "77025", "REGION": "REGION 12 - HOUSTON", "LAT_DD": 29.70544346, "LONG_DD": -95.434551, "HORZ_METH": "ADDMAT_NUM", "HORZ_ACC": -9999, "HORZ_REF": "OTHER", "HORZ_DATE": "20131106", "HORZ_ORG": "TCEQ", "HORZ_DATUM": "NAD83", "HORZ_DESC": null, "dma_county": "Harris", "tceq_program": "vcp"}}, {"type": "Feature", "id": 1459666, "geometry": {"type": "Point", "coordinates": [-95.104177, 29.491675]}, "properties": {"OBJECTID": 1459666, "REM_PROG": "Voluntary Cleanup Program (VCP)", "RN": "RN102700812", "VCP_ID": 310, "SITE_NAME": "TRACT II TOWNSITE ADDITION LEAGUE CITY", "PHYS_ADDR": null, "ADDR_DESC": "LINK ROAD EAST OF CALDER DRIVE ATHLETIC FACILITY", "CITY": "LEAGUE CITY", "COUNTY": "GALVESTON", "ZIP_CODE": null, "REGION": "REGION 12 - HOUSTON", "LAT_DD": 29.49167, "LONG_DD": -95.10417, "HORZ_METH": "UNKNOWN", "HORZ_ACC": -9999, "HORZ_REF": "OTHER", "HORZ_DATE": "19960802", "HORZ_ORG": "TCEQ", "HORZ_DATUM": "NAD83", "HORZ_DESC": null, "dma_county": "Galveston", "tceq_program": "vcp"}}, {"type": "Feature", "id": 1459667, "geometry": {"type": "Point", "coordinates": [-95.37446, 29.80833]}, "properties": {"OBJECTID": 1459667, "REM_PROG": "Voluntary Cleanup Program (VCP)", "RN": "RN100585090", "VCP_ID": 1151, "SITE_NAME": "PRECISION ENGINE REBUILDERS", "PHYS_ADDR": "3225 NORTH FWY", "ADDR_DESC": "3225 NORTH FREEWAY FORMERLY KAMS INC", "CITY": "HOUSTON", "COUNTY": "HARRIS", "ZIP_CODE": "77009", "REGION": "REGION 12 - HOUSTON", "LAT_DD": 29.80832451, "LONG_DD": -95.37445331, "HORZ_METH": "ADDMAT_NUM", "HORZ_ACC": -9999, "HORZ_REF": "PST_TANK", "HORZ_DATE": "20000224", "HORZ_ORG": "TCEQ", "HORZ_DATUM": "NAD83", "HORZ_DESC": null, "dma_county": "Harris", "tceq_program": "vcp"}}, {"type": "Feature", "id": 1459672, "geometry": {"type": "Point", "coordinates": [-95.569799, 29.655611]}, "properties": {"OBJECTID": 1459672, "REM_PROG": "Voluntary Cleanup Program (VCP)", "RN": "RN102803863", "VCP_ID": 62, "SITE_NAME": "PILGRIM CLEANERS WEST BELLFORT", "PHYS_ADDR": "10816 W BELLFORT AVE", "ADDR_DESC": "10816 WEST BELLFORT", "CITY": "HOUSTON", "COUNTY": "HARRIS", "ZIP_CODE": "77099", "REGION": "REGION 12 - HOUSTON", "LAT_DD": 29.65560584, "LONG_DD": -95.56979196, "HORZ_METH": "DOQ", "HORZ_ACC": 5, "HORZ_REF": "STRUC_CEN", "HORZ_DATE": "19951214", "HORZ_ORG": "TCEQ", "HORZ_DATUM": "NAD83", "HORZ_DESC": null, "dma_county": "Harris", "tceq_program": "vcp"}}, {"type": "Feature", "id": 1459674, "geometry": {"type": "Point", "coordinates": [-95.021396, 29.548616]}, "properties": {"OBJECTID": 1459674, "REM_PROG": "Voluntary Cleanup Program (VCP)", "RN": "RN101056505", "VCP_ID": 995, "SITE_NAME": "VACANT LAND - KEMAH TOWNSITE,", "PHYS_ADDR": null, "ADDR_DESC": "101 FIRST STREET VACANT TRACT 1 ACRE", "CITY": "KEMAH", "COUNTY": "GALVESTON", "ZIP_CODE": null, "REGION": "REGION 12 - HOUSTON", "LAT_DD": 29.548610999999998, "LONG_DD": -95.021389, "HORZ_METH": "UNKNOWN", "HORZ_ACC": -9999, "HORZ_REF": "OTHER", "HORZ_DATE": "19990622", "HORZ_ORG": "TCEQ", "HORZ_DATUM": "NAD83", "HORZ_DESC": null, "dma_county": "Galveston", "tceq_program": "vcp"}}, {"type": "Feature", "id": 1459676, "geometry": {"type": "Point", "coordinates": [-95.527497, 29.625545]}, "properties": {"OBJECTID": 1459676, "REM_PROG": "Voluntary Cleanup Program (VCP)", "RN": "RN101771863", "VCP_ID": 1219, "SITE_NAME": "COOPER CAMERON", "PHYS_ADDR": "16500 HIGHWAY 90 A", "ADDR_DESC": "INTERSECTION TX HIGHWAY 90A AND CRAVENS RO", "CITY": "MISSOURI CITY", "COUNTY": "FORT BEND", "ZIP_CODE": "77489", "REGION": "REGION 12 - HOUSTON", "LAT_DD": 29.62554022, "LONG_DD": -95.52748956, "HORZ_METH": "ADDMAT_NUM", "HORZ_ACC": -9999, "HORZ_REF": "OTHER", "HORZ_DATE": "20000612", "HORZ_ORG": "TCEQ", "HORZ_DATUM": "NAD83", "HORZ_DESC": null, "dma_county": "Fort Bend", "tceq_program": "vcp"}}, {"type": "Feature", "id": 1459678, "geometry": {"type": "Point", "coordinates": [-95.350327, 29.753358]}, "properties": {"OBJECTID": 1459678, "REM_PROG": "Voluntary Cleanup Program (VCP)", "RN": "RN106225964", "VCP_ID": 2439, "SITE_NAME": "STANFORD DEVELOPMENT TRACT", "PHYS_ADDR": "505 BASTROP ST APT 507", "ADDR_DESC": "505 BASTROP ST", "CITY": "HOUSTON", "COUNTY": "HARRIS", "ZIP_CODE": "77003", "REGION": "REGION 12 - HOUSTON", "LAT_DD": 29.753353099999998, "LONG_DD": -95.35032019, "HORZ_METH": "UNKNOWN", "HORZ_ACC": -9999, "HORZ_REF": "OTHER", "HORZ_DATE": "20110824", "HORZ_ORG": "TCEQ", "HORZ_DATUM": "NAD83", "HORZ_DESC": null, "dma_county": "Harris", "tceq_program": "vcp"}}, {"type": "Feature", "id": 1459690, "geometry": {"type": "Point", "coordinates": [-95.458992, 30.002037]}, "properties": {"OBJECTID": 1459690, "REM_PROG": "Voluntary Cleanup Program (VCP)", "RN": "RN102803731", "VCP_ID": 115, "SITE_NAME": "PILGRIM CLEANERS KUYKENDAHL", "PHYS_ADDR": "15386 KUYKENDAHL RD", "ADDR_DESC": "15386 KUYKENDAHL", "CITY": "HOUSTON", "COUNTY": "HARRIS", "ZIP_CODE": "77090", "REGION": "REGION 12 - HOUSTON", "LAT_DD": 30.00203212, "LONG_DD": -95.45898504, "HORZ_METH": "ADDMAT_NUM", "HORZ_ACC": -9999, "HORZ_REF": "STRUC_CEN", "HORZ_DATE": "19951214", "HORZ_ORG": "TCEQ", "HORZ_DATUM": "NAD83", "HORZ_DESC": null, "dma_county": "Harris", "tceq_program": "vcp"}}, {"type": "Feature", "id": 1459695, "geometry": {"type": "Point", "coordinates": [-95.493776, 29.674186]}, "properties": {"OBJECTID": 1459695, "REM_PROG": "Voluntary Cleanup Program (VCP)", "RN": "RN101834877", "VCP_ID": 2902, "SITE_NAME": "FORMER MAPLEWOOD TEXACO", "PHYS_ADDR": "9770 HILLCROFT AVE", "ADDR_DESC": null, "CITY": "HOUSTON", "COUNTY": "HARRIS", "ZIP_CODE": "77096", "REGION": "REGION 12 - HOUSTON", "LAT_DD": 29.67418066, "LONG_DD": -95.49376908, "HORZ_METH": "DOQ", "HORZ_ACC": 5, "HORZ_REF": "PST_TANK", "HORZ_DATE": "20170823", "HORZ_ORG": "TCEQ", "HORZ_DATUM": "NAD83", "HORZ_DESC": null, "dma_county": "Harris", "tceq_program": "vcp"}}, {"type": "Feature", "id": 1459699, "geometry": {"type": "Point", "coordinates": [-95.564891, 29.793199]}, "properties": {"OBJECTID": 1459699, "REM_PROG": "Voluntary Cleanup Program (VCP)", "RN": "RN101690949", "VCP_ID": 2374, "SITE_NAME": "WAL-MART 1409", "PHYS_ADDR": "10750 WESTVIEW DR", "ADDR_DESC": "10750 WESTVIEW DRIVE", "CITY": "HOUSTON", "COUNTY": "HARRIS", "ZIP_CODE": "77043", "REGION": "REGION 12 - HOUSTON", "LAT_DD": 29.79319382, "LONG_DD": -95.56488378, "HORZ_METH": "DOQ", "HORZ_ACC": 5, "HORZ_REF": "STRUC_CEN", "HORZ_DATE": "20101221", "HORZ_ORG": "TCEQ", "HORZ_DATUM": "NAD83", "HORZ_DESC": null, "dma_county": "Harris", "tceq_program": "vcp"}}, {"type": "Feature", "id": 1459700, "geometry": {"type": "Point", "coordinates": [-95.410956, 29.923116]}, "properties": {"OBJECTID": 1459700, "REM_PROG": "Voluntary Cleanup Program (VCP)", "RN": "RN103959433", "VCP_ID": 2535, "SITE_NAME": "NORTH 45 PLAZA", "PHYS_ADDR": "10922 NORTH FWY STE A", "ADDR_DESC": null, "CITY": "HOUSTON", "COUNTY": "HARRIS", "ZIP_CODE": "77037", "REGION": "REGION 12 - HOUSTON", "LAT_DD": 29.92311057, "LONG_DD": -95.41094926, "HORZ_METH": "ADDMAT_NUM", "HORZ_ACC": -9999, "HORZ_REF": "OTHER", "HORZ_DATE": "20120921", "HORZ_ORG": "TCEQ", "HORZ_DATUM": "NAD83", "HORZ_DESC": null, "dma_county": "Harris", "tceq_program": "vcp"}}, {"type": "Feature", "id": 1459707, "geometry": {"type": "Point", "coordinates": [-95.018864, 29.606593]}, "properties": {"OBJECTID": 1459707, "REM_PROG": "Voluntary Cleanup Program (VCP)", "RN": "RN100218411", "VCP_ID": 1862, "SITE_NAME": "ODFJELL TERMINALS", "PHYS_ADDR": "12211 PORT RD", "ADDR_DESC": null, "CITY": "SEABROOK", "COUNTY": "HARRIS", "ZIP_CODE": "77586", "REGION": "REGION 12 - HOUSTON", "LAT_DD": 29.60658803, "LONG_DD": -95.01885692, "HORZ_METH": "ADDMAT_NUM", "HORZ_ACC": -9999, "HORZ_REF": "OTHER", "HORZ_DATE": "20050908", "HORZ_ORG": "TCEQ", "HORZ_DATUM": "NAD83", "HORZ_DESC": null, "dma_county": "Harris", "tceq_program": "vcp"}}, {"type": "Feature", "id": 1459713, "geometry": {"type": "Point", "coordinates": [-95.301197, 29.85727]}, "properties": {"OBJECTID": 1459713, "REM_PROG": "Voluntary Cleanup Program (VCP)", "RN": "RN104063706", "VCP_ID": 1654, "SITE_NAME": "FORMER PIONEER DRY CLEANERS", "PHYS_ADDR": "7140 PARKER RD", "ADDR_DESC": "100 FEET SOUTHWEST OF INTERSECTION OF PARKER AND HOMESTEAD ROADS", "CITY": "HOUSTON", "COUNTY": "HARRIS", "ZIP_CODE": "77016", "REGION": "REGION 12 - HOUSTON", "LAT_DD": 29.85726477, "LONG_DD": -95.30118979, "HORZ_METH": "DOQ", "HORZ_ACC": 5, "HORZ_REF": "FAC_CEN", "HORZ_DATE": "20031021", "HORZ_ORG": "TCEQ", "HORZ_DATUM": "NAD83", "HORZ_DESC": null, "dma_county": "Harris", "tceq_program": "vcp"}}, {"type": "Feature", "id": 1459717, "geometry": {"type": "Point", "coordinates": [-95.718262, 29.800879]}, "properties": {"OBJECTID": 1459717, "REM_PROG": "Voluntary Cleanup Program (VCP)", "RN": "RN103948931", "VCP_ID": 1635, "SITE_NAME": "WESTLAKE SHOPPING CENTER", "PHYS_ADDR": "19700 SAUMS RD", "ADDR_DESC": "NEC OF FRY RD AND SAUMS RD", "CITY": "HOUSTON", "COUNTY": "HARRIS", "ZIP_CODE": "77084", "REGION": "REGION 12 - HOUSTON", "LAT_DD": 29.80087428, "LONG_DD": -95.71825508, "HORZ_METH": "ADDMAT_NUM", "HORZ_ACC": -9999, "HORZ_REF": "OTHER", "HORZ_DATE": "20030912", "HORZ_ORG": "TCEQ", "HORZ_DATUM": "NAD83", "HORZ_DESC": null, "dma_county": "Harris", "tceq_program": "vcp"}}, {"type": "Feature", "id": 1459722, "geometry": {"type": "Point", "coordinates": [-95.570134, 29.737506]}, "properties": {"OBJECTID": 1459722, "REM_PROG": "Voluntary Cleanup Program (VCP)", "RN": "RN101462273", "VCP_ID": 316, "SITE_NAME": "LAKESIDE SHOPPING VILLAGE", "PHYS_ADDR": "10900 WESTHEIMER RD", "ADDR_DESC": "10900 BLOCK OF WESTHEIMER WILCREST", "CITY": "HOUSTON", "COUNTY": "HARRIS", "ZIP_CODE": "77042", "REGION": "REGION 12 - HOUSTON", "LAT_DD": 29.7375009, "LONG_DD": -95.5701265, "HORZ_METH": "ADDMAT_NUM", "HORZ_ACC": -9999, "HORZ_REF": "OTHER", "HORZ_DATE": "19960809", "HORZ_ORG": "TCEQ", "HORZ_DATUM": "NAD83", "HORZ_DESC": null, "dma_county": "Harris", "tceq_program": "vcp"}}, {"type": "Feature", "id": 1459724, "geometry": {"type": "Point", "coordinates": [-95.024727, 29.734725]}, "properties": {"OBJECTID": 1459724, "REM_PROG": "Voluntary Cleanup Program (VCP)", "RN": "RN102618279", "VCP_ID": 593, "SITE_NAME": "EPC - NITROGEN BENZENE TRANSFE", "PHYS_ADDR": null, "ADDR_DESC": "BAYWAY DRIVE PIPELINE EASEMENT", "CITY": "BAYTOWN", "COUNTY": "HARRIS", "ZIP_CODE": null, "REGION": "REGION 12 - HOUSTON", "LAT_DD": 29.73472, "LONG_DD": -95.02472, "HORZ_METH": "UNKNOWN", "HORZ_ACC": -9999, "HORZ_REF": "OTHER", "HORZ_DATE": "19970811", "HORZ_ORG": "TCEQ", "HORZ_DATUM": "NAD83", "HORZ_DESC": null, "dma_county": "Harris", "tceq_program": "vcp"}}, {"type": "Feature", "id": 1459725, "geometry": {"type": "Point", "coordinates": [-95.540584, 29.705873]}, "properties": {"OBJECTID": 1459725, "REM_PROG": "Voluntary Cleanup Program (VCP)", "RN": "RN102643624", "VCP_ID": 1160, "SITE_NAME": "GOLDEN FLEETWOOD CLEANERS", "PHYS_ADDR": "8880 BELLAIRE BLVD", "ADDR_DESC": "8880 BELLAIRE BOULEVARD", "CITY": "HOUSTON", "COUNTY": "HARRIS", "ZIP_CODE": "77036", "REGION": "REGION 12 - HOUSTON", "LAT_DD": 29.70586805, "LONG_DD": -95.5405769, "HORZ_METH": "DOQ", "HORZ_ACC": 5, "HORZ_REF": "STRUC_CEN", "HORZ_DATE": "20000315", "HORZ_ORG": "TCEQ", "HORZ_DATUM": "NAD83", "HORZ_DESC": null, "dma_county": "Harris", "tceq_program": "vcp"}}, {"type": "Feature", "id": 1459730, "geometry": {"type": "Point", "coordinates": [-95.450148, 29.809961]}, "properties": {"OBJECTID": 1459730, "REM_PROG": "Voluntary Cleanup Program (VCP)", "RN": "RN100887165", "VCP_ID": 2894, "SITE_NAME": "FORMER DELUXE CHECK PRINTERS", "PHYS_ADDR": "3900 DACOMA ST", "ADDR_DESC": "3900 DACOMA AVENUE", "CITY": "HOUSTON", "COUNTY": "HARRIS", "ZIP_CODE": "77092", "REGION": "REGION 12 - HOUSTON", "LAT_DD": 29.80995613, "LONG_DD": -95.45014065, "HORZ_METH": "DOQ", "HORZ_ACC": 5, "HORZ_REF": "FAC_CEN", "HORZ_DATE": "20170626", "HORZ_ORG": "TCEQ", "HORZ_DATUM": "NAD83", "HORZ_DESC": null, "dma_county": "Harris", "tceq_program": "vcp"}}, {"type": "Feature", "id": 1459733, "geometry": {"type": "Point", "coordinates": [-95.462501, 29.789279]}, "properties": {"OBJECTID": 1459733, "REM_PROG": "Voluntary Cleanup Program (VCP)", "RN": "RN101474880", "VCP_ID": 1870, "SITE_NAME": "AWTY SCHOOL RD PROPERTY", "PHYS_ADDR": "1000 SILBER RD", "ADDR_DESC": "1000 SILBER ROAD", "CITY": "HOUSTON", "COUNTY": "HARRIS", "ZIP_CODE": "77055", "REGION": "REGION 12 - HOUSTON", "LAT_DD": 29.78927337, "LONG_DD": -95.46249435, "HORZ_METH": "DOQ", "HORZ_ACC": 5, "HORZ_REF": "FAC_CEN", "HORZ_DATE": "20050921", "HORZ_ORG": "TCEQ", "HORZ_DATUM": "NAD83", "HORZ_DESC": null, "dma_county": "Harris", "tceq_program": "vcp"}}, {"type": "Feature", "id": 1459734, "geometry": {"type": "Point", "coordinates": [-95.377029, 29.741015]}, "properties": {"OBJECTID": 1459734, "REM_PROG": "Voluntary Cleanup Program (VCP)", "RN": "RN103125753", "VCP_ID": 1584, "SITE_NAME": "CITY OF HOUSTON CITY BLOCK 6 ELGIN STUART FANNIN AND MAIN", "PHYS_ADDR": "1010 ELGIN ST", "ADDR_DESC": "ONE CITY BLOCK BOUNDED BY ELGIN STUART FANNIN AND MAIN STS IN DOWNTOWN HOUSTON", "CITY": "HOUSTON", "COUNTY": "HARRIS", "ZIP_CODE": "77004", "REGION": "REGION 12 - HOUSTON", "LAT_DD": 29.74100971, "LONG_DD": -95.37702173, "HORZ_METH": "ADDMAT_NUM", "HORZ_ACC": -9999, "HORZ_REF": "STRUC_CEN", "HORZ_DATE": "20030418", "HORZ_ORG": "TCEQ", "HORZ_DATUM": "NAD83", "HORZ_DESC": null, "dma_county": "Harris", "tceq_program": "vcp"}}, {"type": "Feature", "id": 1459735, "geometry": {"type": "Point", "coordinates": [-95.958005, 29.787442]}, "properties": {"OBJECTID": 1459735, "REM_PROG": "Voluntary Cleanup Program (VCP)", "RN": "RN100860667", "VCP_ID": 1694, "SITE_NAME": "BROOKSHIRE DRYING", "PHYS_ADDR": "1019 BAINS ST", "ADDR_DESC": "2 MILES NORTH OF I-10 AT INTERSECTION OF HIGHWAY 359 AND US 90", "CITY": "BROOKSHIRE", "COUNTY": "WALLER", "ZIP_CODE": "77423", "REGION": "REGION 12 - HOUSTON", "LAT_DD": 29.78743684, "LONG_DD": -95.95799754, "HORZ_METH": "ADDMAT_NUM", "HORZ_ACC": -9999, "HORZ_REF": "STRUC_CEN", "HORZ_DATE": "20040428", "HORZ_ORG": "TCEQ", "HORZ_DATUM": "NAD83", "HORZ_DESC": null, "dma_county": "Waller", "tceq_program": "vcp"}}, {"type": "Feature", "id": 1459738, "geometry": {"type": "Point", "coordinates": [-95.132143, 29.708627]}, "properties": {"OBJECTID": 1459738, "REM_PROG": "Voluntary Cleanup Program (VCP)", "RN": "RN101460772", "VCP_ID": 684, "SITE_NAME": "DEER PARK INDUSTRIAL PARK", "PHYS_ADDR": "1105 HOWARD DR", "ADDR_DESC": "1105 HOWARD STREET", "CITY": "DEER PARK", "COUNTY": "HARRIS", "ZIP_CODE": "77536", "REGION": "REGION 12 - HOUSTON", "LAT_DD": 29.70862145, "LONG_DD": -95.13213578, "HORZ_METH": "ADDMAT_NUM", "HORZ_ACC": -9999, "HORZ_REF": "STRUC_CEN", "HORZ_DATE": "19980126", "HORZ_ORG": "TCEQ", "HORZ_DATUM": "NAD83", "HORZ_DESC": null, "dma_county": "Harris", "tceq_program": "vcp"}}, {"type": "Feature", "id": 1459739, "geometry": {"type": "Point", "coordinates": [-95.452283, 29.654085]}, "properties": {"OBJECTID": 1459739, "REM_PROG": "Voluntary Cleanup Program (VCP)", "RN": "RN101474534", "VCP_ID": 736, "SITE_NAME": "PROPOSED HEBREW ACADEMY SITE", "PHYS_ADDR": "11333 CLIFFWOOD DR", "ADDR_DESC": "SWC OLD MAIN AND SOUTH MAIN", "CITY": "HOUSTON", "COUNTY": "HARRIS", "ZIP_CODE": "77035", "REGION": "REGION 12 - HOUSTON", "LAT_DD": 29.6540797, "LONG_DD": -95.45227566, "HORZ_METH": "ADDMAT_NUM", "HORZ_ACC": -9999, "HORZ_REF": "STRUC_CEN", "HORZ_DATE": "19980330", "HORZ_ORG": "TCEQ", "HORZ_DATUM": "NAD83", "HORZ_DESC": null, "dma_county": "Harris", "tceq_program": "vcp"}}, {"type": "Feature", "id": 1459741, "geometry": {"type": "Point", "coordinates": [-95.413293, 29.934278]}, "properties": {"OBJECTID": 1459741, "REM_PROG": "Voluntary Cleanup Program (VCP)", "RN": "RN102011780", "VCP_ID": 1795, "SITE_NAME": "GREENSPOINT DODGE", "PHYS_ADDR": "11655 NORTH FWY", "ADDR_DESC": "1/2 MI SOUTH OF SAM HOUSTON BELTWAY AND I-45 INTERCHANGE WEST SIDE", "CITY": "HOUSTON", "COUNTY": "HARRIS", "ZIP_CODE": "77060", "REGION": "REGION 12 - HOUSTON", "LAT_DD": 29.9342728, "LONG_DD": -95.41328558, "HORZ_METH": "ADDMAT_NUM", "HORZ_ACC": -9999, "HORZ_REF": "STRUC_CEN", "HORZ_DATE": "20050214", "HORZ_ORG": "TCEQ", "HORZ_DATUM": "NAD83", "HORZ_DESC": null, "dma_county": "Harris", "tceq_program": "vcp"}}, {"type": "Feature", "id": 1459743, "geometry": {"type": "Point", "coordinates": [-95.610787, 29.983096]}, "properties": {"OBJECTID": 1459743, "REM_PROG": "Voluntary Cleanup Program (VCP)", "RN": "RN103964896", "VCP_ID": 1792, "SITE_NAME": "CYPRESS CREEK CLEANERS", "PHYS_ADDR": "12275 GRANT RD", "ADDR_DESC": null, "CITY": "CYPRESS", "COUNTY": "HARRIS", "ZIP_CODE": "77429", "REGION": "REGION 12 - HOUSTON", "LAT_DD": 29.98309071, "LONG_DD": -95.61077991, "HORZ_METH": "ADDMAT_NUM", "HORZ_ACC": -9999, "HORZ_REF": "STRUC_CEN", "HORZ_DATE": "20050210", "HORZ_ORG": "TCEQ", "HORZ_DATUM": "NAD83", "HORZ_DESC": null, "dma_county": "Harris", "tceq_program": "vcp"}}, {"type": "Feature", "id": 1459745, "geometry": {"type": "Point", "coordinates": [-95.089243, 29.685191]}, "properties": {"OBJECTID": 1459745, "REM_PROG": "Voluntary Cleanup Program (VCP)", "RN": "RN101052991", "VCP_ID": 1216, "SITE_NAME": "DASHIELL", "PHYS_ADDR": "1300 UNDERWOOD RD", "ADDR_DESC": null, "CITY": "DEER PARK", "COUNTY": "HARRIS", "ZIP_CODE": "77536", "REGION": "REGION 12 - HOUSTON", "LAT_DD": 29.68518587, "LONG_DD": -95.08923624, "HORZ_METH": "DOQ", "HORZ_ACC": 5, "HORZ_REF": "STRUC_CEN", "HORZ_DATE": "20000525", "HORZ_ORG": "TCEQ", "HORZ_DATUM": "NAD83", "HORZ_DESC": null, "dma_county": "Harris", "tceq_program": "vcp"}}, {"type": "Feature", "id": 1459751, "geometry": {"type": "Point", "coordinates": [-95.212525, 29.759276]}, "properties": {"OBJECTID": 1459751, "REM_PROG": "Voluntary Cleanup Program (VCP)", "RN": "RN104302948", "VCP_ID": 1697, "SITE_NAME": "NATIONAL STRAND PRODUCTS", "PHYS_ADDR": "1727 FEDERAL RD", "ADDR_DESC": "1727 federal road", "CITY": "HOUSTON", "COUNTY": "HARRIS", "ZIP_CODE": "77015", "REGION": "REGION 12 - HOUSTON", "LAT_DD": 29.75927098, "LONG_DD": -95.2125184, "HORZ_METH": "ADDMAT_NUM", "HORZ_ACC": -9999, "HORZ_REF": "STRUC_CEN", "HORZ_DATE": "20040526", "HORZ_ORG": "TCEQ", "HORZ_DATUM": "NAD83", "HORZ_DESC": null, "dma_county": "Harris", "tceq_program": "vcp"}}, {"type": "Feature", "id": 1459753, "geometry": {"type": "Point", "coordinates": [-95.615047, 29.735473]}, "properties": {"OBJECTID": 1459753, "REM_PROG": "Voluntary Cleanup Program (VCP)", "RN": "RN102645769", "VCP_ID": 111, "SITE_NAME": "PILGRIM CLEANERS WESTHEIMER", "PHYS_ADDR": "12917 WESTHEIMER RD", "ADDR_DESC": "12917 WESTHEIMER", "CITY": "HOUSTON", "COUNTY": "HARRIS", "ZIP_CODE": "77077", "REGION": "REGION 12 - HOUSTON", "LAT_DD": 29.73546752, "LONG_DD": -95.6150397, "HORZ_METH": "ADDMAT_NUM", "HORZ_ACC": -9999, "HORZ_REF": "FAC_CEN", "HORZ_DATE": "19951214", "HORZ_ORG": "TCEQ", "HORZ_DATUM": "NAD83", "HORZ_DESC": null, "dma_county": "Harris", "tceq_program": "vcp"}}, {"type": "Feature", "id": 1459756, "geometry": {"type": "Point", "coordinates": [-95.33121, 29.776]}, "properties": {"OBJECTID": 1459756, "REM_PROG": "Voluntary Cleanup Program (VCP)", "RN": "RN101052736", "VCP_ID": 544, "SITE_NAME": "PLEASANT HILL VILLAGE APARTMENTS", "PHYS_ADDR": "3800 LYONS AVE", "ADDR_DESC": "3800 LYONS PANNELL STREET", "CITY": "HOUSTON", "COUNTY": "HARRIS", "ZIP_CODE": "77020", "REGION": "REGION 12 - HOUSTON", "LAT_DD": 29.77599501, "LONG_DD": -95.33120261, "HORZ_METH": "ADDMAT_NUM", "HORZ_ACC": -9999, "HORZ_REF": "OTHER", "HORZ_DATE": "19970605", "HORZ_ORG": "TCEQ", "HORZ_DATUM": "NAD83", "HORZ_DESC": null, "dma_county": "Harris", "tceq_program": "vcp"}}, {"type": "Feature", "id": 1459758, "geometry": {"type": "Point", "coordinates": [-95.671055, 29.783678]}, "properties": {"OBJECTID": 1459758, "REM_PROG": "Voluntary Cleanup Program (VCP)", "RN": "RN102213485", "VCP_ID": 513, "SITE_NAME": "8 ACRES/SOUTH SIDE IH 10", "PHYS_ADDR": null, "ADDR_DESC": "15000 BLOCK OF KATY FREEWAY UNDEVELOPED LAND", "CITY": "HOUSTON", "COUNTY": "HARRIS", "ZIP_CODE": null, "REGION": "REGION 12 - HOUSTON", "LAT_DD": 29.78367236, "LONG_DD": -95.67104758, "HORZ_METH": "ADDMAT_NUM", "HORZ_ACC": -9999, "HORZ_REF": "OTHER", "HORZ_DATE": "19970418", "HORZ_ORG": "TCEQ", "HORZ_DATUM": "NAD83", "HORZ_DESC": null, "dma_county": "Harris", "tceq_program": "vcp"}}, {"type": "Feature", "id": 1459762, "geometry": {"type": "Point", "coordinates": [-95.31821, 29.762949]}, "properties": {"OBJECTID": 1459762, "REM_PROG": "Voluntary Cleanup Program (VCP)", "RN": "RN100689702", "VCP_ID": 306, "SITE_NAME": "LONE STAR HEAT TREATING", "PHYS_ADDR": "5212 CLINTON DR", "ADDR_DESC": "5212 CLINTON DRIVE", "CITY": "HOUSTON", "COUNTY": "HARRIS", "ZIP_CODE": "77020", "REGION": "REGION 12 - HOUSTON", "LAT_DD": 29.76294348, "LONG_DD": -95.31820306, "HORZ_METH": "ADDMAT_NUM", "HORZ_ACC": -9999, "HORZ_REF": "FAC_CEN", "HORZ_DATE": "19960731", "HORZ_ORG": "TCEQ", "HORZ_DATUM": "NAD83", "HORZ_DESC": null, "dma_county": "Harris", "tceq_program": "vcp"}}, {"type": "Feature", "id": 1459770, "geometry": {"type": "Point", "coordinates": [-94.864758, 29.287145]}, "properties": {"OBJECTID": 1459770, "REM_PROG": "Voluntary Cleanup Program (VCP)", "RN": "RN104524350", "VCP_ID": 1790, "SITE_NAME": "8400 OLD CAUSEWAY", "PHYS_ADDR": null, "ADDR_DESC": "ALONG NORTH SIDE OF OLD HWY 6 AND LOCATED NORTHWEST OF THE INTERSECTION OF IH-45 AND HARBORSIDE DR VACANT PROPERTY", "CITY": "GALVESTON", "COUNTY": "GALVESTON", "ZIP_CODE": null, "REGION": "REGION 12 - HOUSTON", "LAT_DD": 29.28713964, "LONG_DD": -94.86475128, "HORZ_METH": "DOQ", "HORZ_ACC": 5, "HORZ_REF": "STRUC_CEN", "HORZ_DATE": "20050202", "HORZ_ORG": "TCEQ", "HORZ_DATUM": "NAD83", "HORZ_DESC": null, "dma_county": "Galveston", "tceq_program": "vcp"}}, {"type": "Feature", "id": 1459775, "geometry": {"type": "Point", "coordinates": [-95.10668, 29.763531]}, "properties": {"OBJECTID": 1459775, "REM_PROG": "Voluntary Cleanup Program (VCP)", "RN": "RN100214477", "VCP_ID": 387, "SITE_NAME": "HUTCHISON-HAYES INTERNATIONAL", "PHYS_ADDR": "16504 DE ZAVALLA RD", "ADDR_DESC": "16504 DeZavala Rd", "CITY": "CHANNELVIEW", "COUNTY": "HARRIS", "ZIP_CODE": "77530", "REGION": "REGION 12 - HOUSTON", "LAT_DD": 29.76352533, "LONG_DD": -95.10667282, "HORZ_METH": "ADDMAT_NUM", "HORZ_ACC": -9999, "HORZ_REF": "OTHER", "HORZ_DATE": "19961030", "HORZ_ORG": "TCEQ", "HORZ_DATUM": "NAD83", "HORZ_DESC": null, "dma_county": "Harris", "tceq_program": "vcp"}}, {"type": "Feature", "id": 1459779, "geometry": {"type": "Point", "coordinates": [-95.315308, 29.74735]}, "properties": {"OBJECTID": 1459779, "REM_PROG": "Voluntary Cleanup Program (VCP)", "RN": "RN102954641", "VCP_ID": 2690, "SITE_NAME": "FORMER SHELL PROPERTY", "PHYS_ADDR": "5802 NAVIGATION BLVD", "ADDR_DESC": "5802 & 5804 NAVIGATION BLVD", "CITY": "HOUSTON", "COUNTY": "HARRIS", "ZIP_CODE": "77011", "REGION": "REGION 12 - HOUSTON", "LAT_DD": 29.74734522, "LONG_DD": -95.31530099, "HORZ_METH": "ADDMAT_NUM", "HORZ_ACC": -9999, "HORZ_REF": "STRUC_CEN", "HORZ_DATE": "20140828", "HORZ_ORG": "TCEQ", "HORZ_DATUM": "NAD83", "HORZ_DESC": null, "dma_county": "Harris", "tceq_program": "vcp"}}, {"type": "Feature", "id": 1459785, "geometry": {"type": "Point", "coordinates": [-95.036374, 29.658223]}, "properties": {"OBJECTID": 1459785, "REM_PROG": "Voluntary Cleanup Program (VCP)", "RN": "RN102486412", "VCP_ID": 1066, "SITE_NAME": "VALLEY SYSTEMS LA PORTE FACILITY", "PHYS_ADDR": "602 S 16TH ST", "ADDR_DESC": "602 S 16th St, La Porte, TX", "CITY": "LA PORTE", "COUNTY": "HARRIS", "ZIP_CODE": "77571", "REGION": "REGION 12 - HOUSTON", "LAT_DD": 29.65821799, "LONG_DD": -95.03636732, "HORZ_METH": "DOQ", "HORZ_ACC": 5, "HORZ_REF": "FAC_CEN", "HORZ_DATE": "19991012", "HORZ_ORG": "TCEQ", "HORZ_DATUM": "NAD83", "HORZ_DESC": null, "dma_county": "Harris", "tceq_program": "vcp"}}, {"type": "Feature", "id": 1459790, "geometry": {"type": "Point", "coordinates": [-95.390112, 29.758401]}, "properties": {"OBJECTID": 1459790, "REM_PROG": "Voluntary Cleanup Program (VCP)", "RN": "RN100559392", "VCP_ID": 674, "SITE_NAME": "GULF PRINTING FACILITY", "PHYS_ADDR": "2210 W DALLAS ST", "ADDR_DESC": "2210 WEST DALLAS", "CITY": "HOUSTON", "COUNTY": "HARRIS", "ZIP_CODE": "77019", "REGION": "REGION 12 - HOUSTON", "LAT_DD": 29.75839593, "LONG_DD": -95.39010546, "HORZ_METH": "ADDMAT_NUM", "HORZ_ACC": -9999, "HORZ_REF": "OTHER", "HORZ_DATE": "19970106", "HORZ_ORG": "TCEQ", "HORZ_DATUM": "NAD83", "HORZ_DESC": null, "dma_county": "Harris", "tceq_program": "vcp"}}, {"type": "Feature", "id": 1459791, "geometry": {"type": "Point", "coordinates": [-95.499405, 29.907699]}, "properties": {"OBJECTID": 1459791, "REM_PROG": "Voluntary Cleanup Program (VCP)", "RN": "RN100901768", "VCP_ID": 2151, "SITE_NAME": "VETCO GRAY NHR FACILITY", "PHYS_ADDR": "12221 N HOUSTON ROSSLYN RD", "ADDR_DESC": "KEY MAP 411E", "CITY": "HOUSTON", "COUNTY": "HARRIS", "ZIP_CODE": "77086", "REGION": "REGION 12 - HOUSTON", "LAT_DD": 29.90769397, "LONG_DD": -95.49939822, "HORZ_METH": "DOQ", "HORZ_ACC": 5, "HORZ_REF": "STRUC_CEN", "HORZ_DATE": "20080310", "HORZ_ORG": "TCEQ", "HORZ_DATUM": "NAD83", "HORZ_DESC": null, "dma_county": "Harris", "tceq_program": "vcp"}}, {"type": "Feature", "id": 1459794, "geometry": {"type": "Point", "coordinates": [-95.455167, 29.511043]}, "properties": {"OBJECTID": 1459794, "REM_PROG": "Voluntary Cleanup Program (VCP)", "RN": "RN104294129", "VCP_ID": 2442, "SITE_NAME": "FORMER TEK-RAP FACILITY", "PHYS_ADDR": "210 POST", "ADDR_DESC": null, "CITY": "ARCOLA", "COUNTY": "FORT BEND", "ZIP_CODE": "77583", "REGION": "REGION 12 - HOUSTON", "LAT_DD": 29.51103749, "LONG_DD": -95.45515976, "HORZ_METH": "DOQ", "HORZ_ACC": 5, "HORZ_REF": "FAC_CEN", "HORZ_DATE": "20110907", "HORZ_ORG": "TCEQ", "HORZ_DATUM": "NAD83", "HORZ_DESC": null, "dma_county": "Fort Bend", "tceq_program": "vcp"}}, {"type": "Feature", "id": 1459796, "geometry": {"type": "Point", "coordinates": [-95.336916, 29.758287]}, "properties": {"OBJECTID": 1459796, "REM_PROG": "Voluntary Cleanup Program (VCP)", "RN": "RN100694041", "VCP_ID": 135, "SITE_NAME": "NORTH VELASCO ROAD PROPERTY O", "PHYS_ADDR": "709 N VELASCO ST", "ADDR_DESC": "709 N VELASCO HOUSTON TX", "CITY": "HOUSTON", "COUNTY": "HARRIS", "ZIP_CODE": "77003", "REGION": "REGION 12 - HOUSTON", "LAT_DD": 29.75828143, "LONG_DD": -95.33690854, "HORZ_METH": "ADDMAT_NUM", "HORZ_ACC": -9999, "HORZ_REF": "STRUC_CEN", "HORZ_DATE": "20000921", "HORZ_ORG": "TCEQ", "HORZ_DATUM": "NAD83", "HORZ_DESC": null, "dma_county": "Harris", "tceq_program": "vcp"}}, {"type": "Feature", "id": 1459798, "geometry": {"type": "Point", "coordinates": [-94.941859, 29.972125]}, "properties": {"OBJECTID": 1459798, "REM_PROG": "Voluntary Cleanup Program (VCP)", "RN": "RN104950233", "VCP_ID": 1922, "SITE_NAME": "COX ROAD LANDFILL", "PHYS_ADDR": null, "ADDR_DESC": "ONE MILE NORTH OF FM 1413 ON CR 491", "CITY": "DAYTON", "COUNTY": "LIBERTY", "ZIP_CODE": null, "REGION": "REGION 12 - HOUSTON", "LAT_DD": 29.97211986, "LONG_DD": -94.94185194, "HORZ_METH": "DOQ", "HORZ_ACC": 5, "HORZ_REF": "FAC_CEN", "HORZ_DATE": "20060419", "HORZ_ORG": "TCEQ", "HORZ_DATUM": "NAD83", "HORZ_DESC": null, "dma_county": "Liberty", "tceq_program": "vcp"}}, {"type": "Feature", "id": 1459799, "geometry": {"type": "Point", "coordinates": [-96.540808, 28.648555]}, "properties": {"OBJECTID": 1459799, "REM_PROG": "Voluntary Cleanup Program (VCP)", "RN": "RN103900544", "VCP_ID": 1715, "SITE_NAME": "ES JOSLIN POWER PLANT", "PHYS_ADDR": null, "ADDR_DESC": "ON 135 COUNTY RD", "CITY": "POINT COMFORT", "COUNTY": "CALHOUN", "ZIP_CODE": null, "REGION": "REGION 14 - CORPUS CHRISTI", "LAT_DD": 28.64855055, "LONG_DD": -96.54080086, "HORZ_METH": "DOQ", "HORZ_ACC": 5, "HORZ_REF": "FAC_CEN", "HORZ_DATE": "20040705", "HORZ_ORG": "TCEQ", "HORZ_DATUM": "NAD83", "HORZ_DESC": null, "dma_county": "Calhoun", "tceq_program": "vcp"}}, {"type": "Feature", "id": 1459800, "geometry": {"type": "Point", "coordinates": [-95.378611, 29.675428]}, "properties": {"OBJECTID": 1459800, "REM_PROG": "Voluntary Cleanup Program (VCP)", "RN": "RN106007693", "VCP_ID": 2352, "SITE_NAME": "SOUTH YARD SITE", "PHYS_ADDR": "3206 HOLMES RD", "ADDR_DESC": "8002 8006 & 8124 CANYON ST AND 3208 HOLMES RD", "CITY": "HOUSTON", "COUNTY": "HARRIS", "ZIP_CODE": "77051", "REGION": "REGION 12 - HOUSTON", "LAT_DD": 29.67542308, "LONG_DD": -95.37860374, "HORZ_METH": "ADDMAT_NUM", "HORZ_ACC": -9999, "HORZ_REF": "FAC_CEN", "HORZ_DATE": "20100927", "HORZ_ORG": "TCEQ", "HORZ_DATUM": "NAD83", "HORZ_DESC": null, "dma_county": "Harris", "tceq_program": "vcp"}}, {"type": "Feature", "id": 1459802, "geometry": {"type": "Point", "coordinates": [-95.595368, 29.636267]}, "properties": {"OBJECTID": 1459802, "REM_PROG": "Voluntary Cleanup Program (VCP)", "RN": "RN102925310", "VCP_ID": 584, "SITE_NAME": "FOUNTAINS PROPERTY", "PHYS_ADDR": "12600 EXECUTIVE DR", "ADDR_DESC": "12600 Executive Drive, Stafford, TX", "CITY": "STAFFORD", "COUNTY": "FORT BEND", "ZIP_CODE": "77477", "REGION": "REGION 12 - HOUSTON", "LAT_DD": 29.63626148, "LONG_DD": -95.59536069, "HORZ_METH": "ADDMAT_NUM", "HORZ_ACC": -9999, "HORZ_REF": "STRUC_CEN", "HORZ_DATE": "19970801", "HORZ_ORG": "TCEQ", "HORZ_DATUM": "NAD83", "HORZ_DESC": null, "dma_county": "Fort Bend", "tceq_program": "vcp"}}, {"type": "Feature", "id": 1459803, "geometry": {"type": "Point", "coordinates": [-95.363304, 29.772913]}, "properties": {"OBJECTID": 1459803, "REM_PROG": "Voluntary Cleanup Program (VCP)", "RN": "RN101462182", "VCP_ID": 1348, "SITE_NAME": "VACANT COMMERCIAL PROPERTY", "PHYS_ADDR": null, "ADDR_DESC": "SOUTH ST AND HARRINGTON", "CITY": "HOUSTON", "COUNTY": "HARRIS", "ZIP_CODE": null, "REGION": "REGION 12 - HOUSTON", "LAT_DD": 29.77290775, "LONG_DD": -95.36329688, "HORZ_METH": "DOQ", "HORZ_ACC": 5, "HORZ_REF": "FAC_CEN", "HORZ_DATE": "20010420", "HORZ_ORG": "TCEQ", "HORZ_DATUM": "NAD83", "HORZ_DESC": null, "dma_county": "Harris", "tceq_program": "vcp"}}, {"type": "Feature", "id": 1459806, "geometry": {"type": "Point", "coordinates": [-95.413766, 29.168576]}, "properties": {"OBJECTID": 1459806, "REM_PROG": "Voluntary Cleanup Program (VCP)", "RN": "RN100707520", "VCP_ID": 2273, "SITE_NAME": "ANGELTON SITE", "PHYS_ADDR": "1508 E CEDAR ST", "ADDR_DESC": null, "CITY": "ANGLETON", "COUNTY": "BRAZORIA", "ZIP_CODE": "77515", "REGION": "REGION 12 - HOUSTON", "LAT_DD": 29.16857095, "LONG_DD": -95.41375887, "HORZ_METH": "ADDMAT_NUM", "HORZ_ACC": -9999, "HORZ_REF": "STRUC_CEN", "HORZ_DATE": "20090917", "HORZ_ORG": "TCEQ", "HORZ_DATUM": "NAD83", "HORZ_DESC": null, "dma_county": "Brazoria", "tceq_program": "vcp"}}, {"type": "Feature", "id": 1459808, "geometry": {"type": "Point", "coordinates": [-95.445458, 29.786501]}, "properties": {"OBJECTID": 1459808, "REM_PROG": "Voluntary Cleanup Program (VCP)", "RN": "RN100240514", "VCP_ID": 642, "SITE_NAME": "PRUDENTIAL RESOURCE CENTER", "PHYS_ADDR": "7026 OLD KATY RD", "ADDR_DESC": "7026 OLD KATY ROAD", "CITY": "HOUSTON", "COUNTY": "HARRIS", "ZIP_CODE": "77024", "REGION": "REGION 12 - HOUSTON", "LAT_DD": 29.78649555, "LONG_DD": -95.4454509, "HORZ_METH": "ADDMAT_NUM", "HORZ_ACC": -9999, "HORZ_REF": "FAC_CEN", "HORZ_DATE": "19971023", "HORZ_ORG": "TCEQ", "HORZ_DATUM": "NAD83", "HORZ_DESC": null, "dma_county": "Harris", "tceq_program": "vcp"}}, {"type": "Feature", "id": 1459811, "geometry": {"type": "Point", "coordinates": [-95.304282, 29.800694]}, "properties": {"OBJECTID": 1459811, "REM_PROG": "Voluntary Cleanup Program (VCP)", "RN": "RN100211614", "VCP_ID": 1209, "SITE_NAME": "HEMPEL COATINGS USA", "PHYS_ADDR": "6901 CAVALCADE ST", "ADDR_DESC": "6901 CALVALCADE", "CITY": "HOUSTON", "COUNTY": "HARRIS", "ZIP_CODE": "77028", "REGION": "REGION 12 - HOUSTON", "LAT_DD": 29.80068882, "LONG_DD": -95.30427499, "HORZ_METH": "ADDMAT_NUM", "HORZ_ACC": -9999, "HORZ_REF": "OTHER", "HORZ_DATE": "20000501", "HORZ_ORG": "TCEQ", "HORZ_DATUM": "NAD83", "HORZ_DESC": null, "dma_county": "Harris", "tceq_program": "vcp"}}, {"type": "Feature", "id": 1459814, "geometry": {"type": "Point", "coordinates": [-95.538144, 29.738106]}, "properties": {"OBJECTID": 1459814, "REM_PROG": "Voluntary Cleanup Program (VCP)", "RN": "RN102212602", "VCP_ID": 707, "SITE_NAME": "WOODLAKE SQUARE SHOPPING CENTE", "PHYS_ADDR": "95 WOODLAKE SQ", "ADDR_DESC": "95 WOODLAKE SQUARE", "CITY": "HOUSTON", "COUNTY": "HARRIS", "ZIP_CODE": "77063", "REGION": "REGION 12 - HOUSTON", "LAT_DD": 29.73810084, "LONG_DD": -95.53813733, "HORZ_METH": "DOQ", "HORZ_ACC": 5, "HORZ_REF": "STRUC_CEN", "HORZ_DATE": "19980219", "HORZ_ORG": "TCEQ", "HORZ_DATUM": "NAD83", "HORZ_DESC": null, "dma_county": "Harris", "tceq_program": "vcp"}}, {"type": "Feature", "id": 1459817, "geometry": {"type": "Point", "coordinates": [-95.213353, 29.758004]}, "properties": {"OBJECTID": 1459817, "REM_PROG": "Voluntary Cleanup Program (VCP)", "RN": "RN100701549", "VCP_ID": 680, "SITE_NAME": "1720 FEDERAL ROAD", "PHYS_ADDR": "1720 FEDERAL RD", "ADDR_DESC": "AKA 1720 FEDERAL ROAD", "CITY": "HOUSTON", "COUNTY": "HARRIS", "ZIP_CODE": "77015", "REGION": "REGION 12 - HOUSTON", "LAT_DD": 29.75799852, "LONG_DD": -95.21334584, "HORZ_METH": "DOQ", "HORZ_ACC": 5, "HORZ_REF": "FAC_CEN", "HORZ_DATE": "19980120", "HORZ_ORG": "TCEQ", "HORZ_DATUM": "NAD83", "HORZ_DESC": null, "dma_county": "Harris", "tceq_program": "vcp"}}, {"type": "Feature", "id": 1459820, "geometry": {"type": "Point", "coordinates": [-95.394698, 29.767586]}, "properties": {"OBJECTID": 1459820, "REM_PROG": "Voluntary Cleanup Program (VCP)", "RN": "RN102215852", "VCP_ID": 243, "SITE_NAME": "MEMORIAL HEIGHTS APARTMENTS/SU", "PHYS_ADDR": "201 S HEIGHTS BLVD", "ADDR_DESC": "201 SOUTH HEIGHTS BOULEVARD", "CITY": "HOUSTON", "COUNTY": "HARRIS", "ZIP_CODE": "77007", "REGION": "REGION 12 - HOUSTON", "LAT_DD": 29.76758112, "LONG_DD": -95.39469065, "HORZ_METH": "DOQ", "HORZ_ACC": 5, "HORZ_REF": "FAC_CEN", "HORZ_DATE": "19960425", "HORZ_ORG": "TCEQ", "HORZ_DATUM": "NAD83", "HORZ_DESC": null, "dma_county": "Harris", "tceq_program": "vcp"}}, {"type": "Feature", "id": 1459827, "geometry": {"type": "Point", "coordinates": [-94.679325, 29.658537]}, "properties": {"OBJECTID": 1459827, "REM_PROG": "Voluntary Cleanup Program (VCP)", "RN": "RN101621647", "VCP_ID": 2280, "SITE_NAME": "BROWN & ROOT ANAHUAC", "PHYS_ADDR": null, "ADDR_DESC": "FM ROAD 563", "CITY": "ANAHUAC", "COUNTY": "CHAMBERS", "ZIP_CODE": null, "REGION": "REGION 12 - HOUSTON", "LAT_DD": 29.658531999999997, "LONG_DD": -94.679318, "HORZ_METH": "UNKNOWN", "HORZ_ACC": -9999, "HORZ_REF": "OTHER", "HORZ_DATE": "20090814", "HORZ_ORG": "TCEQ", "HORZ_DATUM": "NAD83", "HORZ_DESC": null, "dma_county": "Chambers", "tceq_program": "vcp"}}, {"type": "Feature", "id": 1459830, "geometry": {"type": "Point", "coordinates": [-95.213362, 29.753544]}, "properties": {"OBJECTID": 1459830, "REM_PROG": "Voluntary Cleanup Program (VCP)", "RN": "RN102146016", "VCP_ID": 1610, "SITE_NAME": "WIRE ROPE FABRICATION", "PHYS_ADDR": "1902 FEDERAL RD", "ADDR_DESC": "1902 Federal Rd, Houston, TX", "CITY": "HOUSTON", "COUNTY": "HARRIS", "ZIP_CODE": "77015", "REGION": "REGION 12 - HOUSTON", "LAT_DD": 29.75353901, "LONG_DD": -95.21335509, "HORZ_METH": "ADDMAT_NUM", "HORZ_ACC": -9999, "HORZ_REF": "STRUC_CEN", "HORZ_DATE": "20030718", "HORZ_ORG": "TCEQ", "HORZ_DATUM": "NAD83", "HORZ_DESC": null, "dma_county": "Harris", "tceq_program": "vcp"}}, {"type": "Feature", "id": 1459832, "geometry": {"type": "Point", "coordinates": [-95.751509, 29.746681]}, "properties": {"OBJECTID": 1459832, "REM_PROG": "Voluntary Cleanup Program (VCP)", "RN": "RN103957189", "VCP_ID": 2457, "SITE_NAME": "2000 DRY CLEAN", "PHYS_ADDR": "2400 S MASON RD", "ADDR_DESC": null, "CITY": "KATY", "COUNTY": "FORT BEND", "ZIP_CODE": "77450", "REGION": "REGION 12 - HOUSTON", "LAT_DD": 29.7466758, "LONG_DD": -95.7515022, "HORZ_METH": "ADDMAT_NUM", "HORZ_ACC": -9999, "HORZ_REF": "OTHER", "HORZ_DATE": "20111102", "HORZ_ORG": "TCEQ", "HORZ_DATUM": "NAD83", "HORZ_DESC": null, "dma_county": "Fort Bend", "tceq_program": "vcp"}}, {"type": "Feature", "id": 1459833, "geometry": {"type": "Point", "coordinates": [-95.417471, 29.721129]}, "properties": {"OBJECTID": 1459833, "REM_PROG": "Voluntary Cleanup Program (VCP)", "RN": "RN100240936", "VCP_ID": 1104, "SITE_NAME": "2520 ROBINHOOD STREET", "PHYS_ADDR": "2520 ROBINHOOD ST", "ADDR_DESC": "2520 ROBINHOOD", "CITY": "HOUSTON", "COUNTY": "HARRIS", "ZIP_CODE": "77005", "REGION": "REGION 12 - HOUSTON", "LAT_DD": 29.72112339, "LONG_DD": -95.41746407, "HORZ_METH": "ADDMAT_NUM", "HORZ_ACC": -9999, "HORZ_REF": "OTHER", "HORZ_DATE": "19991220", "HORZ_ORG": "TCEQ", "HORZ_DATUM": "NAD83", "HORZ_DESC": null, "dma_county": "Harris", "tceq_program": "vcp"}}, {"type": "Feature", "id": 1459841, "geometry": {"type": "Point", "coordinates": [-95.483376, 29.995565]}, "properties": {"OBJECTID": 1459841, "REM_PROG": "Voluntary Cleanup Program (VCP)", "RN": "RN106955248", "VCP_ID": 2618, "SITE_NAME": "PROPOSED CHICK FIL A 3338", "PHYS_ADDR": "3655 FM 1960 RD W", "ADDR_DESC": null, "CITY": "HOUSTON", "COUNTY": "HARRIS", "ZIP_CODE": "77068", "REGION": "REGION 12 - HOUSTON", "LAT_DD": 29.99556006, "LONG_DD": -95.48336895, "HORZ_METH": "ADDMAT_NUM", "HORZ_ACC": -9999, "HORZ_REF": "OTHER", "HORZ_DATE": "20131011", "HORZ_ORG": "TCEQ", "HORZ_DATUM": "NAD83", "HORZ_DESC": null, "dma_county": "Harris", "tceq_program": "vcp"}}, {"type": "Feature", "id": 1459842, "geometry": {"type": "Point", "coordinates": [-95.41022, 29.733163]}, "properties": {"OBJECTID": 1459842, "REM_PROG": "Voluntary Cleanup Program (VCP)", "RN": "RN105024087", "VCP_ID": 504, "SITE_NAME": "EXTRAORDINARY CAR CARE", "PHYS_ADDR": "3701 S SHEPHERD DR", "ADDR_DESC": "3701 SOUTH SHEPHERD", "CITY": "HOUSTON", "COUNTY": "HARRIS", "ZIP_CODE": "77098", "REGION": "REGION 12 - HOUSTON", "LAT_DD": 29.73315807, "LONG_DD": -95.41021331, "HORZ_METH": "ADDMAT_NUM", "HORZ_ACC": -9999, "HORZ_REF": "STRUC_CEN", "HORZ_DATE": "19970408", "HORZ_ORG": "TCEQ", "HORZ_DATUM": "NAD83", "HORZ_DESC": null, "dma_county": "Harris", "tceq_program": "vcp"}}, {"type": "Feature", "id": 1459844, "geometry": {"type": "Point", "coordinates": [-95.450148, 29.809961]}, "properties": {"OBJECTID": 1459844, "REM_PROG": "Voluntary Cleanup Program (VCP)", "RN": "RN100887165", "VCP_ID": 773, "SITE_NAME": "DELUXE - OFFICE WA", "PHYS_ADDR": "3900 DACOMA ST", "ADDR_DESC": "3900 DACOMA AVENUE", "CITY": "HOUSTON", "COUNTY": "HARRIS", "ZIP_CODE": "77092", "REGION": "REGION 12 - HOUSTON", "LAT_DD": 29.80995613, "LONG_DD": -95.45014065, "HORZ_METH": "DOQ", "HORZ_ACC": 5, "HORZ_REF": "FAC_CEN", "HORZ_DATE": "19980519", "HORZ_ORG": "TCEQ", "HORZ_DATUM": "NAD83", "HORZ_DESC": null, "dma_county": "Harris", "tceq_program": "vcp"}}, {"type": "Feature", "id": 1459845, "geometry": {"type": "Point", "coordinates": [-95.445113, 29.742039]}, "properties": {"OBJECTID": 1459845, "REM_PROG": "Voluntary Cleanup Program (VCP)", "RN": "RN101999910", "VCP_ID": 1320, "SITE_NAME": "NEW CRATE & BARREL SITE", "PHYS_ADDR": "4006 WESTHEIMER RD", "ADDR_DESC": null, "CITY": "HOUSTON", "COUNTY": "HARRIS", "ZIP_CODE": "77027", "REGION": "REGION 12 - HOUSTON", "LAT_DD": 29.7420341, "LONG_DD": -95.4451057, "HORZ_METH": "ADDMAT_NUM", "HORZ_ACC": -9999, "HORZ_REF": "STRUC_CEN", "HORZ_DATE": "20010220", "HORZ_ORG": "TCEQ", "HORZ_DATUM": "NAD83", "HORZ_DESC": null, "dma_county": "Harris", "tceq_program": "vcp"}}, {"type": "Feature", "id": 1459846, "geometry": {"type": "Point", "coordinates": [-95.449068, 29.746293]}, "properties": {"OBJECTID": 1459846, "REM_PROG": "Voluntary Cleanup Program (VCP)", "RN": "RN102173358", "VCP_ID": 444, "SITE_NAME": "HALLMARK CLEANERS", "PHYS_ADDR": "4203 SAN FELIPE ST", "ADDR_DESC": "4203 SAN FELIPE", "CITY": "HOUSTON", "COUNTY": "HARRIS", "ZIP_CODE": "77027", "REGION": "REGION 12 - HOUSTON", "LAT_DD": 29.74628776, "LONG_DD": -95.44906062, "HORZ_METH": "DOQ", "HORZ_ACC": 5, "HORZ_REF": "STRUC_CEN", "HORZ_DATE": "19970121", "HORZ_ORG": "TCEQ", "HORZ_DATUM": "NAD83", "HORZ_DESC": null, "dma_county": "Harris", "tceq_program": "vcp"}}, {"type": "Feature", "id": 1459851, "geometry": {"type": "Point", "coordinates": [-95.410509, 29.842409]}, "properties": {"OBJECTID": 1459851, "REM_PROG": "Voluntary Cleanup Program (VCP)", "RN": "RN102306586", "VCP_ID": 1788, "SITE_NAME": "PILGRIM CLEANERS HOUSTON", "PHYS_ADDR": "5210 N SHEPHERD DR", "ADDR_DESC": "5210 NORTH SHEPHERD, HOUSTON, TX 77091", "CITY": "HOUSTON", "COUNTY": "HARRIS", "ZIP_CODE": "77091", "REGION": "REGION 12 - HOUSTON", "LAT_DD": 29.84240363, "LONG_DD": -95.4105024, "HORZ_METH": "ADDMAT_NUM", "HORZ_ACC": -9999, "HORZ_REF": "OTHER", "HORZ_DATE": "20050202", "HORZ_ORG": "TCEQ", "HORZ_DATUM": "NAD83", "HORZ_DESC": null, "dma_county": "Harris", "tceq_program": "vcp"}}, {"type": "Feature", "id": 1459853, "geometry": {"type": "Point", "coordinates": [-95.307916, 29.641426]}, "properties": {"OBJECTID": 1459853, "REM_PROG": "Voluntary Cleanup Program (VCP)", "RN": "RN103162426", "VCP_ID": 415, "SITE_NAME": "CONTINENTAL EMSCO", "PHYS_ADDR": "7600 S SANTA FE DR", "ADDR_DESC": "LTV HOUSTON PLANT", "CITY": "HOUSTON", "COUNTY": "HARRIS", "ZIP_CODE": "77061", "REGION": "REGION 12 - HOUSTON", "LAT_DD": 29.6414206, "LONG_DD": -95.3079093, "HORZ_METH": "ADDMAT_NUM", "HORZ_ACC": -9999, "HORZ_REF": "OTHER", "HORZ_DATE": "19961209", "HORZ_ORG": "TCEQ", "HORZ_DATUM": "NAD83", "HORZ_DESC": null, "dma_county": "Harris", "tceq_program": "vcp"}}, {"type": "Feature", "id": 1459858, "geometry": {"type": "Point", "coordinates": [-95.075031, 29.702493]}, "properties": {"OBJECTID": 1459858, "REM_PROG": "Voluntary Cleanup Program (VCP)", "RN": "RN102213386", "VCP_ID": 708, "SITE_NAME": "WITCO LA PORTE PLANT", "PHYS_ADDR": "9401 STRANG RD", "ADDR_DESC": "9401 Strang Rd, La Porte, TX", "CITY": "LA PORTE", "COUNTY": "HARRIS", "ZIP_CODE": "77571", "REGION": "REGION 12 - HOUSTON", "LAT_DD": 29.70248771, "LONG_DD": -95.07502455, "HORZ_METH": "ADDMAT_NUM", "HORZ_ACC": -9999, "HORZ_REF": "STRUC_CEN", "HORZ_DATE": "19980220", "HORZ_ORG": "TCEQ", "HORZ_DATUM": "NAD83", "HORZ_DESC": null, "dma_county": "Harris", "tceq_program": "vcp"}}, {"type": "Feature", "id": 1459860, "geometry": {"type": "Point", "coordinates": [-95.252513, 29.731281]}, "properties": {"OBJECTID": 1459860, "REM_PROG": "Voluntary Cleanup Program (VCP)", "RN": "RN101627859", "VCP_ID": 796, "SITE_NAME": "GALENA PARK PROPERTY", "PHYS_ADDR": "9800 CLINTON DR", "ADDR_DESC": "9800 CLINTON DRIVE", "CITY": "HOUSTON", "COUNTY": "HARRIS", "ZIP_CODE": "77029", "REGION": "REGION 12 - HOUSTON", "LAT_DD": 29.73127558, "LONG_DD": -95.25250581, "HORZ_METH": "ADDMAT_NUM", "HORZ_ACC": -9999, "HORZ_REF": "OTHER", "HORZ_DATE": "19980626", "HORZ_ORG": "TCEQ", "HORZ_DATUM": "NAD83", "HORZ_DESC": null, "dma_county": "Harris", "tceq_program": "vcp"}}, {"type": "Feature", "id": 1459863, "geometry": {"type": "Point", "coordinates": [-95.387568, 29.774703]}, "properties": {"OBJECTID": 1459863, "REM_PROG": "Voluntary Cleanup Program (VCP)", "RN": "RN100896729", "VCP_ID": 2747, "SITE_NAME": "FORMER TEXAS TILE MANUFACTURING FACILITY", "PHYS_ADDR": "1705 OLIVER ST", "ADDR_DESC": null, "CITY": "HOUSTON", "COUNTY": "HARRIS", "ZIP_CODE": "77007", "REGION": "REGION 12 - HOUSTON", "LAT_DD": 29.77469756, "LONG_DD": -95.38756138, "HORZ_METH": "DOQ", "HORZ_ACC": 5, "HORZ_REF": "FAC_CEN", "HORZ_DATE": "20150506", "HORZ_ORG": "TCEQ", "HORZ_DATUM": "NAD83", "HORZ_DESC": null, "dma_county": "Harris", "tceq_program": "vcp"}}, {"type": "Feature", "id": 1459864, "geometry": {"type": "Point", "coordinates": [-95.383526, 29.751859]}, "properties": {"OBJECTID": 1459864, "REM_PROG": "Voluntary Cleanup Program (VCP)", "RN": "RN101053726", "VCP_ID": 835, "SITE_NAME": "INTERNATIONAL LAUNDRY MACHINERY", "PHYS_ADDR": "1601 W WEBSTER ST", "ADDR_DESC": null, "CITY": "HOUSTON", "COUNTY": "HARRIS", "ZIP_CODE": "77019", "REGION": "REGION 12 - HOUSTON", "LAT_DD": 29.7518538, "LONG_DD": -95.38351879, "HORZ_METH": "DOQ", "HORZ_ACC": 5, "HORZ_REF": "FAC_CEN", "HORZ_DATE": "19980903", "HORZ_ORG": "TCEQ", "HORZ_DATUM": "NAD83", "HORZ_DESC": null, "dma_county": "Harris", "tceq_program": "vcp"}}, {"type": "Feature", "id": 1459865, "geometry": {"type": "Point", "coordinates": [-95.374915, 29.764312]}, "properties": {"OBJECTID": 1459865, "REM_PROG": "Voluntary Cleanup Program (VCP)", "RN": "RN106183106", "VCP_ID": 2427, "SITE_NAME": "PROFESSIONAL SERVICE INDUSTRIES PROPERTY", "PHYS_ADDR": null, "ADDR_DESC": "1714 & 1716 N MEMORIAL WAY & 1708 STATE STREETHOUSTON TX 77007", "CITY": "HOUSTON", "COUNTY": "HARRIS", "ZIP_CODE": null, "REGION": "REGION 12 - HOUSTON", "LAT_DD": 29.76430632, "LONG_DD": -95.37490792, "HORZ_METH": "DOQ", "HORZ_ACC": 5, "HORZ_REF": "OTHER", "HORZ_DATE": "20110701", "HORZ_ORG": "TCEQ", "HORZ_DATUM": "NAD83", "HORZ_DESC": null, "dma_county": "Harris", "tceq_program": "vcp"}}, {"type": "Feature", "id": 1459870, "geometry": {"type": "Point", "coordinates": [-95.267364, 29.721515]}, "properties": {"OBJECTID": 1459870, "REM_PROG": "Voluntary Cleanup Program (VCP)", "RN": "RN101474955", "VCP_ID": 1906, "SITE_NAME": "CEMENT MFG/OIL REFINERY", "PHYS_ADDR": "8945 MANCHESTER ST", "ADDR_DESC": null, "CITY": "HOUSTON", "COUNTY": "HARRIS", "ZIP_CODE": "77012", "REGION": "REGION 12 - HOUSTON", "LAT_DD": 29.72150974, "LONG_DD": -95.26735658, "HORZ_METH": "ADDMAT_NUM", "HORZ_ACC": -9999, "HORZ_REF": "FAC_CEN", "HORZ_DATE": "20010307", "HORZ_ORG": "TCEQ", "HORZ_DATUM": "NAD83", "HORZ_DESC": null, "dma_county": "Harris", "tceq_program": "vcp"}}, {"type": "Feature", "id": 1459873, "geometry": {"type": "Point", "coordinates": [-95.005991, 29.672495]}, "properties": {"OBJECTID": 1459873, "REM_PROG": "Voluntary Cleanup Program (VCP)", "RN": "RN101988145", "VCP_ID": 2009, "SITE_NAME": "RELIANCE ELECTRIC", "PHYS_ADDR": "1500 E MAIN ST", "ADDR_DESC": "LOCATED IN THE CITY OF MORGANS POINT ON PENINSULA IN GALVESTON BAY", "CITY": "LA PORTE", "COUNTY": "HARRIS", "ZIP_CODE": "77571", "REGION": "REGION 12 - HOUSTON", "LAT_DD": 29.67249024, "LONG_DD": -95.00598413, "HORZ_METH": "ADDMAT_NUM", "HORZ_ACC": -9999, "HORZ_REF": "STRUC_CEN", "HORZ_DATE": "20061220", "HORZ_ORG": "TCEQ", "HORZ_DATUM": "NAD83", "HORZ_DESC": null, "dma_county": "Harris", "tceq_program": "vcp"}}, {"type": "Feature", "id": 1459875, "geometry": {"type": "Point", "coordinates": [-95.311529, 29.752435]}, "properties": {"OBJECTID": 1459875, "REM_PROG": "Voluntary Cleanup Program (VCP)", "RN": "RN100552827", "VCP_ID": 401, "SITE_NAME": "UNOCCUPIED INDUSTRIAL SITE (FO", "PHYS_ADDR": "6125 INDUSTRIAL WAY", "ADDR_DESC": "6125 INDUSTRIAL WAY VACANT INDUSTRIAL SITE AKA FONTENOT INDUSTRIAL SITE", "CITY": "HOUSTON", "COUNTY": "HARRIS", "ZIP_CODE": "77011", "REGION": "REGION 12 - HOUSTON", "LAT_DD": 29.7524299, "LONG_DD": -95.31152222, "HORZ_METH": "ADDMAT_NUM", "HORZ_ACC": -9999, "HORZ_REF": "FAC_CEN", "HORZ_DATE": "19961113", "HORZ_ORG": "TCEQ", "HORZ_DATUM": "NAD83", "HORZ_DESC": null, "dma_county": "Harris", "tceq_program": "vcp"}}, {"type": "Feature", "id": 1459879, "geometry": {"type": "Point", "coordinates": [-95.357519, 29.678552]}, "properties": {"OBJECTID": 1459879, "REM_PROG": "Voluntary Cleanup Program (VCP)", "RN": "RN102072352", "VCP_ID": 628, "SITE_NAME": "CULLEN MAINTENANCE FACILITY", "PHYS_ADDR": "7440 CULLEN BLVD", "ADDR_DESC": "7440 Cullen, Houston, TX", "CITY": "HOUSTON", "COUNTY": "HARRIS", "ZIP_CODE": "77051", "REGION": "REGION 12 - HOUSTON", "LAT_DD": 29.678547, "LONG_DD": -95.35751247, "HORZ_METH": "ADDMAT_NUM", "HORZ_ACC": -9999, "HORZ_REF": "STRUC_CEN", "HORZ_DATE": "19971007", "HORZ_ORG": "TCEQ", "HORZ_DATUM": "NAD83", "HORZ_DESC": null, "dma_county": "Harris", "tceq_program": "vcp"}}, {"type": "Feature", "id": 1459880, "geometry": {"type": "Point", "coordinates": [-95.373991, 29.746331]}, "properties": {"OBJECTID": 1459880, "REM_PROG": "Voluntary Cleanup Program (VCP)", "RN": "RN102188620", "VCP_ID": 2775, "SITE_NAME": "STEWART CADILLAC", "PHYS_ADDR": "2520 MAIN ST", "ADDR_DESC": "CORNER OF MAIN & MCGOWEN & TRAVIS, HOUSTON, TEXAS", "CITY": "HOUSTON", "COUNTY": "HARRIS", "ZIP_CODE": "77002", "REGION": "REGION 12 - HOUSTON", "LAT_DD": 29.74632543, "LONG_DD": -95.37398427, "HORZ_METH": "DOQ", "HORZ_ACC": 5, "HORZ_REF": "FAC_CEN", "HORZ_DATE": "20150918", "HORZ_ORG": "TCEQ", "HORZ_DATUM": "NAD83", "HORZ_DESC": null, "dma_county": "Harris", "tceq_program": "vcp"}}, {"type": "Feature", "id": 1459881, "geometry": {"type": "Point", "coordinates": [-95.21719, 29.700042]}, "properties": {"OBJECTID": 1459881, "REM_PROG": "Voluntary Cleanup Program (VCP)", "RN": "RN106343072", "VCP_ID": 2477, "SITE_NAME": "THE COLUMNS APARTMENTS", "PHYS_ADDR": "621 RICHEY ST", "ADDR_DESC": null, "CITY": "PASADENA", "COUNTY": "HARRIS", "ZIP_CODE": "77506", "REGION": "REGION 12 - HOUSTON", "LAT_DD": 29.70003712, "LONG_DD": -95.2171833, "HORZ_METH": "DOQ", "HORZ_ACC": 5, "HORZ_REF": "FAC_CEN", "HORZ_DATE": "20120130", "HORZ_ORG": "TCEQ", "HORZ_DATUM": "NAD83", "HORZ_DESC": null, "dma_county": "Harris", "tceq_program": "vcp"}}, {"type": "Feature", "id": 1459882, "geometry": {"type": "Point", "coordinates": [-95.382397, 29.759368]}, "properties": {"OBJECTID": 1459882, "REM_PROG": "Voluntary Cleanup Program (VCP)", "RN": "RN106430481", "VCP_ID": 2503, "SITE_NAME": "GILLETTE STREET PROPERTY", "PHYS_ADDR": "801 GILLETTE ST", "ADDR_DESC": null, "CITY": "HOUSTON", "COUNTY": "HARRIS", "ZIP_CODE": "77019", "REGION": "REGION 12 - HOUSTON", "LAT_DD": 29.75936232, "LONG_DD": -95.38239019, "HORZ_METH": "ADDMAT_NUM", "HORZ_ACC": -9999, "HORZ_REF": "OTHER", "HORZ_DATE": "20120521", "HORZ_ORG": "TCEQ", "HORZ_DATUM": "NAD83", "HORZ_DESC": null, "dma_county": "Harris", "tceq_program": "vcp"}}, {"type": "Feature", "id": 1459884, "geometry": {"type": "Point", "coordinates": [-95.363067, 29.761945]}, "properties": {"OBJECTID": 1459884, "REM_PROG": "Voluntary Cleanup Program (VCP)", "RN": "RN101053635", "VCP_ID": 1050, "SITE_NAME": "CITY OF HOUSTON, BLOCK 43", "PHYS_ADDR": null, "ADDR_DESC": "PRAIRIE/MILAM/PRESTON/TRAVIS STREETS PARKING LOT", "CITY": "HOUSTON", "COUNTY": "HARRIS", "ZIP_CODE": null, "REGION": "REGION 12 - HOUSTON", "LAT_DD": 29.76194, "LONG_DD": -95.36305999999999, "HORZ_METH": "UNKNOWN", "HORZ_ACC": -9999, "HORZ_REF": "OTHER", "HORZ_DATE": "19990915", "HORZ_ORG": "TCEQ", "HORZ_DATUM": "NAD83", "HORZ_DESC": null, "dma_county": "Harris", "tceq_program": "vcp"}}, {"type": "Feature", "id": 1459885, "geometry": {"type": "Point", "coordinates": [-95.259574, 29.793836]}, "properties": {"OBJECTID": 1459885, "REM_PROG": "Voluntary Cleanup Program (VCP)", "RN": "RN101378271", "VCP_ID": 2863, "SITE_NAME": "FORMER H&W PETROLEUM", "PHYS_ADDR": "9617 WALLISVILLE RD", "ADDR_DESC": null, "CITY": "HOUSTON", "COUNTY": "HARRIS", "ZIP_CODE": "77013", "REGION": "REGION 12 - HOUSTON", "LAT_DD": 29.79383086, "LONG_DD": -95.25956692, "HORZ_METH": "ADDMAT_NUM", "HORZ_ACC": -9999, "HORZ_REF": "FAC_CEN", "HORZ_DATE": "20170109", "HORZ_ORG": "TCEQ", "HORZ_DATUM": "NAD83", "HORZ_DESC": null, "dma_county": "Harris", "tceq_program": "vcp"}}, {"type": "Feature", "id": 1459887, "geometry": {"type": "Point", "coordinates": [-95.411132, 29.738378]}, "properties": {"OBJECTID": 1459887, "REM_PROG": "Voluntary Cleanup Program (VCP)", "RN": "RN104102272", "VCP_ID": 2187, "SITE_NAME": "SHEPHERD CORNER SHOPPING CENTER", "PHYS_ADDR": "2103 W ALABAMA ST", "ADDR_DESC": null, "CITY": "HOUSTON", "COUNTY": "HARRIS", "ZIP_CODE": "77098", "REGION": "REGION 12 - HOUSTON", "LAT_DD": 29.73837232, "LONG_DD": -95.41112517, "HORZ_METH": "ADDMAT_NUM", "HORZ_ACC": -9999, "HORZ_REF": "OTHER", "HORZ_DATE": "20080624", "HORZ_ORG": "TCEQ", "HORZ_DATUM": "NAD83", "HORZ_DESC": null, "dma_county": "Harris", "tceq_program": "vcp"}}, {"type": "Feature", "id": 1459888, "geometry": {"type": "Point", "coordinates": [-95.552703, 29.785871]}, "properties": {"OBJECTID": 1459888, "REM_PROG": "Voluntary Cleanup Program (VCP)", "RN": "RN100666924", "VCP_ID": 2100, "SITE_NAME": "SPRING BRANCH SERVICE CENTER", "PHYS_ADDR": "10310 KATY FWY", "ADDR_DESC": "10310 OLD KATY RD HOUSTON TX", "CITY": "HOUSTON", "COUNTY": "HARRIS", "ZIP_CODE": "77043", "REGION": "REGION 12 - HOUSTON", "LAT_DD": 29.78586554, "LONG_DD": -95.55269553, "HORZ_METH": "ADDMAT_NUM", "HORZ_ACC": -9999, "HORZ_REF": "STRUC_CEN", "HORZ_DATE": "20071004", "HORZ_ORG": "TCEQ", "HORZ_DATUM": "NAD83", "HORZ_DESC": null, "dma_county": "Harris", "tceq_program": "vcp"}}, {"type": "Feature", "id": 1459894, "geometry": {"type": "Point", "coordinates": [-95.330948, 29.717285]}, "properties": {"OBJECTID": 1459894, "REM_PROG": "Voluntary Cleanup Program (VCP)", "RN": "RN102743655", "VCP_ID": 620, "SITE_NAME": "COUGAR SUBSTATION", "PHYS_ADDR": "2200 SCHLUMBERGER ST", "ADDR_DESC": "2150 SCHLUMBERGER STREET", "CITY": "HOUSTON", "COUNTY": "HARRIS", "ZIP_CODE": "77023", "REGION": "REGION 12 - HOUSTON", "LAT_DD": 29.7172796, "LONG_DD": -95.33094065, "HORZ_METH": "ADDMAT_NUM", "HORZ_ACC": -9999, "HORZ_REF": "OTHER", "HORZ_DATE": "19970929", "HORZ_ORG": "TCEQ", "HORZ_DATUM": "NAD83", "HORZ_DESC": null, "dma_county": "Harris", "tceq_program": "vcp"}}, {"type": "Feature", "id": 1459895, "geometry": {"type": "Point", "coordinates": [-95.457462, 29.797984]}, "properties": {"OBJECTID": 1459895, "REM_PROG": "Voluntary Cleanup Program (VCP)", "RN": "RN101055507", "VCP_ID": 462, "SITE_NAME": "V AND G ENTERPRISES", "PHYS_ADDR": "1525 N POST OAK RD", "ADDR_DESC": "1525 NORTH POST OAK", "CITY": "HOUSTON", "COUNTY": "HARRIS", "ZIP_CODE": "77055", "REGION": "REGION 12 - HOUSTON", "LAT_DD": 29.79797833, "LONG_DD": -95.4574554, "HORZ_METH": "ADDMAT_NUM", "HORZ_ACC": -9999, "HORZ_REF": "STRUC_CEN", "HORZ_DATE": "19970210", "HORZ_ORG": "TCEQ", "HORZ_DATUM": "NAD83", "HORZ_DESC": null, "dma_county": "Harris", "tceq_program": "vcp"}}, {"type": "Feature", "id": 1459896, "geometry": {"type": "Point", "coordinates": [-95.300333, 29.751956]}, "properties": {"OBJECTID": 1459896, "REM_PROG": "Voluntary Cleanup Program (VCP)", "RN": "RN104463328", "VCP_ID": 2035, "SITE_NAME": "TIMCO SCRAP PROCESSING BARGE DOCK", "PHYS_ADDR": "6747 AVENUE W", "ADDR_DESC": null, "CITY": "HOUSTON", "COUNTY": "HARRIS", "ZIP_CODE": "77011", "REGION": "REGION 12 - HOUSTON", "LAT_DD": 29.75195077, "LONG_DD": -95.30032593, "HORZ_METH": "ADDMAT_NUM", "HORZ_ACC": -9999, "HORZ_REF": "STRUC_CEN", "HORZ_DATE": "20070301", "HORZ_ORG": "TCEQ", "HORZ_DATUM": "NAD83", "HORZ_DESC": null, "dma_county": "Harris", "tceq_program": "vcp"}}, {"type": "Feature", "id": 1459897, "geometry": {"type": "Point", "coordinates": [-95.50488, 29.70921]}, "properties": {"OBJECTID": 1459897, "REM_PROG": "Voluntary Cleanup Program (VCP)", "RN": "RN101097962", "VCP_ID": 525, "SITE_NAME": "HALLIBURTON GEOPHYSICAL SERVIC", "PHYS_ADDR": "6906 SOUTHWEST FWY", "ADDR_DESC": "6909 SOUTHWEST FREEWAY", "CITY": "HOUSTON", "COUNTY": "HARRIS", "ZIP_CODE": "77074", "REGION": "REGION 12 - HOUSTON", "LAT_DD": 29.70920456, "LONG_DD": -95.50487315, "HORZ_METH": "DOQ", "HORZ_ACC": 5, "HORZ_REF": "FAC_CEN", "HORZ_DATE": "19970509", "HORZ_ORG": "TCEQ", "HORZ_DATUM": "NAD83", "HORZ_DESC": null, "dma_county": "Harris", "tceq_program": "vcp"}}, {"type": "Feature", "id": 1459899, "geometry": {"type": "Point", "coordinates": [-95.390531, 29.760146]}, "properties": {"OBJECTID": 1459899, "REM_PROG": "Voluntary Cleanup Program (VCP)", "RN": "RN103955514", "VCP_ID": 1646, "SITE_NAME": "VACANT HOTEL", "PHYS_ADDR": "2121 ALLEN PKWY", "ADDR_DESC": "SOUTH SIDE OF ALLEN PARKWAY APPROX 100 YARDS EAST OF MONTROSE BLVD", "CITY": "HOUSTON", "COUNTY": "HARRIS", "ZIP_CODE": "77019", "REGION": "REGION 12 - HOUSTON", "LAT_DD": 29.76014127, "LONG_DD": -95.39052353, "HORZ_METH": "ADDMAT_NUM", "HORZ_ACC": -9999, "HORZ_REF": "OTHER", "HORZ_DATE": "20031006", "HORZ_ORG": "TCEQ", "HORZ_DATUM": "NAD83", "HORZ_DESC": null, "dma_county": "Harris", "tceq_program": "vcp"}}, {"type": "Feature", "id": 1459901, "geometry": {"type": "Point", "coordinates": [-95.127101, 31.055539]}, "properties": {"OBJECTID": 1459901, "REM_PROG": "Voluntary Cleanup Program (VCP)", "RN": "RN103777363", "VCP_ID": 1608, "SITE_NAME": "GROVETON CAR DEALERSHIP", "PHYS_ADDR": null, "ADDR_DESC": "CLOSED DEALERSHIP LOCATED ON 208 W 1ST AKA W HWY 287", "CITY": "GROVETON", "COUNTY": "TRINITY", "ZIP_CODE": null, "REGION": "REGION 10 - BEAUMONT", "LAT_DD": 31.05553377, "LONG_DD": -95.12709426, "HORZ_METH": "ADDMAT_NUM", "HORZ_ACC": -9999, "HORZ_REF": "OTHER", "HORZ_DATE": "20030715", "HORZ_ORG": "TCEQ", "HORZ_DATUM": "NAD83", "HORZ_DESC": null, "dma_county": "Trinity", "tceq_program": "vcp"}}, {"type": "Feature", "id": 1459904, "geometry": {"type": "Point", "coordinates": [-95.169143, 29.64887]}, "properties": {"OBJECTID": 1459904, "REM_PROG": "Voluntary Cleanup Program (VCP)", "RN": "RN101054955", "VCP_ID": 863, "SITE_NAME": "RANDALLS CENTER - FAIRMONT PARKWAY", "PHYS_ADDR": "4802 FAIRMONT PKWY", "ADDR_DESC": "4802 FAIRMONT PARKWAY PRESTON ROAD", "CITY": "PASADENA", "COUNTY": "HARRIS", "ZIP_CODE": "77505", "REGION": "REGION 12 - HOUSTON", "LAT_DD": 29.6488649, "LONG_DD": -95.16913603, "HORZ_METH": "ADDMAT_NUM", "HORZ_ACC": -9999, "HORZ_REF": "STRUC_CEN", "HORZ_DATE": "19981105", "HORZ_ORG": "TCEQ", "HORZ_DATUM": "NAD83", "HORZ_DESC": null, "dma_county": "Harris", "tceq_program": "vcp"}}, {"type": "Feature", "id": 1459905, "geometry": {"type": "Point", "coordinates": [-96.375582, 30.162107]}, "properties": {"OBJECTID": 1459905, "REM_PROG": "Voluntary Cleanup Program (VCP)", "RN": "RN100667500", "VCP_ID": 1911, "SITE_NAME": "CHC INDUSTRIES", "PHYS_ADDR": "2001 E TOM GREEN ST", "ADDR_DESC": "LAST BUSINESS LOCATED ON THE NORTH SIDE OF TOM GREEN ST", "CITY": "BRENHAM", "COUNTY": "WASHINGTON", "ZIP_CODE": "77833", "REGION": "REGION 09 - WACO", "LAT_DD": 30.16210222, "LONG_DD": -96.37557453, "HORZ_METH": "ADDMAT_NUM", "HORZ_ACC": -9999, "HORZ_REF": "STRUC_CEN", "HORZ_DATE": "20060315", "HORZ_ORG": "TCEQ", "HORZ_DATUM": "NAD83", "HORZ_DESC": null, "dma_county": "Washington", "tceq_program": "vcp"}}, {"type": "Feature", "id": 1459913, "geometry": {"type": "Point", "coordinates": [-95.385295, 29.75305]}, "properties": {"OBJECTID": 1459913, "REM_PROG": "Voluntary Cleanup Program (VCP)", "RN": "RN106914120", "VCP_ID": 2799, "SITE_NAME": "299 WEST GRAY PROPERTY", "PHYS_ADDR": "299 W GRAY ST", "ADDR_DESC": null, "CITY": "HOUSTON", "COUNTY": "HARRIS", "ZIP_CODE": "77019", "REGION": "REGION 12 - HOUSTON", "LAT_DD": 29.753044590000002, "LONG_DD": -95.38528802, "HORZ_METH": "DOQ", "HORZ_ACC": 5, "HORZ_REF": "FAC_CEN", "HORZ_DATE": "20160111", "HORZ_ORG": "TCEQ", "HORZ_DATUM": "NAD83", "HORZ_DESC": null, "dma_county": "Harris", "tceq_program": "vcp"}}, {"type": "Feature", "id": 1459914, "geometry": {"type": "Point", "coordinates": [-95.541623, 29.868403]}, "properties": {"OBJECTID": 1459914, "REM_PROG": "Voluntary Cleanup Program (VCP)", "RN": "RN102257151", "VCP_ID": 2144, "SITE_NAME": "HARRIS COUNTY MULTI USE FACILITY", "PHYS_ADDR": "6900 GESSNER RD", "ADDR_DESC": "NWC OF INTERSECTION OF N GESSNER RD AND NORTHWEST FWY", "CITY": "HOUSTON", "COUNTY": "HARRIS", "ZIP_CODE": "77040", "REGION": "REGION 12 - HOUSTON", "LAT_DD": 29.86839784, "LONG_DD": -95.54161627, "HORZ_METH": "DOQ", "HORZ_ACC": 5, "HORZ_REF": "FAC_CEN", "HORZ_DATE": "20080229", "HORZ_ORG": "TCEQ", "HORZ_DATUM": "NAD83", "HORZ_DESC": null, "dma_county": "Harris", "tceq_program": "vcp"}}, {"type": "Feature", "id": 1459917, "geometry": {"type": "Point", "coordinates": [-95.465907, 29.185705]}, "properties": {"OBJECTID": 1459917, "REM_PROG": "Voluntary Cleanup Program (VCP)", "RN": "RN101475218", "VCP_ID": 209, "SITE_NAME": "LOT 37, BCICS, NO. 8 F.J. CALV", "PHYS_ADDR": null, "ADDR_DESC": "LOT 37, SUBDIVISION 8, ABSTRACT 51 ABANDONED TRUCK WEIGH STATION", "CITY": "SURFSIDE", "COUNTY": "BRAZORIA", "ZIP_CODE": null, "REGION": "REGION 12 - HOUSTON", "LAT_DD": 29.1857, "LONG_DD": -95.4659, "HORZ_METH": "UNKNOWN", "HORZ_ACC": -9999, "HORZ_REF": "OTHER", "HORZ_DATE": "19960319", "HORZ_ORG": "TCEQ", "HORZ_DATUM": "NAD83", "HORZ_DESC": null, "dma_county": "Brazoria", "tceq_program": "vcp"}}, {"type": "Feature", "id": 1459921, "geometry": {"type": "Point", "coordinates": [-95.427158, 29.783006]}, "properties": {"OBJECTID": 1459921, "REM_PROG": "Voluntary Cleanup Program (VCP)", "RN": "RN101461929", "VCP_ID": 1323, "SITE_NAME": "EUREKA RAILYARD", "PHYS_ADDR": null, "ADDR_DESC": "NWC SHERWIN AVE & KATY RD ABANDONED RAILYARD VACANT PROPERTY", "CITY": "HOUSTON", "COUNTY": "HARRIS", "ZIP_CODE": null, "REGION": "REGION 12 - HOUSTON", "LAT_DD": 29.78300105, "LONG_DD": -95.42715132, "HORZ_METH": "ADDMAT_INT", "HORZ_ACC": -9999, "HORZ_REF": "OTHER", "HORZ_DATE": "20010305", "HORZ_ORG": "TCEQ", "HORZ_DATUM": "NAD83", "HORZ_DESC": null, "dma_county": "Harris", "tceq_program": "vcp"}}, {"type": "Feature", "id": 1459923, "geometry": {"type": "Point", "coordinates": [-95.017914, 29.672804]}, "properties": {"OBJECTID": 1459923, "REM_PROG": "Voluntary Cleanup Program (VCP)", "RN": "RN104367537", "VCP_ID": 1725, "SITE_NAME": "BARBOURS CUT FACILITY", "PHYS_ADDR": "240 E BARBOURS CUT BLVD", "ADDR_DESC": "240 E BARBOURS CUT BLVD LA PORTE TEXAS", "CITY": "LA PORTE", "COUNTY": "HARRIS", "ZIP_CODE": "77571", "REGION": "REGION 12 - HOUSTON", "LAT_DD": 29.672798620000002, "LONG_DD": -95.01790689, "HORZ_METH": "DOQ", "HORZ_ACC": 5, "HORZ_REF": "STRUC_CEN", "HORZ_DATE": "20040812", "HORZ_ORG": "TCEQ", "HORZ_DATUM": "NAD83", "HORZ_DESC": null, "dma_county": "Harris", "tceq_program": "vcp"}}, {"type": "Feature", "id": 1459926, "geometry": {"type": "Point", "coordinates": [-95.361902, 29.765573]}, "properties": {"OBJECTID": 1459926, "REM_PROG": "Voluntary Cleanup Program (VCP)", "RN": "RN101055614", "VCP_ID": 696, "SITE_NAME": "HENKE ICE STORAGE", "PHYS_ADDR": "404 WASHINGTON AVE", "ADDR_DESC": "404 WASHINGTON STREET", "CITY": "HOUSTON", "COUNTY": "HARRIS", "ZIP_CODE": "77002", "REGION": "REGION 12 - HOUSTON", "LAT_DD": 29.76556785, "LONG_DD": -95.36189537999999, "HORZ_METH": "ADDMAT_NUM", "HORZ_ACC": -9999, "HORZ_REF": "OTHER", "HORZ_DATE": "19980204", "HORZ_ORG": "TCEQ", "HORZ_DATUM": "NAD83", "HORZ_DESC": null, "dma_county": "Harris", "tceq_program": "vcp"}}, {"type": "Feature", "id": 1459927, "geometry": {"type": "Point", "coordinates": [-95.511256, 29.935064]}, "properties": {"OBJECTID": 1459927, "REM_PROG": "Voluntary Cleanup Program (VCP)", "RN": "RN104452990", "VCP_ID": 1752, "SITE_NAME": "CHAMPIONS GUN RANGE", "PHYS_ADDR": "5614 HILTONVIEW RD", "ADDR_DESC": null, "CITY": "HOUSTON", "COUNTY": "HARRIS", "ZIP_CODE": "77086", "REGION": "REGION 12 - HOUSTON", "LAT_DD": 29.9350586, "LONG_DD": -95.5112491, "HORZ_METH": "ADDMAT_NUM", "HORZ_ACC": -9999, "HORZ_REF": "STRUC_CEN", "HORZ_DATE": "20041108", "HORZ_ORG": "TCEQ", "HORZ_DATUM": "NAD83", "HORZ_DESC": null, "dma_county": "Harris", "tceq_program": "vcp"}}, {"type": "Feature", "id": 1459931, "geometry": {"type": "Point", "coordinates": [-95.264598, 29.723709]}, "properties": {"OBJECTID": 1459931, "REM_PROG": "Voluntary Cleanup Program (VCP)", "RN": "RN100210350", "VCP_ID": 614, "SITE_NAME": "OXID, L.P.", "PHYS_ADDR": "101 CONCRETE ST", "ADDR_DESC": "101 Concrete St, Houston, TX", "CITY": "HOUSTON", "COUNTY": "HARRIS", "ZIP_CODE": "77012", "REGION": "REGION 12 - HOUSTON", "LAT_DD": 29.72370428, "LONG_DD": -95.26459063, "HORZ_METH": "DOQ", "HORZ_ACC": 5, "HORZ_REF": "OTHER", "HORZ_DATE": "19970918", "HORZ_ORG": "TCEQ", "HORZ_DATUM": "NAD83", "HORZ_DESC": null, "dma_county": "Harris", "tceq_program": "vcp"}}, {"type": "Feature", "id": 1459933, "geometry": {"type": "Point", "coordinates": [-95.438337, 30.324759]}, "properties": {"OBJECTID": 1459933, "REM_PROG": "Voluntary Cleanup Program (VCP)", "RN": "RN109273649", "VCP_ID": 2830, "SITE_NAME": "PROPOSED OSCAR J JOHNSON COMMUNITY CENTER PROPERTY", "PHYS_ADDR": null, "ADDR_DESC": "SE AND ADJACENT TO 1400-1600 BLOCK OF AIRPORT RD S OF BUTLERSBURG RD E OF VILLAGE DR", "CITY": "CONROE", "COUNTY": "MONTGOMERY", "ZIP_CODE": null, "REGION": "REGION 12 - HOUSTON", "LAT_DD": 30.32475385, "LONG_DD": -95.43833043, "HORZ_METH": "UNKNOWN", "HORZ_ACC": -9999, "HORZ_REF": "OTHER", "HORZ_DATE": "20160701", "HORZ_ORG": "TCEQ", "HORZ_DATUM": "NAD83", "HORZ_DESC": null, "dma_county": "Montgomery", "tceq_program": "vcp"}}, {"type": "Feature", "id": 1459935, "geometry": {"type": "Point", "coordinates": [-95.404083, 29.83435]}, "properties": {"OBJECTID": 1459935, "REM_PROG": "Voluntary Cleanup Program (VCP)", "RN": "RN100655802", "VCP_ID": 1221, "SITE_NAME": "FORMER EXCELLO CIRCUITS, INC.", "PHYS_ADDR": "323 MARTIN ST", "ADDR_DESC": "323 MARTIN STREET", "CITY": "HOUSTON", "COUNTY": "HARRIS", "ZIP_CODE": "77018", "REGION": "REGION 12 - HOUSTON", "LAT_DD": 29.83434506, "LONG_DD": -95.40407579, "HORZ_METH": "ADDMAT_NUM", "HORZ_ACC": -9999, "HORZ_REF": "FAC_CEN", "HORZ_DATE": "20000616", "HORZ_ORG": "TCEQ", "HORZ_DATUM": "NAD83", "HORZ_DESC": null, "dma_county": "Harris", "tceq_program": "vcp"}}, {"type": "Feature", "id": 1459936, "geometry": {"type": "Point", "coordinates": [-95.379389, 29.719532]}, "properties": {"OBJECTID": 1459936, "REM_PROG": "Voluntary Cleanup Program (VCP)", "RN": "RN102491370", "VCP_ID": 2697, "SITE_NAME": "2100 BINZ", "PHYS_ADDR": "2100 BINZ ST", "ADDR_DESC": "2100 Binz St, Houston, TX", "CITY": "HOUSTON", "COUNTY": "HARRIS", "ZIP_CODE": "77004", "REGION": "REGION 12 - HOUSTON", "LAT_DD": 29.71952642, "LONG_DD": -95.37938174, "HORZ_METH": "DOQ", "HORZ_ACC": 5, "HORZ_REF": "FAC_CEN", "HORZ_DATE": "20141017", "HORZ_ORG": "TCEQ", "HORZ_DATUM": "NAD83", "HORZ_DESC": null, "dma_county": "Harris", "tceq_program": "vcp"}}, {"type": "Feature", "id": 1459939, "geometry": {"type": "Point", "coordinates": [-95.1898, 29.862385]}, "properties": {"OBJECTID": 1459939, "REM_PROG": "Voluntary Cleanup Program (VCP)", "RN": "RN105587620", "VCP_ID": 2204, "SITE_NAME": "9405 E SAM HOUSTON PKWY N", "PHYS_ADDR": "9405 E SAM HOUSTON PKWY N", "ADDR_DESC": null, "CITY": "HOUSTON", "COUNTY": "HARRIS", "ZIP_CODE": "77044", "REGION": "REGION 12 - HOUSTON", "LAT_DD": 29.8623798, "LONG_DD": -95.18979349, "HORZ_METH": "DOQ", "HORZ_ACC": 5, "HORZ_REF": "FAC_CEN", "HORZ_DATE": "20080716", "HORZ_ORG": "TCEQ", "HORZ_DATUM": "NAD83", "HORZ_DESC": null, "dma_county": "Harris", "tceq_program": "vcp"}}, {"type": "Feature", "id": 1459945, "geometry": {"type": "Point", "coordinates": [-95.388056, 29.997191]}, "properties": {"OBJECTID": 1459945, "REM_PROG": "Voluntary Cleanup Program (VCP)", "RN": "RN100635416", "VCP_ID": 460, "SITE_NAME": "WESTERN ATLAS LOGGING SERVICES", "PHYS_ADDR": "19130 OIL CENTER BLVD", "ADDR_DESC": "19130 OIL CENTER BOULEVARD", "CITY": "HOUSTON", "COUNTY": "HARRIS", "ZIP_CODE": "77073", "REGION": "REGION 12 - HOUSTON", "LAT_DD": 29.99718581, "LONG_DD": -95.3880492, "HORZ_METH": "ADDMAT_NUM", "HORZ_ACC": -9999, "HORZ_REF": "STRUC_CEN", "HORZ_DATE": "19970207", "HORZ_ORG": "TCEQ", "HORZ_DATUM": "NAD83", "HORZ_DESC": null, "dma_county": "Harris", "tceq_program": "vcp"}}, {"type": "Feature", "id": 1459947, "geometry": {"type": "Point", "coordinates": [-95.39917, 29.777392]}, "properties": {"OBJECTID": 1459947, "REM_PROG": "Voluntary Cleanup Program (VCP)", "RN": "RN100889187", "VCP_ID": 2732, "SITE_NAME": "YALE STREET PROPERTY", "PHYS_ADDR": "357 YALE ST", "ADDR_DESC": "357 YALE ST HOUSTON", "CITY": "HOUSTON", "COUNTY": "HARRIS", "ZIP_CODE": "77007", "REGION": "REGION 12 - HOUSTON", "LAT_DD": 29.77738684, "LONG_DD": -95.39916274, "HORZ_METH": "ADDMAT_NUM", "HORZ_ACC": -9999, "HORZ_REF": "STRUC_CEN", "HORZ_DATE": "20150304", "HORZ_ORG": "TCEQ", "HORZ_DATUM": "NAD83", "HORZ_DESC": null, "dma_county": "Harris", "tceq_program": "vcp"}}, {"type": "Feature", "id": 1459955, "geometry": {"type": "Point", "coordinates": [-95.819035, 29.786219]}, "properties": {"OBJECTID": 1459955, "REM_PROG": "Voluntary Cleanup Program (VCP)", "RN": "RN102567997", "VCP_ID": 2563, "SITE_NAME": "AG TEX CHEMICALS", "PHYS_ADDR": "802 AVENUE A", "ADDR_DESC": null, "CITY": "KATY", "COUNTY": "HARRIS", "ZIP_CODE": "77493", "REGION": "REGION 12 - HOUSTON", "LAT_DD": 29.78621378, "LONG_DD": -95.8190277, "HORZ_METH": "DOQ", "HORZ_ACC": 5, "HORZ_REF": "FAC_CEN", "HORZ_DATE": "20121227", "HORZ_ORG": "TCEQ", "HORZ_DATUM": "NAD83", "HORZ_DESC": null, "dma_county": "Harris", "tceq_program": "vcp"}}, {"type": "Feature", "id": 1459958, "geometry": {"type": "Point", "coordinates": [-95.374135, 29.766822]}, "properties": {"OBJECTID": 1459958, "REM_PROG": "Voluntary Cleanup Program (VCP)", "RN": "RN106956246", "VCP_ID": 2619, "SITE_NAME": "FORMER SHUDDE HAT", "PHYS_ADDR": "905 TRINITY ST", "ADDR_DESC": null, "CITY": "HOUSTON", "COUNTY": "HARRIS", "ZIP_CODE": "77007", "REGION": "REGION 12 - HOUSTON", "LAT_DD": 29.76681638, "LONG_DD": -95.37412842, "HORZ_METH": "DOQ", "HORZ_ACC": 5, "HORZ_REF": "FAC_CEN", "HORZ_DATE": "20131014", "HORZ_ORG": "TCEQ", "HORZ_DATUM": "NAD83", "HORZ_DESC": null, "dma_county": "Harris", "tceq_program": "vcp"}}, {"type": "Feature", "id": 1459967, "geometry": {"type": "Point", "coordinates": [-95.333383, 29.75591]}, "properties": {"OBJECTID": 1459967, "REM_PROG": "Voluntary Cleanup Program (VCP)", "RN": "RN101052561", "VCP_ID": 1576, "SITE_NAME": "CEMENT STORAGE AND DISTRIBUTION", "PHYS_ADDR": "501 N YORK ST", "ADDR_DESC": "501 NORTH YORK STREET", "CITY": "HOUSTON", "COUNTY": "HARRIS", "ZIP_CODE": "77003", "REGION": "REGION 12 - HOUSTON", "LAT_DD": 29.75590471, "LONG_DD": -95.33337602, "HORZ_METH": "ADDMAT_NUM", "HORZ_ACC": -9999, "HORZ_REF": "OTHER", "HORZ_DATE": "20030128", "HORZ_ORG": "TCEQ", "HORZ_DATUM": "NAD83", "HORZ_DESC": null, "dma_county": "Harris", "tceq_program": "vcp"}}, {"type": "Feature", "id": 1459969, "geometry": {"type": "Point", "coordinates": [-95.058056, 29.612652]}, "properties": {"OBJECTID": 1459969, "REM_PROG": "Voluntary Cleanup Program (VCP)", "RN": "RN102645439", "VCP_ID": 1440, "SITE_NAME": "VELSICOL CHEMICAL", "PHYS_ADDR": null, "ADDR_DESC": "UNDEVELOPED PROPERTY BAYPORT BLVD", "CITY": "PASADENA", "COUNTY": "HARRIS", "ZIP_CODE": null, "REGION": "REGION 12 - HOUSTON", "LAT_DD": 29.61264681, "LONG_DD": -95.05804887, "HORZ_METH": "ADDMAT", "HORZ_ACC": -9999, "HORZ_REF": "OTHER", "HORZ_DATE": "20020205", "HORZ_ORG": "TCEQ", "HORZ_DATUM": "NAD83", "HORZ_DESC": null, "dma_county": "Harris", "tceq_program": "vcp"}}, {"type": "Feature", "id": 1459971, "geometry": {"type": "Point", "coordinates": [-95.450844, 29.808127]}, "properties": {"OBJECTID": 1459971, "REM_PROG": "Voluntary Cleanup Program (VCP)", "RN": "RN101772242", "VCP_ID": 2506, "SITE_NAME": "TIDELAND SIGNAL", "PHYS_ADDR": "4310 DIRECTORS ROW", "ADDR_DESC": "4310 DIRECTORS ROW", "CITY": "HOUSTON", "COUNTY": "HARRIS", "ZIP_CODE": "77092", "REGION": "REGION 12 - HOUSTON", "LAT_DD": 29.8081216, "LONG_DD": -95.45083701, "HORZ_METH": "DOQ", "HORZ_ACC": 5, "HORZ_REF": "STRUC_CEN", "HORZ_DATE": "20120529", "HORZ_ORG": "TCEQ", "HORZ_DATUM": "NAD83", "HORZ_DESC": null, "dma_county": "Harris", "tceq_program": "vcp"}}, {"type": "Feature", "id": 1459972, "geometry": {"type": "Point", "coordinates": [-95.400251, 29.743127]}, "properties": {"OBJECTID": 1459972, "REM_PROG": "Voluntary Cleanup Program (VCP)", "RN": "RN100591759", "VCP_ID": 1048, "SITE_NAME": "MANDELL PLACE SHOPPING CENTER", "PHYS_ADDR": "1618 WESTHEIMER RD", "ADDR_DESC": "1618 WESTHEIMER MANDELL PLACE SHOPPING CENTER SITE TRANSFERRED TO LPST", "CITY": "HOUSTON", "COUNTY": "HARRIS", "ZIP_CODE": "77006", "REGION": "REGION 12 - HOUSTON", "LAT_DD": 29.74312218, "LONG_DD": -95.40024357, "HORZ_METH": "ADDMAT_NUM", "HORZ_ACC": -9999, "HORZ_REF": "STRUC_CEN", "HORZ_DATE": "19990913", "HORZ_ORG": "TCEQ", "HORZ_DATUM": "NAD83", "HORZ_DESC": null, "dma_county": "Harris", "tceq_program": "vcp"}}, {"type": "Feature", "id": 1459982, "geometry": {"type": "Point", "coordinates": [-95.344119, 29.755531]}, "properties": {"OBJECTID": 1459982, "REM_PROG": "Voluntary Cleanup Program (VCP)", "RN": "RN110377561", "VCP_ID": 2932, "SITE_NAME": "OLSHAN LUMBER PROPERTY", "PHYS_ADDR": null, "ADDR_DESC": "2611 COMMERCE ST 15 25 41 N LIVE OAK ALLEY 2420 2600 2714 CANAL ST 27 N DELANO ST", "CITY": "HOUSTON", "COUNTY": "HARRIS", "ZIP_CODE": null, "REGION": "REGION 12 - HOUSTON", "LAT_DD": 29.75552557, "LONG_DD": -95.34411165, "HORZ_METH": "DOQ", "HORZ_ACC": 5, "HORZ_REF": "STRUC_CEN", "HORZ_DATE": "20180417", "HORZ_ORG": "TCEQ", "HORZ_DATUM": "NAD83", "HORZ_DESC": null, "dma_county": "Harris", "tceq_program": "vcp"}}, {"type": "Feature", "id": 1459999, "geometry": {"type": "Point", "coordinates": [-95.181353, 30.046295]}, "properties": {"OBJECTID": 1459999, "REM_PROG": "Voluntary Cleanup Program (VCP)", "RN": "RN100584275", "VCP_ID": 2984, "SITE_NAME": "RYANS EXPRESS CLEANERS", "PHYS_ADDR": "2710 W LAKE HOUSTON PKWY", "ADDR_DESC": "2710 Lake Houston Parkway, Kingwood, TX", "CITY": "KINGWOOD", "COUNTY": "HARRIS", "ZIP_CODE": "77339", "REGION": "REGION 12 - HOUSTON", "LAT_DD": 30.04628973, "LONG_DD": -95.18134593, "HORZ_METH": "DOQ", "HORZ_ACC": 5, "HORZ_REF": "STRUC_CEN", "HORZ_DATE": "20190205", "HORZ_ORG": "TCEQ", "HORZ_DATUM": "NAD83", "HORZ_DESC": null, "dma_county": "Harris", "tceq_program": "vcp"}}, {"type": "Feature", "id": 1460000, "geometry": {"type": "Point", "coordinates": [-95.403512, 29.742523]}, "properties": {"OBJECTID": 1460000, "REM_PROG": "Voluntary Cleanup Program (VCP)", "RN": "RN110689858", "VCP_ID": 2985, "SITE_NAME": "FORMER HOLLYFIELD CLEANERS", "PHYS_ADDR": "1731 WESTHEIMER RD", "ADDR_DESC": null, "CITY": "HOUSTON", "COUNTY": "HARRIS", "ZIP_CODE": "77098", "REGION": "REGION 12 - HOUSTON", "LAT_DD": 29.74251746, "LONG_DD": -95.40350477, "HORZ_METH": "DOQ", "HORZ_ACC": 5, "HORZ_REF": "FAC_CEN", "HORZ_DATE": "20190207", "HORZ_ORG": "TCEQ", "HORZ_DATUM": "NAD83", "HORZ_DESC": null, "dma_county": "Harris", "tceq_program": "vcp"}}, {"type": "Feature", "id": 1460003, "geometry": {"type": "Point", "coordinates": [-95.340407, 29.747125]}, "properties": {"OBJECTID": 1460003, "REM_PROG": "Voluntary Cleanup Program (VCP)", "RN": "RN110732534", "VCP_ID": 2988, "SITE_NAME": "FORMER WILKE CHEMICAL WAREHOUSE", "PHYS_ADDR": null, "ADDR_DESC": "3506 HARRISBURG BLVD 511 N YORK ST 515 YORK ST 3507 TEXAS ST 3509 TEXAS ST & 516 HUTCHESON ST", "CITY": "HOUSTON", "COUNTY": "HARRIS", "ZIP_CODE": null, "REGION": "REGION 12 - HOUSTON", "LAT_DD": 29.74711961, "LONG_DD": -95.34039972, "HORZ_METH": "DOQ", "HORZ_ACC": 5, "HORZ_REF": "STRUC_CEN", "HORZ_DATE": "20190227", "HORZ_ORG": "TCEQ", "HORZ_DATUM": "NAD83", "HORZ_DESC": null, "dma_county": "Harris", "tceq_program": "vcp"}}, {"type": "Feature", "id": 1460004, "geometry": {"type": "Point", "coordinates": [-95.313398, 29.734232]}, "properties": {"OBJECTID": 1460004, "REM_PROG": "Voluntary Cleanup Program (VCP)", "RN": "RN110736444", "VCP_ID": 2989, "SITE_NAME": "FORMER MAKHANIAN ENTERPRISES PROPERTY", "PHYS_ADDR": "6500 SUPPLY ROW", "ADDR_DESC": null, "CITY": "HOUSTON", "COUNTY": "HARRIS", "ZIP_CODE": "77011", "REGION": "REGION 12 - HOUSTON", "LAT_DD": 29.73422702, "LONG_DD": -95.31339119, "HORZ_METH": "DOQ", "HORZ_ACC": 5, "HORZ_REF": "FAC_CEN", "HORZ_DATE": "20190306", "HORZ_ORG": "TCEQ", "HORZ_DATUM": "NAD83", "HORZ_DESC": null, "dma_county": "Harris", "tceq_program": "vcp"}}, {"type": "Feature", "id": 1460007, "geometry": {"type": "Point", "coordinates": [-95.405469, 29.757758]}, "properties": {"OBJECTID": 1460007, "REM_PROG": "Voluntary Cleanup Program (VCP)", "RN": "RN110752490", "VCP_ID": 2992, "SITE_NAME": "LIGHTHOUSE FOR THE BLIND", "PHYS_ADDR": null, "ADDR_DESC": "3530 AND 3540 W DALLAS ST", "CITY": "HOUSTON", "COUNTY": "HARRIS", "ZIP_CODE": null, "REGION": "REGION 12 - HOUSTON", "LAT_DD": 29.75775257, "LONG_DD": -95.40546234, "HORZ_METH": "DOQ", "HORZ_ACC": 5, "HORZ_REF": "FAC_CEN", "HORZ_DATE": "20190329", "HORZ_ORG": "TCEQ", "HORZ_DATUM": "NAD83", "HORZ_DESC": null, "dma_county": "Harris", "tceq_program": "vcp"}}, {"type": "Feature", "id": 1460008, "geometry": {"type": "Point", "coordinates": [-95.515546, 29.730339]}, "properties": {"OBJECTID": 1460008, "REM_PROG": "Voluntary Cleanup Program (VCP)", "RN": "RN102145612", "VCP_ID": 2993, "SITE_NAME": "BRIARMONT TRACT 2", "PHYS_ADDR": "3110 DUNVALE RD", "ADDR_DESC": "3110 Dunvale Rd, Houston, TX", "CITY": "HOUSTON", "COUNTY": "HARRIS", "ZIP_CODE": "77063", "REGION": "REGION 12 - HOUSTON", "LAT_DD": 29.73033393, "LONG_DD": -95.51553946, "HORZ_METH": "DOQ", "HORZ_ACC": 5, "HORZ_REF": "FAC_CEN", "HORZ_DATE": "20190404", "HORZ_ORG": "TCEQ", "HORZ_DATUM": "NAD83", "HORZ_DESC": null, "dma_county": "Harris", "tceq_program": "vcp"}}, {"type": "Feature", "id": 1460012, "geometry": {"type": "Point", "coordinates": [-95.439606, 29.797003]}, "properties": {"OBJECTID": 1460012, "REM_PROG": "Voluntary Cleanup Program (VCP)", "RN": "RN100214014", "VCP_ID": 3005, "SITE_NAME": "FORMER COOLING PLANT", "PHYS_ADDR": "1501 SEAMIST DR", "ADDR_DESC": "1501 Seamist, Houston, TX", "CITY": "HOUSTON", "COUNTY": "HARRIS", "ZIP_CODE": "77008", "REGION": "REGION 12 - HOUSTON", "LAT_DD": 29.7969974, "LONG_DD": -95.4395992, "HORZ_METH": "DOQ", "HORZ_ACC": 5, "HORZ_REF": "STRUC_CEN", "HORZ_DATE": "20190528", "HORZ_ORG": "TCEQ", "HORZ_DATUM": "NAD83", "HORZ_DESC": null, "dma_county": "Harris", "tceq_program": "vcp"}}, {"type": "Feature", "id": 1460013, "geometry": {"type": "Point", "coordinates": [-95.441227, 29.688819]}, "properties": {"OBJECTID": 1460013, "REM_PROG": "Voluntary Cleanup Program (VCP)", "RN": "RN110790268", "VCP_ID": 3006, "SITE_NAME": "NORTHERN TRACT OF STELLA LINK SHOPPING CENTER", "PHYS_ADDR": null, "ADDR_DESC": "4009-4035 S BRAESWOOD BLVD AND 8616-8688 STELLA LINK RD", "CITY": "HOUSTON", "COUNTY": "HARRIS", "ZIP_CODE": null, "REGION": "REGION 12 - HOUSTON", "LAT_DD": 29.68881363, "LONG_DD": -95.44122047, "HORZ_METH": "DOQ", "HORZ_ACC": 5, "HORZ_REF": "STRUC_CEN", "HORZ_DATE": "20190529", "HORZ_ORG": "TCEQ", "HORZ_DATUM": "NAD83", "HORZ_DESC": null, "dma_county": "Harris", "tceq_program": "vcp"}}, {"type": "Feature", "id": 1460016, "geometry": {"type": "Point", "coordinates": [-95.485299, 29.802138]}, "properties": {"OBJECTID": 1460016, "REM_PROG": "Voluntary Cleanup Program (VCP)", "RN": "RN103954855", "VCP_ID": 3000, "SITE_NAME": "COBBS SPECIALTY CLEANERS", "PHYS_ADDR": "1733 WIRT RD", "ADDR_DESC": null, "CITY": "HOUSTON", "COUNTY": "HARRIS", "ZIP_CODE": "77055", "REGION": "REGION 12 - HOUSTON", "LAT_DD": 29.80213273, "LONG_DD": -95.48529159, "HORZ_METH": "DOQ", "HORZ_ACC": 5, "HORZ_REF": "FAC_CEN", "HORZ_DATE": "20190430", "HORZ_ORG": "TCEQ", "HORZ_DATUM": "NAD83", "HORZ_DESC": null, "dma_county": "Harris", "tceq_program": "vcp"}}, {"type": "Feature", "id": 1460017, "geometry": {"type": "Point", "coordinates": [-95.341366, 29.807835]}, "properties": {"OBJECTID": 1460017, "REM_PROG": "Voluntary Cleanup Program (VCP)", "RN": "RN100860287", "VCP_ID": 3001, "SITE_NAME": "5200 JENSEN DRIVE PARTNERS", "PHYS_ADDR": "5200 JENSEN DR", "ADDR_DESC": "5200 JENSEN", "CITY": "HOUSTON", "COUNTY": "HARRIS", "ZIP_CODE": "77026", "REGION": "REGION 12 - HOUSTON", "LAT_DD": 29.80783, "LONG_DD": -95.34135886, "HORZ_METH": "DOQ", "HORZ_ACC": 5, "HORZ_REF": "FAC_CEN", "HORZ_DATE": "20190502", "HORZ_ORG": "TCEQ", "HORZ_DATUM": "NAD83", "HORZ_DESC": null, "dma_county": "Harris", "tceq_program": "vcp"}}, {"type": "Feature", "id": 1460019, "geometry": {"type": "Point", "coordinates": [-95.440823, 29.687723]}, "properties": {"OBJECTID": 1460019, "REM_PROG": "Voluntary Cleanup Program (VCP)", "RN": "RN110790334", "VCP_ID": 3007, "SITE_NAME": "SOUTHERN TRACT OF STELLA LINK SHOPPING CENTER", "PHYS_ADDR": null, "ADDR_DESC": "8700 - 8736 STELLA LINK RD", "CITY": "HOUSTON", "COUNTY": "HARRIS", "ZIP_CODE": null, "REGION": "REGION 12 - HOUSTON", "LAT_DD": 29.68771828, "LONG_DD": -95.4408157, "HORZ_METH": "DOQ", "HORZ_ACC": 5, "HORZ_REF": "FAC_CEN", "HORZ_DATE": "20190529", "HORZ_ORG": "TCEQ", "HORZ_DATUM": "NAD83", "HORZ_DESC": null, "dma_county": "Harris", "tceq_program": "vcp"}}, {"type": "Feature", "id": 1460023, "geometry": {"type": "Point", "coordinates": [-95.503686, 29.635136]}, "properties": {"OBJECTID": 1460023, "REM_PROG": "Voluntary Cleanup Program (VCP)", "RN": "RN100869601", "VCP_ID": 2999, "SITE_NAME": "FORMER MARCUS OIL AND CHEMICAL - RESERVE B SITE", "PHYS_ADDR": "14549 MINETTA ST", "ADDR_DESC": null, "CITY": "HOUSTON", "COUNTY": "HARRIS", "ZIP_CODE": "77035", "REGION": "REGION 12 - HOUSTON", "LAT_DD": 29.6351311, "LONG_DD": -95.50367946, "HORZ_METH": "DOQ", "HORZ_ACC": 5, "HORZ_REF": "STRUC_CEN", "HORZ_DATE": "20190429", "HORZ_ORG": "TCEQ", "HORZ_DATUM": "NAD83", "HORZ_DESC": null, "dma_county": "Harris", "tceq_program": "vcp"}}, {"type": "Feature", "id": 1460024, "geometry": {"type": "Point", "coordinates": [-95.331759, 29.743612]}, "properties": {"OBJECTID": 1460024, "REM_PROG": "Voluntary Cleanup Program (VCP)", "RN": "RN110814225", "VCP_ID": 3014, "SITE_NAME": "FORMER STEWART AND STEVENSON HARRISBURG FACILITY", "PHYS_ADDR": null, "ADDR_DESC": "4405 4409 4516 HARRISBURG BLVD AND 0 SUPER ST", "CITY": "HOUSTON", "COUNTY": "HARRIS", "ZIP_CODE": null, "REGION": "REGION 12 - HOUSTON", "LAT_DD": 29.74360631, "LONG_DD": -95.33175169, "HORZ_METH": "DOQ", "HORZ_ACC": 5, "HORZ_REF": "FAC_CEN", "HORZ_DATE": "20190628", "HORZ_ORG": "TCEQ", "HORZ_DATUM": "NAD83", "HORZ_DESC": null, "dma_county": "Harris", "tceq_program": "vcp"}}, {"type": "Feature", "id": 1460026, "geometry": {"type": "Point", "coordinates": [-95.409883, 29.80657]}, "properties": {"OBJECTID": 1460026, "REM_PROG": "Voluntary Cleanup Program (VCP)", "RN": "RN102596467", "VCP_ID": 3012, "SITE_NAME": "MAINLAND INVESTMENT AUTO SALES", "PHYS_ADDR": "2200 N SHEPHERD DR", "ADDR_DESC": "2200 SHEPHERD DR N", "CITY": "HOUSTON", "COUNTY": "HARRIS", "ZIP_CODE": "77008", "REGION": "REGION 12 - HOUSTON", "LAT_DD": 29.80656475, "LONG_DD": -95.40987574, "HORZ_METH": "DOQ", "HORZ_ACC": 5, "HORZ_REF": "FAC_CEN", "HORZ_DATE": "20190611", "HORZ_ORG": "TCEQ", "HORZ_DATUM": "NAD83", "HORZ_DESC": null, "dma_county": "Harris", "tceq_program": "vcp"}}, {"type": "Feature", "id": 1460029, "geometry": {"type": "Point", "coordinates": [-95.279551, 29.752714]}, "properties": {"OBJECTID": 1460029, "REM_PROG": "Voluntary Cleanup Program (VCP)", "RN": "RN101057537", "VCP_ID": 2948, "SITE_NAME": "FORMER EXXONMOBIL HOUSTON CHEMICAL PLANT", "PHYS_ADDR": "8230 STEDMAN ST", "ADDR_DESC": "8230 STEDMAN ST", "CITY": "HOUSTON", "COUNTY": "HARRIS", "ZIP_CODE": "77029", "REGION": "REGION 12 - HOUSTON", "LAT_DD": 29.75270897, "LONG_DD": -95.27954409, "HORZ_METH": "DOQ", "HORZ_ACC": 5, "HORZ_REF": "OTHER", "HORZ_DATE": "20180723", "HORZ_ORG": "TCEQ", "HORZ_DATUM": "NAD83", "HORZ_DESC": null, "dma_county": "Harris", "tceq_program": "vcp"}}, {"type": "Feature", "id": 1460043, "geometry": {"type": "Point", "coordinates": [-95.449676, 29.810231]}, "properties": {"OBJECTID": 1460043, "REM_PROG": "Voluntary Cleanup Program (VCP)", "RN": "RN100887165", "VCP_ID": 2962, "SITE_NAME": "FORMER DELUXE CHECK PRINTERS", "PHYS_ADDR": "3900 DACOMA ST", "ADDR_DESC": "3900 DACOMA AVENUE", "CITY": "HOUSTON", "COUNTY": "HARRIS", "ZIP_CODE": "77092", "REGION": "REGION 12 - HOUSTON", "LAT_DD": 29.81022575, "LONG_DD": -95.44966927, "HORZ_METH": "DOQ", "HORZ_ACC": 5, "HORZ_REF": "FAC_CEN", "HORZ_DATE": "20181012", "HORZ_ORG": "TCEQ", "HORZ_DATUM": "NAD83", "HORZ_DESC": null, "dma_county": "Harris", "tceq_program": "vcp"}}, {"type": "Feature", "id": 1460047, "geometry": {"type": "Point", "coordinates": [-96.137851, 29.784309]}, "properties": {"OBJECTID": 1460047, "REM_PROG": "Voluntary Cleanup Program (VCP)", "RN": "RN101060390", "VCP_ID": 2966, "SITE_NAME": "FORMER HURRICANE IRON AND STEEL", "PHYS_ADDR": "1102 SEALY RD", "ADDR_DESC": "FORMERLY 1150 SAN FELIPE RD", "CITY": "SEALY", "COUNTY": "AUSTIN", "ZIP_CODE": "77474", "REGION": "REGION 12 - HOUSTON", "LAT_DD": 29.78430359, "LONG_DD": -96.13784389, "HORZ_METH": "DOQ", "HORZ_ACC": 5, "HORZ_REF": "FAC_CEN", "HORZ_DATE": "20181029", "HORZ_ORG": "TCEQ", "HORZ_DATUM": "NAD83", "HORZ_DESC": null, "dma_county": "Austin", "tceq_program": "vcp"}}, {"type": "Feature", "id": 1460048, "geometry": {"type": "Point", "coordinates": [-95.28339, 29.891941]}, "properties": {"OBJECTID": 1460048, "REM_PROG": "Voluntary Cleanup Program (VCP)", "RN": "RN101747624", "VCP_ID": 2967, "SITE_NAME": "GLOBAL WASTE SERVICES", "PHYS_ADDR": "7213 MOUNT HOUSTON RD", "ADDR_DESC": "7103 7107 & 7213 E MOUNT HOUSTON RD", "CITY": "HOUSTON", "COUNTY": "HARRIS", "ZIP_CODE": "77050", "REGION": "REGION 12 - HOUSTON", "LAT_DD": 29.8919356, "LONG_DD": -95.2833829, "HORZ_METH": "DOQ", "HORZ_ACC": 5, "HORZ_REF": "FAC_CEN", "HORZ_DATE": "20181030", "HORZ_ORG": "TCEQ", "HORZ_DATUM": "NAD83", "HORZ_DESC": null, "dma_county": "Harris", "tceq_program": "vcp"}}, {"type": "Feature", "id": 1460049, "geometry": {"type": "Point", "coordinates": [-95.336947, 29.745175]}, "properties": {"OBJECTID": 1460049, "REM_PROG": "Voluntary Cleanup Program (VCP)", "RN": "RN100214931", "VCP_ID": 2968, "SITE_NAME": "MAXIMUS COFFEE FACILITY", "PHYS_ADDR": "3900 HARRISBURG BLVD", "ADDR_DESC": "3900 HARRISBURG BLVD, HOUSTON, TX", "CITY": "HOUSTON", "COUNTY": "HARRIS", "ZIP_CODE": "77003", "REGION": "REGION 12 - HOUSTON", "LAT_DD": 29.74517024, "LONG_DD": -95.33694005, "HORZ_METH": "DOQ", "HORZ_ACC": 5, "HORZ_REF": "FAC_CEN", "HORZ_DATE": "20181030", "HORZ_ORG": "TCEQ", "HORZ_DATUM": "NAD83", "HORZ_DESC": null, "dma_county": "Harris", "tceq_program": "vcp"}}, {"type": "Feature", "id": 1460056, "geometry": {"type": "Point", "coordinates": [-95.429995, 29.661516]}, "properties": {"OBJECTID": 1460056, "REM_PROG": "Voluntary Cleanup Program (VCP)", "RN": "RN110631504", "VCP_ID": 2973, "SITE_NAME": "BUFFALO POINTE TRACT B-2", "PHYS_ADDR": "701 HOLMES RD", "ADDR_DESC": null, "CITY": "HOUSTON", "COUNTY": "HARRIS", "ZIP_CODE": "77045", "REGION": "REGION 12 - HOUSTON", "LAT_DD": 29.66151066, "LONG_DD": -95.42998823, "HORZ_METH": "ADDMAT_NUM", "HORZ_ACC": -9999, "HORZ_REF": "FAC_CEN", "HORZ_DATE": "20181219", "HORZ_ORG": "TCEQ", "HORZ_DATUM": "NAD83", "HORZ_DESC": null, "dma_county": "Harris", "tceq_program": "vcp"}}, {"type": "Feature", "id": 1460062, "geometry": {"type": "Point", "coordinates": [-95.474656, 29.886854]}, "properties": {"OBJECTID": 1460062, "REM_PROG": "Voluntary Cleanup Program (VCP)", "RN": "RN101053981", "VCP_ID": 757, "SITE_NAME": "INWOOD CENTRAL SHOPPING CENTER", "PHYS_ADDR": "8077 ANTOINE DR", "ADDR_DESC": "8077 ANTOINE DRIVE", "CITY": "HOUSTON", "COUNTY": "HARRIS", "ZIP_CODE": "77088", "REGION": "REGION 12 - HOUSTON", "LAT_DD": 29.88684916, "LONG_DD": -95.47464858, "HORZ_METH": "ADDMAT_NUM", "HORZ_ACC": -9999, "HORZ_REF": "STRUC_CEN", "HORZ_DATE": "19980413", "HORZ_ORG": "TCEQ", "HORZ_DATUM": "NAD83", "HORZ_DESC": null, "dma_county": "Harris", "tceq_program": "vcp"}}, {"type": "Feature", "id": 1460067, "geometry": {"type": "Point", "coordinates": [-95.338929, 29.761059]}, "properties": {"OBJECTID": 1460067, "REM_PROG": "Voluntary Cleanup Program (VCP)", "RN": "RN101460905", "VCP_ID": 1966, "SITE_NAME": "MIDDLE STREET PROPERTY", "PHYS_ADDR": null, "ADDR_DESC": "VACANT PROPERTY SWC BUFFALO BAYOU & MIDDLE ST", "CITY": "HOUSTON", "COUNTY": "HARRIS", "ZIP_CODE": null, "REGION": "REGION 12 - HOUSTON", "LAT_DD": 29.76105358, "LONG_DD": -95.33892175, "HORZ_METH": "DOQ", "HORZ_ACC": 5, "HORZ_REF": "FAC_CEN", "HORZ_DATE": "20060914", "HORZ_ORG": "TCEQ", "HORZ_DATUM": "NAD83", "HORZ_DESC": "Houston Housing Authority", "dma_county": "Harris", "tceq_program": "vcp"}}, {"type": "Feature", "id": 1460068, "geometry": {"type": "Point", "coordinates": [-95.421486, 29.968701]}, "properties": {"OBJECTID": 1460068, "REM_PROG": "Voluntary Cleanup Program (VCP)", "RN": "RN102924396", "VCP_ID": 1533, "SITE_NAME": "MERCEDES NORTH HOUSTON", "PHYS_ADDR": "13915 NORTH FWY", "ADDR_DESC": null, "CITY": "HOUSTON", "COUNTY": "HARRIS", "ZIP_CODE": "77090", "REGION": "REGION 12 - HOUSTON", "LAT_DD": 29.96869559, "LONG_DD": -95.42147894, "HORZ_METH": "ADDMAT_NUM", "HORZ_ACC": -9999, "HORZ_REF": "STRUC_CEN", "HORZ_DATE": "20021018", "HORZ_ORG": "TCEQ", "HORZ_DATUM": "NAD83", "HORZ_DESC": null, "dma_county": "Harris", "tceq_program": "vcp"}}, {"type": "Feature", "id": 1460075, "geometry": {"type": "Point", "coordinates": [-95.587067, 29.883185]}, "properties": {"OBJECTID": 1460075, "REM_PROG": "Voluntary Cleanup Program (VCP)", "RN": "RN102697604", "VCP_ID": 1647, "SITE_NAME": "GRAYLOC PRODUCTS", "PHYS_ADDR": "11835 CHARLES RD", "ADDR_DESC": "11835 CHARLES RD HOUSTON TX KEY MAP - 409P", "CITY": "JERSEY VILLAGE", "COUNTY": "HARRIS", "ZIP_CODE": "77041", "REGION": "REGION 12 - HOUSTON", "LAT_DD": 29.88318004, "LONG_DD": -95.58705991, "HORZ_METH": "DOQ", "HORZ_ACC": 5, "HORZ_REF": "FAC_CEN", "HORZ_DATE": "20031006", "HORZ_ORG": "TCEQ", "HORZ_DATUM": "NAD83", "HORZ_DESC": null, "dma_county": "Harris", "tceq_program": "vcp"}}, {"type": "Feature", "id": 1460076, "geometry": {"type": "Point", "coordinates": [-95.363067, 29.761945]}, "properties": {"OBJECTID": 1460076, "REM_PROG": "Voluntary Cleanup Program (VCP)", "RN": "RN101462109", "VCP_ID": 468, "SITE_NAME": "CITY OF HOUSTON CITY BLOCK 43", "PHYS_ADDR": null, "ADDR_DESC": "PRAIRIE PRESTON MILAM TRAVIS STREETS PARKING LOT", "CITY": "HOUSTON", "COUNTY": "HARRIS", "ZIP_CODE": null, "REGION": "REGION 12 - HOUSTON", "LAT_DD": 29.76194, "LONG_DD": -95.36305999999999, "HORZ_METH": "UNKNOWN", "HORZ_ACC": -9999, "HORZ_REF": "OTHER", "HORZ_DATE": "19970218", "HORZ_ORG": "TCEQ", "HORZ_DATUM": "NAD83", "HORZ_DESC": null, "dma_county": "Harris", "tceq_program": "vcp"}}, {"type": "Feature", "id": 1460085, "geometry": {"type": "Point", "coordinates": [-95.362058, 29.750746]}, "properties": {"OBJECTID": 1460085, "REM_PROG": "Voluntary Cleanup Program (VCP)", "RN": "RN101055564", "VCP_ID": 1378, "SITE_NAME": "HOUSTON DOWNTOWN MULTIPURPOSE ARENA", "PHYS_ADDR": null, "ADDR_DESC": "POLK JACKSON LEELAND & LABRANCH STS", "CITY": "HOUSTON", "COUNTY": "HARRIS", "ZIP_CODE": null, "REGION": "REGION 12 - HOUSTON", "LAT_DD": 29.75074089, "LONG_DD": -95.36205121, "HORZ_METH": "UNKNOWN", "HORZ_ACC": -9999, "HORZ_REF": "OTHER", "HORZ_DATE": "20010813", "HORZ_ORG": "TCEQ", "HORZ_DATUM": "NAD83", "HORZ_DESC": null, "dma_county": "Harris", "tceq_program": "vcp"}}, {"type": "Feature", "id": 1460086, "geometry": {"type": "Point", "coordinates": [-95.357941, 29.769219]}, "properties": {"OBJECTID": 1460086, "REM_PROG": "Voluntary Cleanup Program (VCP)", "RN": "RN104137195", "VCP_ID": 1937, "SITE_NAME": "UNIVERSITY OF HOUSTON ACADEMIC BUILDING", "PHYS_ADDR": null, "ADDR_DESC": "NEC OF N MAIN AND SHEA STREETS", "CITY": "HOUSTON", "COUNTY": "HARRIS", "ZIP_CODE": null, "REGION": "REGION 12 - HOUSTON", "LAT_DD": 29.76921425, "LONG_DD": -95.35793351, "HORZ_METH": "DOQ", "HORZ_ACC": 5, "HORZ_REF": "STRUC_CEN", "HORZ_DATE": "20060608", "HORZ_ORG": "TCEQ", "HORZ_DATUM": "NAD83", "HORZ_DESC": null, "dma_county": "Harris", "tceq_program": "vcp"}}, {"type": "Feature", "id": 1460094, "geometry": {"type": "Point", "coordinates": [-95.564891, 29.793199]}, "properties": {"OBJECTID": 1460094, "REM_PROG": "Voluntary Cleanup Program (VCP)", "RN": "RN105868368", "VCP_ID": 2296, "SITE_NAME": "FORMER METRO PROPERTY", "PHYS_ADDR": "10750 WESTVIEW DR", "ADDR_DESC": "10750 WESTVIEW DR\nHOUSTON TX 77043", "CITY": "HOUSTON", "COUNTY": "HARRIS", "ZIP_CODE": "77043", "REGION": "REGION 12 - HOUSTON", "LAT_DD": 29.79319382, "LONG_DD": -95.56488378, "HORZ_METH": "DOQ", "HORZ_ACC": 5, "HORZ_REF": "STRUC_CEN", "HORZ_DATE": "20100121", "HORZ_ORG": "TCEQ", "HORZ_DATUM": "NAD83", "HORZ_DESC": null, "dma_county": "Harris", "tceq_program": "vcp"}}, {"type": "Feature", "id": 1460096, "geometry": {"type": "Point", "coordinates": [-95.508949, 29.65769]}, "properties": {"OBJECTID": 1460096, "REM_PROG": "Voluntary Cleanup Program (VCP)", "RN": "RN105052617", "VCP_ID": 1964, "SITE_NAME": "FONDREN SOUTHWEST VILLAGE SHOPPING CENTER", "PHYS_ADDR": "11175 FONDREN RD", "ADDR_DESC": null, "CITY": "HOUSTON", "COUNTY": "HARRIS", "ZIP_CODE": "77096", "REGION": "REGION 12 - HOUSTON", "LAT_DD": 29.65768496, "LONG_DD": -95.50894241, "HORZ_METH": "ADDMAT_NUM", "HORZ_ACC": -9999, "HORZ_REF": "OTHER", "HORZ_DATE": "20060914", "HORZ_ORG": "TCEQ", "HORZ_DATUM": "NAD83", "HORZ_DESC": null, "dma_county": "Harris", "tceq_program": "vcp"}}, {"type": "Feature", "id": 1460099, "geometry": {"type": "Point", "coordinates": [-95.389533, 29.772647]}, "properties": {"OBJECTID": 1460099, "REM_PROG": "Voluntary Cleanup Program (VCP)", "RN": "RN100595800", "VCP_ID": 1915, "SITE_NAME": "BUMPER SERVICES OF HOUSTON", "PHYS_ADDR": "1200 GIVENS ST", "ADDR_DESC": "1/4 MILE SOUTH OF THE INTERSECTION OF I-10 AND STUDEMONT", "CITY": "HOUSTON", "COUNTY": "HARRIS", "ZIP_CODE": "77007", "REGION": "REGION 12 - HOUSTON", "LAT_DD": 29.77264137, "LONG_DD": -95.38952604, "HORZ_METH": "ADDMAT_NUM", "HORZ_ACC": -9999, "HORZ_REF": "OTHER", "HORZ_DATE": "20060412", "HORZ_ORG": "TCEQ", "HORZ_DATUM": "NAD83", "HORZ_DESC": null, "dma_county": "Harris", "tceq_program": "vcp"}}, {"type": "Feature", "id": 1460104, "geometry": {"type": "Point", "coordinates": [-95.413766, 29.168576]}, "properties": {"OBJECTID": 1460104, "REM_PROG": "Voluntary Cleanup Program (VCP)", "RN": "RN100707520", "VCP_ID": 1713, "SITE_NAME": "GSL ANGLETON", "PHYS_ADDR": "1508 E CEDAR ST", "ADDR_DESC": "SOUTH SIDE OF CEDAR ST JUST EAST OF ACCESS DRIVE APPX 1500 FT EAST OF HWY 35", "CITY": "ANGLETON", "COUNTY": "BRAZORIA", "ZIP_CODE": "77515", "REGION": "REGION 12 - HOUSTON", "LAT_DD": 29.16857095, "LONG_DD": -95.41375887, "HORZ_METH": "ADDMAT_NUM", "HORZ_ACC": -9999, "HORZ_REF": "STRUC_CEN", "HORZ_DATE": "20040624", "HORZ_ORG": "TCEQ", "HORZ_DATUM": "NAD83", "HORZ_DESC": null, "dma_county": "Brazoria", "tceq_program": "vcp"}}, {"type": "Feature", "id": 1460105, "geometry": {"type": "Point", "coordinates": [-95.354356, 29.74254]}, "properties": {"OBJECTID": 1460105, "REM_PROG": "Voluntary Cleanup Program (VCP)", "RN": "RN100700160", "VCP_ID": 1902, "SITE_NAME": "GREYHOUND BUS TERMINAL", "PHYS_ADDR": "1710 DELANO ST", "ADDR_DESC": "INTERSECTION DELANO AND NAGLE STS", "CITY": "HOUSTON", "COUNTY": "HARRIS", "ZIP_CODE": "77003", "REGION": "REGION 12 - HOUSTON", "LAT_DD": 29.74253499, "LONG_DD": -95.3543493, "HORZ_METH": "ADDMAT_NUM", "HORZ_ACC": -9999, "HORZ_REF": "OTHER", "HORZ_DATE": "20060206", "HORZ_ORG": "TCEQ", "HORZ_DATUM": "NAD83", "HORZ_DESC": null, "dma_county": "Harris", "tceq_program": "vcp"}}, {"type": "Feature", "id": 1460108, "geometry": {"type": "Point", "coordinates": [-95.376316, 29.753779]}, "properties": {"OBJECTID": 1460108, "REM_PROG": "Voluntary Cleanup Program (VCP)", "RN": "RN101053254", "VCP_ID": 1342, "SITE_NAME": "BLAND CADILLAC PARKING AND FUELING", "PHYS_ADDR": "1900 BALDWIN ST", "ADDR_DESC": null, "CITY": "HOUSTON", "COUNTY": "HARRIS", "ZIP_CODE": "77002", "REGION": "REGION 12 - HOUSTON", "LAT_DD": 29.7537742, "LONG_DD": -95.37630899999999, "HORZ_METH": "ADDMAT_NUM", "HORZ_ACC": -9999, "HORZ_REF": "OTHER", "HORZ_DATE": "20010413", "HORZ_ORG": "TCEQ", "HORZ_DATUM": "NAD83", "HORZ_DESC": null, "dma_county": "Harris", "tceq_program": "vcp"}}, {"type": "Feature", "id": 1460112, "geometry": {"type": "Point", "coordinates": [-95.46186, 30.008888]}, "properties": {"OBJECTID": 1460112, "REM_PROG": "Voluntary Cleanup Program (VCP)", "RN": "RN101474922", "VCP_ID": 235, "SITE_NAME": "SUMMIT NORTHGATE RESTRICTED RE", "PHYS_ADDR": "2204A FM 1960 RD # A", "ADDR_DESC": "2204A, B, C FM 1960", "CITY": "HOUSTON", "COUNTY": "HARRIS", "ZIP_CODE": "77073", "REGION": "REGION 12 - HOUSTON", "LAT_DD": 30.00888271, "LONG_DD": -95.46185247, "HORZ_METH": "ADDMAT_NUM", "HORZ_ACC": -9999, "HORZ_REF": "STRUC_CEN", "HORZ_DATE": "19960418", "HORZ_ORG": "TCEQ", "HORZ_DATUM": "NAD83", "HORZ_DESC": null, "dma_county": "Harris", "tceq_program": "vcp"}}, {"type": "Feature", "id": 1460113, "geometry": {"type": "Point", "coordinates": [-94.952195, 29.382262]}, "properties": {"OBJECTID": 1460113, "REM_PROG": "Voluntary Cleanup Program (VCP)", "RN": "RN102212792", "VCP_ID": 981, "SITE_NAME": "EAGLE-CORDELL CONCRETE PRODUCT", "PHYS_ADDR": "225 HIGHWAY 146 S", "ADDR_DESC": "225 SOUTH HIGHWAY 146", "CITY": "TEXAS CITY", "COUNTY": "GALVESTON", "ZIP_CODE": "77590", "REGION": "REGION 12 - HOUSTON", "LAT_DD": 29.38225672, "LONG_DD": -94.95218829, "HORZ_METH": "ADDMAT_NUM", "HORZ_ACC": -9999, "HORZ_REF": "STRUC_CEN", "HORZ_DATE": "19990512", "HORZ_ORG": "TCEQ", "HORZ_DATUM": "NAD83", "HORZ_DESC": null, "dma_county": "Galveston", "tceq_program": "vcp"}}, {"type": "Feature", "id": 1460114, "geometry": {"type": "Point", "coordinates": [-95.385834, 29.77538]}, "properties": {"OBJECTID": 1460114, "REM_PROG": "Voluntary Cleanup Program (VCP)", "RN": "RN102221645", "VCP_ID": 704, "SITE_NAME": "BOWEN OIL TOOLS FACILITY - CRO", "PHYS_ADDR": "2400 CROCKETT ST", "ADDR_DESC": "2400 CROCKETT STREET", "CITY": "HOUSTON", "COUNTY": "HARRIS", "ZIP_CODE": "77007", "REGION": "REGION 12 - HOUSTON", "LAT_DD": 29.77537464, "LONG_DD": -95.38582684, "HORZ_METH": "DOQ", "HORZ_ACC": 5, "HORZ_REF": "OTHER", "HORZ_DATE": "19980212", "HORZ_ORG": "TCEQ", "HORZ_DATUM": "NAD83", "HORZ_DESC": null, "dma_county": "Harris", "tceq_program": "vcp"}}, {"type": "Feature", "id": 1460115, "geometry": {"type": "Point", "coordinates": [-95.383187, 29.768064]}, "properties": {"OBJECTID": 1460115, "REM_PROG": "Voluntary Cleanup Program (VCP)", "RN": "RN100685940", "VCP_ID": 2351, "SITE_NAME": "SERTA MATTRESS", "PHYS_ADDR": "2411 WASHINGTON AVE", "ADDR_DESC": "2411 WASHINGTON AVENUE HOUSTON TX", "CITY": "HOUSTON", "COUNTY": "HARRIS", "ZIP_CODE": "77007", "REGION": "REGION 12 - HOUSTON", "LAT_DD": 29.76805898, "LONG_DD": -95.38317975, "HORZ_METH": "ADDMAT_NUM", "HORZ_ACC": -9999, "HORZ_REF": "OTHER", "HORZ_DATE": "20100917", "HORZ_ORG": "TCEQ", "HORZ_DATUM": "NAD83", "HORZ_DESC": null, "dma_county": "Harris", "tceq_program": "vcp"}}, {"type": "Feature", "id": 1460117, "geometry": {"type": "Point", "coordinates": [-95.416935, 29.672482]}, "properties": {"OBJECTID": 1460117, "REM_PROG": "Voluntary Cleanup Program (VCP)", "RN": "RN105515068", "VCP_ID": 873, "SITE_NAME": "FLOW SERVE", "PHYS_ADDR": "2525 W BELLFORT AVE STE 130", "ADDR_DESC": "2525 W BELLFORT STE 130 HOUSTON TX", "CITY": "HOUSTON", "COUNTY": "HARRIS", "ZIP_CODE": "77054", "REGION": "REGION 12 - HOUSTON", "LAT_DD": 29.67247662, "LONG_DD": -95.41692837, "HORZ_METH": "ADDMAT_NUM", "HORZ_ACC": -9999, "HORZ_REF": "STRUC_CEN", "HORZ_DATE": "19981111", "HORZ_ORG": "TCEQ", "HORZ_DATUM": "NAD83", "HORZ_DESC": null, "dma_county": "Harris", "tceq_program": "vcp"}}, {"type": "Feature", "id": 1460120, "geometry": {"type": "Point", "coordinates": [-95.144602, 29.767486]}, "properties": {"OBJECTID": 1460120, "REM_PROG": "Voluntary Cleanup Program (VCP)", "RN": "RN100894773", "VCP_ID": 2549, "SITE_NAME": "OIL TANKING - 2700 BLOCK APPELT DRIVE", "PHYS_ADDR": "2700 APPELT DR", "ADDR_DESC": null, "CITY": "HOUSTON", "COUNTY": "HARRIS", "ZIP_CODE": "77015", "REGION": "REGION 12 - HOUSTON", "LAT_DD": 29.767481, "LONG_DD": -95.144595, "HORZ_METH": "ADDMAT_NUM", "HORZ_ACC": -9999, "HORZ_REF": "OTHER", "HORZ_DATE": "20121112", "HORZ_ORG": "TCEQ", "HORZ_DATUM": "NAD83", "HORZ_DESC": null, "dma_county": "Harris", "tceq_program": "vcp"}}, {"type": "Feature", "id": 1460123, "geometry": {"type": "Point", "coordinates": [-95.370882, 29.785645]}, "properties": {"OBJECTID": 1460123, "REM_PROG": "Voluntary Cleanup Program (VCP)", "RN": "RN101880680", "VCP_ID": 1856, "SITE_NAME": "B  M ELECTRICAL CONTRACTORS", "PHYS_ADDR": "3111 EUNICE ST", "ADDR_DESC": "3111 Eunice St., Houston, TX - Commercial/Residential Property.  Includes two small warehouse buildings, one residential building, an office/garage building, stand-alopne garage,parking areas & landscaping", "CITY": "HOUSTON", "COUNTY": "HARRIS", "ZIP_CODE": "77009", "REGION": "REGION 12 - HOUSTON", "LAT_DD": 29.78563942, "LONG_DD": -95.37087522, "HORZ_METH": "ADDMAT_NUM", "HORZ_ACC": -9999, "HORZ_REF": "STRUC_CEN", "HORZ_DATE": "20050825", "HORZ_ORG": "TCEQ", "HORZ_DATUM": "NAD83", "HORZ_DESC": null, "dma_county": "Harris", "tceq_program": "vcp"}}, {"type": "Feature", "id": 1460124, "geometry": {"type": "Point", "coordinates": [-95.952616, 28.971]}, "properties": {"OBJECTID": 1460124, "REM_PROG": "Voluntary Cleanup Program (VCP)", "RN": "RN101461895", "VCP_ID": 372, "SITE_NAME": "OTIS ENGINEERING", "PHYS_ADDR": "3121 NICHOLS AVE", "ADDR_DESC": "3121 NICHOLS ROAD", "CITY": "BAY CITY", "COUNTY": "MATAGORDA", "ZIP_CODE": "77414", "REGION": "REGION 12 - HOUSTON", "LAT_DD": 28.97099505, "LONG_DD": -95.95260919, "HORZ_METH": "ADDMAT_NUM", "HORZ_ACC": -9999, "HORZ_REF": "FAC_ENTR", "HORZ_DATE": "19961009", "HORZ_ORG": "TCEQ", "HORZ_DATUM": "NAD83", "HORZ_DESC": null, "dma_county": "Matagorda", "tceq_program": "vcp"}}, {"type": "Feature", "id": 1460128, "geometry": {"type": "Point", "coordinates": [-95.396349, 29.770812]}, "properties": {"OBJECTID": 1460128, "REM_PROG": "Voluntary Cleanup Program (VCP)", "RN": "RN101055416", "VCP_ID": 700, "SITE_NAME": "HEIGHTS SERVICE CENTER", "PHYS_ADDR": "3602 CENTER ST", "ADDR_DESC": "3602 CENTER STREET", "CITY": "HOUSTON", "COUNTY": "HARRIS", "ZIP_CODE": "77007", "REGION": "REGION 12 - HOUSTON", "LAT_DD": 29.77080693, "LONG_DD": -95.39634176, "HORZ_METH": "ADDMAT_NUM", "HORZ_ACC": -9999, "HORZ_REF": "FAC_CEN", "HORZ_DATE": "19980210", "HORZ_ORG": "TCEQ", "HORZ_DATUM": "NAD83", "HORZ_DESC": null, "dma_county": "Harris", "tceq_program": "vcp"}}, {"type": "Feature", "id": 1460129, "geometry": {"type": "Point", "coordinates": [-95.435388, 29.66253]}, "properties": {"OBJECTID": 1460129, "REM_PROG": "Voluntary Cleanup Program (VCP)", "RN": "RN104125679", "VCP_ID": 1622, "SITE_NAME": "INDUSTRIAL BUSINESS PARK", "PHYS_ADDR": "3605 WILLOWBEND BLVD", "ADDR_DESC": "SEC CORNER INTERSECTION OF WILLOWBEND BLVD AND OLD MAIN ST", "CITY": "HOUSTON", "COUNTY": "HARRIS", "ZIP_CODE": "77054", "REGION": "REGION 12 - HOUSTON", "LAT_DD": 29.66252443, "LONG_DD": -95.43538146, "HORZ_METH": "ADDMAT_NUM", "HORZ_ACC": -9999, "HORZ_REF": "STRUC_CEN", "HORZ_DATE": "20030801", "HORZ_ORG": "TCEQ", "HORZ_DATUM": "NAD83", "HORZ_DESC": null, "dma_county": "Harris", "tceq_program": "vcp"}}, {"type": "Feature", "id": 1460130, "geometry": {"type": "Point", "coordinates": [-95.440172, 29.742017]}, "properties": {"OBJECTID": 1460130, "REM_PROG": "Voluntary Cleanup Program (VCP)", "RN": "RN100521608", "VCP_ID": 1407, "SITE_NAME": "TRACT 17A ABSTRACT 61 AC REYNOLDS", "PHYS_ADDR": "3734 WESTHEIMER RD", "ADDR_DESC": null, "CITY": "HOUSTON", "COUNTY": "HARRIS", "ZIP_CODE": "77027", "REGION": "REGION 12 - HOUSTON", "LAT_DD": 29.7420116, "LONG_DD": -95.44016452, "HORZ_METH": "ADDMAT_NUM", "HORZ_ACC": -9999, "HORZ_REF": "STRUC_CEN", "HORZ_DATE": "20011105", "HORZ_ORG": "TCEQ", "HORZ_DATUM": "NAD83", "HORZ_DESC": null, "dma_county": "Harris", "tceq_program": "vcp"}}, {"type": "Feature", "id": 1460133, "geometry": {"type": "Point", "coordinates": [-95.398426, 29.778419]}, "properties": {"OBJECTID": 1460133, "REM_PROG": "Voluntary Cleanup Program (VCP)", "RN": "RN100874536", "VCP_ID": 2587, "SITE_NAME": "CALTEX CITRUS JUICE", "PHYS_ADDR": "402 YALE ST", "ADDR_DESC": null, "CITY": "HOUSTON", "COUNTY": "HARRIS", "ZIP_CODE": "77007", "REGION": "REGION 12 - HOUSTON", "LAT_DD": 29.7784137, "LONG_DD": -95.39841913, "HORZ_METH": "ADDMAT_NUM", "HORZ_ACC": -9999, "HORZ_REF": "STRUC_CEN", "HORZ_DATE": "20130611", "HORZ_ORG": "TCEQ", "HORZ_DATUM": "NAD83", "HORZ_DESC": null, "dma_county": "Harris", "tceq_program": "vcp"}}, {"type": "Feature", "id": 1460138, "geometry": {"type": "Point", "coordinates": [-95.506306, 29.712102]}, "properties": {"OBJECTID": 1460138, "REM_PROG": "Voluntary Cleanup Program (VCP)", "RN": "RN102601861", "VCP_ID": 450, "SITE_NAME": "METRO SHARPSTOWN (VCP NO. 130)", "PHYS_ADDR": "6890 SOUTHWEST FWY", "ADDR_DESC": "6890 SOUTHWEST FREEWAY", "CITY": "HOUSTON", "COUNTY": "HARRIS", "ZIP_CODE": "77074", "REGION": "REGION 12 - HOUSTON", "LAT_DD": 29.71209666, "LONG_DD": -95.50629847, "HORZ_METH": "ADDMAT_NUM", "HORZ_ACC": -9999, "HORZ_REF": "STRUC_CEN", "HORZ_DATE": "19970123", "HORZ_ORG": "TCEQ", "HORZ_DATUM": "NAD83", "HORZ_DESC": null, "dma_county": "Harris", "tceq_program": "vcp"}}, {"type": "Feature", "id": 1460143, "geometry": {"type": "Point", "coordinates": [-95.214915, 29.834864]}, "properties": {"OBJECTID": 1460143, "REM_PROG": "Voluntary Cleanup Program (VCP)", "RN": "RN101057016", "VCP_ID": 326, "SITE_NAME": "AZTEC MANUFACTURING (HOUSTON)", "PHYS_ADDR": "7407 C E KING PKWY", "ADDR_DESC": "7407 CE King Pkwy, Houston, TX", "CITY": "HOUSTON", "COUNTY": "HARRIS", "ZIP_CODE": "77044", "REGION": "REGION 12 - HOUSTON", "LAT_DD": 29.83485845, "LONG_DD": -95.21490813, "HORZ_METH": "ADDMAT_NUM", "HORZ_ACC": -9999, "HORZ_REF": "STRUC_CEN", "HORZ_DATE": "19960823", "HORZ_ORG": "TCEQ", "HORZ_DATUM": "NAD83", "HORZ_DESC": null, "dma_county": "Harris", "tceq_program": "vcp"}}, {"type": "Feature", "id": 1460145, "geometry": {"type": "Point", "coordinates": [-95.510699, 29.834395]}, "properties": {"OBJECTID": 1460145, "REM_PROG": "Voluntary Cleanup Program (VCP)", "RN": "RN100605906", "VCP_ID": 837, "SITE_NAME": "SANDVIK ROCK TOOLS FACILITY", "PHYS_ADDR": "8760 CLAY RD", "ADDR_DESC": "8760 CLAY ROAD", "CITY": "HOUSTON", "COUNTY": "HARRIS", "ZIP_CODE": "77080", "REGION": "REGION 12 - HOUSTON", "LAT_DD": 29.83438953, "LONG_DD": -95.51069215, "HORZ_METH": "DOQ", "HORZ_ACC": 5, "HORZ_REF": "FAC_CEN", "HORZ_DATE": "19980910", "HORZ_ORG": "TCEQ", "HORZ_DATUM": "NAD83", "HORZ_DESC": null, "dma_county": "Harris", "tceq_program": "vcp"}}, {"type": "Feature", "id": 1460147, "geometry": {"type": "Point", "coordinates": [-95.749904, 29.769485]}, "properties": {"OBJECTID": 1460147, "REM_PROG": "Voluntary Cleanup Program (VCP)", "RN": "RN100545805", "VCP_ID": 843, "SITE_NAME": "MASON ROAD CENTER CLASSIC CLEANERS", "PHYS_ADDR": "905 S MASON RD", "ADDR_DESC": "905 - 981 SOUTH MASON ROAD", "CITY": "KATY", "COUNTY": "HARRIS", "ZIP_CODE": "77450", "REGION": "REGION 12 - HOUSTON", "LAT_DD": 29.769479999999998, "LONG_DD": -95.74989699999999, "HORZ_METH": "ADDMAT_NUM", "HORZ_ACC": -9999, "HORZ_REF": "STRUC_CEN", "HORZ_DATE": "19981005", "HORZ_ORG": "TCEQ", "HORZ_DATUM": "NAD83", "HORZ_DESC": null, "dma_county": "Harris", "tceq_program": "vcp"}}, {"type": "Feature", "id": 1460148, "geometry": {"type": "Point", "coordinates": [-95.244815, 29.714579]}, "properties": {"OBJECTID": 1460148, "REM_PROG": "Voluntary Cleanup Program (VCP)", "RN": "RN101475267", "VCP_ID": 579, "SITE_NAME": "PORT OF HOUSTON AUTHORITY - SI", "PHYS_ADDR": "9887 LAWNDALE ST", "ADDR_DESC": "9887 LAWNDALE", "CITY": "HOUSTON", "COUNTY": "HARRIS", "ZIP_CODE": "77017", "REGION": "REGION 12 - HOUSTON", "LAT_DD": 29.71457337, "LONG_DD": -95.24480838, "HORZ_METH": "DOQ", "HORZ_ACC": 5, "HORZ_REF": "FAC_CEN", "HORZ_DATE": "19970728", "HORZ_ORG": "TCEQ", "HORZ_DATUM": "NAD83", "HORZ_DESC": null, "dma_county": "Harris", "tceq_program": "vcp"}}, {"type": "Feature", "id": 1460154, "geometry": {"type": "Point", "coordinates": [-95.430832, 29.78452]}, "properties": {"OBJECTID": 1460154, "REM_PROG": "Voluntary Cleanup Program (VCP)", "RN": "RN100556802", "VCP_ID": 2924, "SITE_NAME": "3004 MAXROY STREET", "PHYS_ADDR": "3004 MAXROY ST", "ADDR_DESC": "3004 Maxroy St, Houston, TX", "CITY": "HOUSTON", "COUNTY": "HARRIS", "ZIP_CODE": "77008", "REGION": "REGION 12 - HOUSTON", "LAT_DD": 29.78451486, "LONG_DD": -95.43082481, "HORZ_METH": "DOQ", "HORZ_ACC": 5, "HORZ_REF": "FAC_CEN", "HORZ_DATE": "20180214", "HORZ_ORG": "TCEQ", "HORZ_DATUM": "NAD83", "HORZ_DESC": null, "dma_county": "Harris", "tceq_program": "vcp"}}, {"type": "Feature", "id": 1460166, "geometry": {"type": "Point", "coordinates": [-95.313676, 29.752622]}, "properties": {"OBJECTID": 1460166, "REM_PROG": "Voluntary Cleanup Program (VCP)", "RN": "RN100606771", "VCP_ID": 1674, "SITE_NAME": "METAL PREP HOUSTON PLANT", "PHYS_ADDR": "501 N GREENWOOD ST", "ADDR_DESC": "501 N GREENWOOD STREET HOUSTON TX", "CITY": "HOUSTON", "COUNTY": "HARRIS", "ZIP_CODE": "77011", "REGION": "REGION 12 - HOUSTON", "LAT_DD": 29.7526172, "LONG_DD": -95.31366856, "HORZ_METH": "ADDMAT_NUM", "HORZ_ACC": -9999, "HORZ_REF": "OTHER", "HORZ_DATE": "20040113", "HORZ_ORG": "TCEQ", "HORZ_DATUM": "NAD83", "HORZ_DESC": null, "dma_county": "Harris", "tceq_program": "vcp"}}, {"type": "Feature", "id": 1460167, "geometry": {"type": "Point", "coordinates": [-95.360156, 29.755739]}, "properties": {"OBJECTID": 1460167, "REM_PROG": "Voluntary Cleanup Program (VCP)", "RN": "RN102069820", "VCP_ID": 1213, "SITE_NAME": "BLOCKS 97 AND 129", "PHYS_ADDR": "1000 AUSTIN ST", "ADDR_DESC": "AUSTIN/MCKINNEY/LABRANCH/RUSK STREETS", "CITY": "HOUSTON", "COUNTY": "HARRIS", "ZIP_CODE": "77010", "REGION": "REGION 12 - HOUSTON", "LAT_DD": 29.75573334, "LONG_DD": -95.36014866, "HORZ_METH": "ADDMAT", "HORZ_ACC": -9999, "HORZ_REF": "OTHER", "HORZ_DATE": "20000515", "HORZ_ORG": "TCEQ", "HORZ_DATUM": "NAD83", "HORZ_DESC": null, "dma_county": "Harris", "tceq_program": "vcp"}}, {"type": "Feature", "id": 1460169, "geometry": {"type": "Point", "coordinates": [-95.232566, 29.661875]}, "properties": {"OBJECTID": 1460169, "REM_PROG": "Voluntary Cleanup Program (VCP)", "RN": "RN102362092", "VCP_ID": 2043, "SITE_NAME": "MARTIN ASPHALT", "PHYS_ADDR": "300 CHRISTI PL", "ADDR_DESC": null, "CITY": "SOUTH HOUSTON", "COUNTY": "HARRIS", "ZIP_CODE": "77587", "REGION": "REGION 12 - HOUSTON", "LAT_DD": 29.66186987, "LONG_DD": -95.23255939, "HORZ_METH": "ADDMAT_NUM", "HORZ_ACC": -9999, "HORZ_REF": "OTHER", "HORZ_DATE": "20070328", "HORZ_ORG": "TCEQ", "HORZ_DATUM": "NAD83", "HORZ_DESC": null, "dma_county": "Harris", "tceq_program": "vcp"}}, {"type": "Feature", "id": 1460173, "geometry": {"type": "Point", "coordinates": [-95.23356, 30.04871]}, "properties": {"OBJECTID": 1460173, "REM_PROG": "Voluntary Cleanup Program (VCP)", "RN": "RN100660984", "VCP_ID": 2152, "SITE_NAME": "KINGWOOD SQUARE PINEWOOD CLEANERS", "PHYS_ADDR": "1444 KINGWOOD DR", "ADDR_DESC": null, "CITY": "KINGWOOD", "COUNTY": "HARRIS", "ZIP_CODE": "77339", "REGION": "REGION 12 - HOUSTON", "LAT_DD": 30.04870428, "LONG_DD": -95.23355301, "HORZ_METH": "ADDMAT_NUM", "HORZ_ACC": -9999, "HORZ_REF": "STRUC_CEN", "HORZ_DATE": "20080314", "HORZ_ORG": "TCEQ", "HORZ_DATUM": "NAD83", "HORZ_DESC": null, "dma_county": "Harris", "tceq_program": "vcp"}}, {"type": "Feature", "id": 1460176, "geometry": {"type": "Point", "coordinates": [-95.258868, 29.64656]}, "properties": {"OBJECTID": 1460176, "REM_PROG": "Voluntary Cleanup Program (VCP)", "RN": "RN100645894", "VCP_ID": 1597, "SITE_NAME": "WASTE TRANSFER", "PHYS_ADDR": "8420 HANSEN RD", "ADDR_DESC": "8420 HANSEN ROAD CLEAR WATER PIT", "CITY": "HOUSTON", "COUNTY": "HARRIS", "ZIP_CODE": "77075", "REGION": "REGION 12 - HOUSTON", "LAT_DD": 29.64655441, "LONG_DD": -95.2588614, "HORZ_METH": "ADDMAT_NUM", "HORZ_ACC": -9999, "HORZ_REF": "STRUC_CEN", "HORZ_DATE": "20030611", "HORZ_ORG": "TCEQ", "HORZ_DATUM": "NAD83", "HORZ_DESC": null, "dma_county": "Harris", "tceq_program": "vcp"}}, {"type": "Feature", "id": 1460178, "geometry": {"type": "Point", "coordinates": [-95.374951, 29.762568]}, "properties": {"OBJECTID": 1460178, "REM_PROG": "Voluntary Cleanup Program (VCP)", "RN": "RN102001336", "VCP_ID": 1056, "SITE_NAME": "SABINE TRACT", "PHYS_ADDR": null, "ADDR_DESC": "NEC SABINE STREET AND BUFFALO BAYOU ABANDONED PRINTING FACILITY", "CITY": "HOUSTON", "COUNTY": "HARRIS", "ZIP_CODE": null, "REGION": "REGION 12 - HOUSTON", "LAT_DD": 29.7625633, "LONG_DD": -95.37494377, "HORZ_METH": "UNKNOWN", "HORZ_ACC": -9999, "HORZ_REF": "OTHER", "HORZ_DATE": "19990920", "HORZ_ORG": "TCEQ", "HORZ_DATUM": "NAD83", "HORZ_DESC": null, "dma_county": "Harris", "tceq_program": "vcp"}}, {"type": "Feature", "id": 1460187, "geometry": {"type": "Point", "coordinates": [-95.505035, 29.634659]}, "properties": {"OBJECTID": 1460187, "REM_PROG": "Voluntary Cleanup Program (VCP)", "RN": "RN100869601", "VCP_ID": 3026, "SITE_NAME": "FORMER MARCUS OIL AND CHEMICAL - RESERVE A SITE", "PHYS_ADDR": "14549 MINETTA ST", "ADDR_DESC": null, "CITY": "HOUSTON", "COUNTY": "HARRIS", "ZIP_CODE": "77035", "REGION": "REGION 12 - HOUSTON", "LAT_DD": 29.63465379, "LONG_DD": -95.50502764, "HORZ_METH": "DOQ", "HORZ_ACC": 5, "HORZ_REF": "STRUC_CEN", "HORZ_DATE": "20190821", "HORZ_ORG": "TCEQ", "HORZ_DATUM": "NAD83", "HORZ_DESC": null, "dma_county": "Harris", "tceq_program": "vcp"}}, {"type": "Feature", "id": 1460188, "geometry": {"type": "Point", "coordinates": [-95.346771, 29.753448]}, "properties": {"OBJECTID": 1460188, "REM_PROG": "Voluntary Cleanup Program (VCP)", "RN": "RN100927755", "VCP_ID": 3023, "SITE_NAME": "FORMER NATIONAL OILWELL VARCO", "PHYS_ADDR": "2530 GARROW ST", "ADDR_DESC": null, "CITY": "HOUSTON", "COUNTY": "HARRIS", "ZIP_CODE": "77003", "REGION": "REGION 12 - HOUSTON", "LAT_DD": 29.75344258, "LONG_DD": -95.34676378, "HORZ_METH": "DOQ", "HORZ_ACC": 5, "HORZ_REF": "STRUC_CEN", "HORZ_DATE": "20190814", "HORZ_ORG": "TCEQ", "HORZ_DATUM": "NAD83", "HORZ_DESC": null, "dma_county": "Harris", "tceq_program": "vcp"}}, {"type": "Feature", "id": 1460190, "geometry": {"type": "Point", "coordinates": [-95.273409, 29.792293]}, "properties": {"OBJECTID": 1460190, "REM_PROG": "Voluntary Cleanup Program (VCP)", "RN": "RN102211018", "VCP_ID": 3027, "SITE_NAME": "BRIGGS EQUIPMENT", "PHYS_ADDR": "8787 WALLISVILLE RD", "ADDR_DESC": "8787 Wallisville Rd, Houston, TX 77029", "CITY": "HOUSTON", "COUNTY": "HARRIS", "ZIP_CODE": "77029", "REGION": "REGION 12 - HOUSTON", "LAT_DD": 29.79228787, "LONG_DD": -95.27340214, "HORZ_METH": "DOQ", "HORZ_ACC": 5, "HORZ_REF": "FAC_CEN", "HORZ_DATE": "20190822", "HORZ_ORG": "TCEQ", "HORZ_DATUM": "NAD83", "HORZ_DESC": null, "dma_county": "Harris", "tceq_program": "vcp"}}, {"type": "Feature", "id": 1460192, "geometry": {"type": "Point", "coordinates": [-95.37986, 29.769711]}, "properties": {"OBJECTID": 1460192, "REM_PROG": "Voluntary Cleanup Program (VCP)", "RN": "RN100872340", "VCP_ID": 3024, "SITE_NAME": "FORMER MERFISH SUPPLY TRACT 5A", "PHYS_ADDR": "1902 WASHINGTON AVE", "ADDR_DESC": "TRACT 5A AT 2121 EDWARDS ST", "CITY": "HOUSTON", "COUNTY": "HARRIS", "ZIP_CODE": "77007", "REGION": "REGION 12 - HOUSTON", "LAT_DD": 29.76970538, "LONG_DD": -95.37985309, "HORZ_METH": "DOQ", "HORZ_ACC": 5, "HORZ_REF": "FAC_CEN", "HORZ_DATE": "20190816", "HORZ_ORG": "TCEQ", "HORZ_DATUM": "NAD83", "HORZ_DESC": null, "dma_county": "Harris", "tceq_program": "vcp"}}, {"type": "Feature", "id": 1460193, "geometry": {"type": "Point", "coordinates": [-95.340773, 29.751876]}, "properties": {"OBJECTID": 1460193, "REM_PROG": "Voluntary Cleanup Program (VCP)", "RN": "RN105566491", "VCP_ID": 3021, "SITE_NAME": "0 COMMERCE STREET", "PHYS_ADDR": "205 VELASCO ST", "ADDR_DESC": "SE CORNER OF VELASCO ST AND COMMERCE AVE", "CITY": "HOUSTON", "COUNTY": "HARRIS", "ZIP_CODE": "77003", "REGION": "REGION 12 - HOUSTON", "LAT_DD": 29.75187121, "LONG_DD": -95.34076626, "HORZ_METH": "DOQ", "HORZ_ACC": 5, "HORZ_REF": "FAC_CEN", "HORZ_DATE": "20190805", "HORZ_ORG": "TCEQ", "HORZ_DATUM": "NAD83", "HORZ_DESC": null, "dma_county": "Harris", "tceq_program": "vcp"}}, {"type": "Feature", "id": 1460201, "geometry": {"type": "Point", "coordinates": [-95.375381, 29.769563]}, "properties": {"OBJECTID": 1460201, "REM_PROG": "Voluntary Cleanup Program (VCP)", "RN": "RN102240587", "VCP_ID": 3255, "SITE_NAME": "FORMER HOUSTON AND TEXAS CENTRAL RAILROAD FACILITY", "PHYS_ADDR": "1705 DART ST", "ADDR_DESC": " 1705 DART ST HOUSTON TX 77007", "CITY": "HOUSTON", "COUNTY": "HARRIS", "ZIP_CODE": "77007", "REGION": "REGION 12 - HOUSTON", "LAT_DD": 29.76955733, "LONG_DD": -95.37537396, "HORZ_METH": "DOQ", "HORZ_ACC": 5, "HORZ_REF": "STRUC_CEN", "HORZ_DATE": "20221101", "HORZ_ORG": "TCEQ", "HORZ_DATUM": "NAD83", "HORZ_DESC": null, "dma_county": "Harris", "tceq_program": "vcp"}}, {"type": "Feature", "id": 1460203, "geometry": {"type": "Point", "coordinates": [-95.483399, 29.809123]}, "properties": {"OBJECTID": 1460203, "REM_PROG": "Voluntary Cleanup Program (VCP)", "RN": "RN100614577", "VCP_ID": 3256, "SITE_NAME": "2041 JOHANNA PROPERTY", "PHYS_ADDR": "2041 JOHANNA DR", "ADDR_DESC": "2041 Johanna, Houston, TX", "CITY": "HOUSTON", "COUNTY": "HARRIS", "ZIP_CODE": "77055", "REGION": "REGION 12 - HOUSTON", "LAT_DD": 29.8091178, "LONG_DD": -95.48339244, "HORZ_METH": "DOQ", "HORZ_ACC": -9999, "HORZ_REF": "STRUC_CEN", "HORZ_DATE": "20221110", "HORZ_ORG": "TCEQ", "HORZ_DATUM": "NAD83", "HORZ_DESC": null, "dma_county": "Harris", "tceq_program": "vcp"}}, {"type": "Feature", "id": 1460204, "geometry": {"type": "Point", "coordinates": [-95.285952, 29.951078]}, "properties": {"OBJECTID": 1460204, "REM_PROG": "Voluntary Cleanup Program (VCP)", "RN": "RN105815807", "VCP_ID": 3254, "SITE_NAME": "6750 BENDER ROAD", "PHYS_ADDR": "6750 BENDER RD", "ADDR_DESC": null, "CITY": "HUMBLE", "COUNTY": "HARRIS", "ZIP_CODE": "77396", "REGION": "REGION 12 - HOUSTON", "LAT_DD": 29.95107302, "LONG_DD": -95.28594502, "HORZ_METH": "DOQ", "HORZ_ACC": 5, "HORZ_REF": "FAC_CEN", "HORZ_DATE": "20221031", "HORZ_ORG": "TCEQ", "HORZ_DATUM": "NAD83", "HORZ_DESC": null, "dma_county": "Harris", "tceq_program": "vcp"}}, {"type": "Feature", "id": 1460207, "geometry": {"type": "Point", "coordinates": [-95.091762, 29.799168]}, "properties": {"OBJECTID": 1460207, "REM_PROG": "Voluntary Cleanup Program (VCP)", "RN": "RN111611067", "VCP_ID": 3260, "SITE_NAME": "FORMER PIPE YARD", "PHYS_ADDR": "726 SHIELDS ST", "ADDR_DESC": null, "CITY": "CHANNELVIEW", "COUNTY": "HARRIS", "ZIP_CODE": "77530", "REGION": "REGION 12 - HOUSTON", "LAT_DD": 29.79916275, "LONG_DD": -95.09175465, "HORZ_METH": "DOQ", "HORZ_ACC": 5, "HORZ_REF": "FAC_CEN", "HORZ_DATE": "20221115", "HORZ_ORG": "TCEQ", "HORZ_DATUM": "NAD83", "HORZ_DESC": null, "dma_county": "Harris", "tceq_program": "vcp"}}, {"type": "Feature", "id": 1460212, "geometry": {"type": "Point", "coordinates": [-95.471871, 30.341295]}, "properties": {"OBJECTID": 1460212, "REM_PROG": "Voluntary Cleanup Program (VCP)", "RN": "RN111595922", "VCP_ID": 3250, "SITE_NAME": "10 ACRE TRACT DRENNAN RD AND FRAZIER ST", "PHYS_ADDR": "2411 N FRAZIER ST", "ADDR_DESC": null, "CITY": "CONROE", "COUNTY": "MONTGOMERY", "ZIP_CODE": "77303", "REGION": "REGION 12 - HOUSTON", "LAT_DD": 30.3412899, "LONG_DD": -95.47186372, "HORZ_METH": "DOQ", "HORZ_ACC": 5, "HORZ_REF": "FAC_CEN", "HORZ_DATE": "20221020", "HORZ_ORG": "TCEQ", "HORZ_DATUM": "NAD83", "HORZ_DESC": null, "dma_county": "Montgomery", "tceq_program": "vcp"}}, {"type": "Feature", "id": 1460227, "geometry": {"type": "Point", "coordinates": [-95.415113, 29.620356]}, "properties": {"OBJECTID": 1460227, "REM_PROG": "Voluntary Cleanup Program (VCP)", "RN": "RN100692144", "VCP_ID": 347, "SITE_NAME": "MUEHLSTEIN HOUSTON PLASTICS PL", "PHYS_ADDR": "13001 ALMEDA RD", "ADDR_DESC": "13001 ALAMEDA ROAD", "CITY": "HOUSTON", "COUNTY": "HARRIS", "ZIP_CODE": "77045", "REGION": "REGION 12 - HOUSTON", "LAT_DD": 29.62035082, "LONG_DD": -95.41510587, "HORZ_METH": "ADDMAT_NUM", "HORZ_ACC": -9999, "HORZ_REF": "OTHER", "HORZ_DATE": "19960918", "HORZ_ORG": "TCEQ", "HORZ_DATUM": "NAD83", "HORZ_DESC": null, "dma_county": "Harris", "tceq_program": "vcp"}}, {"type": "Feature", "id": 1460234, "geometry": {"type": "Point", "coordinates": [-96.24548, 29.932617]}, "properties": {"OBJECTID": 1460234, "REM_PROG": "Voluntary Cleanup Program (VCP)", "RN": "RN100607472", "VCP_ID": 477, "SITE_NAME": "CRABAR BUSINESS SYSTEMS", "PHYS_ADDR": "1402 E HACIENDA ST", "ADDR_DESC": "1402 E HACIENDA ST BELLVILLE TX", "CITY": "BELLVILLE", "COUNTY": "AUSTIN", "ZIP_CODE": "77418", "REGION": "REGION 12 - HOUSTON", "LAT_DD": 29.93261213, "LONG_DD": -96.24547277, "HORZ_METH": "ADDMAT_NUM", "HORZ_ACC": -9999, "HORZ_REF": "OTHER", "HORZ_DATE": "19970226", "HORZ_ORG": "TCEQ", "HORZ_DATUM": "NAD83", "HORZ_DESC": null, "dma_county": "Austin", "tceq_program": "vcp"}}, {"type": "Feature", "id": 1460236, "geometry": {"type": "Point", "coordinates": [-95.63067, 29.786338]}, "properties": {"OBJECTID": 1460236, "REM_PROG": "Voluntary Cleanup Program (VCP)", "RN": "RN102319647", "VCP_ID": 2544, "SITE_NAME": "CENTRAL PARK WEST TRACT", "PHYS_ADDR": "13922 KATY FWY", "ADDR_DESC": "Key Map 488B", "CITY": "HOUSTON", "COUNTY": "HARRIS", "ZIP_CODE": "77079", "REGION": "REGION 12 - HOUSTON", "LAT_DD": 29.786333, "LONG_DD": -95.63066303, "HORZ_METH": "ADDMAT_NUM", "HORZ_ACC": -9999, "HORZ_REF": "OTHER", "HORZ_DATE": "20121029", "HORZ_ORG": "TCEQ", "HORZ_DATUM": "NAD83", "HORZ_DESC": null, "dma_county": "Harris", "tceq_program": "vcp"}}, {"type": "Feature", "id": 1460238, "geometry": {"type": "Point", "coordinates": [-95.509774, 29.614268]}, "properties": {"OBJECTID": 1460238, "REM_PROG": "Voluntary Cleanup Program (VCP)", "RN": "RN105360556", "VCP_ID": 2097, "SITE_NAME": "WILLOWISP COUNTRY CLUB", "PHYS_ADDR": "14502 FONDREN RD", "ADDR_DESC": "SWC FONDREN AND BUFFALO RUN", "CITY": "MISSOURI CITY", "COUNTY": "FORT BEND", "ZIP_CODE": "77489", "REGION": "REGION 12 - HOUSTON", "LAT_DD": 29.61426304, "LONG_DD": -95.50976706, "HORZ_METH": "ADDMAT_NUM", "HORZ_ACC": -9999, "HORZ_REF": "OTHER", "HORZ_DATE": "20070921", "HORZ_ORG": "TCEQ", "HORZ_DATUM": "NAD83", "HORZ_DESC": null, "dma_county": "Fort Bend", "tceq_program": "vcp"}}, {"type": "Feature", "id": 1460240, "geometry": {"type": "Point", "coordinates": [-95.580367, 29.790211]}, "properties": {"OBJECTID": 1460240, "REM_PROG": "Voluntary Cleanup Program (VCP)", "RN": "RN102598869", "VCP_ID": 110, "SITE_NAME": "NILS SEFELDT VOLVO", "PHYS_ADDR": "1321 SHERWOOD FOREST ST", "ADDR_DESC": "1321 SHERWOOD FOREST", "CITY": "HOUSTON", "COUNTY": "HARRIS", "ZIP_CODE": "77043", "REGION": "REGION 12 - HOUSTON", "LAT_DD": 29.79020606, "LONG_DD": -95.58035971, "HORZ_METH": "ADDMAT_NUM", "HORZ_ACC": -9999, "HORZ_REF": "OTHER", "HORZ_DATE": "19951019", "HORZ_ORG": "TCEQ", "HORZ_DATUM": "NAD83", "HORZ_DESC": null, "dma_county": "Harris", "tceq_program": "vcp"}}, {"type": "Feature", "id": 1460243, "geometry": {"type": "Point", "coordinates": [-94.804305, 29.301259]}, "properties": {"OBJECTID": 1460243, "REM_PROG": "Voluntary Cleanup Program (VCP)", "RN": "RN111489076", "VCP_ID": 3382, "SITE_NAME": "SHIELD PARK", "PHYS_ADDR": "3228 CHURCH ST", "ADDR_DESC": null, "CITY": "GALVESTON", "COUNTY": "GALVESTON", "ZIP_CODE": "77550", "REGION": "REGION 12 - HOUSTON", "LAT_DD": 29.30125389, "LONG_DD": -94.80429833, "HORZ_METH": "DOQ", "HORZ_ACC": 5, "HORZ_REF": "FAC_CEN", "HORZ_DATE": "20260312", "HORZ_ORG": "TCEQ", "HORZ_DATUM": "NAD83", "HORZ_DESC": null, "dma_county": "Galveston", "tceq_program": "vcp"}}, {"type": "Feature", "id": 1460245, "geometry": {"type": "Point", "coordinates": [-95.34519, 29.799324]}, "properties": {"OBJECTID": 1460245, "REM_PROG": "Voluntary Cleanup Program (VCP)", "RN": "RN100920339", "VCP_ID": 3385, "SITE_NAME": "BODNER METAL AND IRON", "PHYS_ADDR": "3660 SCHALKER DR", "ADDR_DESC": null, "CITY": "HOUSTON", "COUNTY": "HARRIS", "ZIP_CODE": "77026", "REGION": "REGION 12 - HOUSTON", "LAT_DD": 29.79931911, "LONG_DD": -95.34518275, "HORZ_METH": "DOQ", "HORZ_ACC": 5, "HORZ_REF": "FAC_CEN", "HORZ_DATE": "20260327", "HORZ_ORG": "TCEQ", "HORZ_DATUM": "NAD83", "HORZ_DESC": null, "dma_county": "Harris", "tceq_program": "vcp"}}, {"type": "Feature", "id": 1460247, "geometry": {"type": "Point", "coordinates": [-95.44003, 29.793352]}, "properties": {"OBJECTID": 1460247, "REM_PROG": "Voluntary Cleanup Program (VCP)", "RN": "RN112149562", "VCP_ID": 3387, "SITE_NAME": "2.7 - ACRE WYNNWOOD PROPERTY", "PHYS_ADDR": null, "ADDR_DESC": "6827 6839 6853 6855 6857 AND 6859 WYNNWOOD LANE HOUSTON TX 77008", "CITY": "HOUSTON", "COUNTY": "HARRIS", "ZIP_CODE": null, "REGION": "REGION 12 - HOUSTON", "LAT_DD": 29.79334672, "LONG_DD": -95.44002279, "HORZ_METH": "DOQ", "HORZ_ACC": 5, "HORZ_REF": "FAC_CEN", "HORZ_DATE": "20260406", "HORZ_ORG": "TCEQ", "HORZ_DATUM": "NAD83", "HORZ_DESC": null, "dma_county": "Harris", "tceq_program": "vcp"}}, {"type": "Feature", "id": 1460258, "geometry": {"type": "Point", "coordinates": [-95.607028, 29.639101]}, "properties": {"OBJECTID": 1460258, "REM_PROG": "Voluntary Cleanup Program (VCP)", "RN": "RN100667096", "VCP_ID": 3270, "SITE_NAME": "TEXAS PRECISION METALCRAFT PROPERTY", "PHYS_ADDR": "810 INDUSTRIAL BLVD", "ADDR_DESC": "810 Industrial Blvd, Sugar Land, TX", "CITY": "SUGAR LAND", "COUNTY": "FORT BEND", "ZIP_CODE": "77478", "REGION": "REGION 12 - HOUSTON", "LAT_DD": 29.6390958, "LONG_DD": -95.60702089, "HORZ_METH": "DOQ", "HORZ_ACC": 5, "HORZ_REF": "FAC_CEN", "HORZ_DATE": "20230130", "HORZ_ORG": "TCEQ", "HORZ_DATUM": "NAD83", "HORZ_DESC": null, "dma_county": "Fort Bend", "tceq_program": "vcp"}}, {"type": "Feature", "id": 1460264, "geometry": {"type": "Point", "coordinates": [-95.363304, 29.772913]}, "properties": {"OBJECTID": 1460264, "REM_PROG": "Voluntary Cleanup Program (VCP)", "RN": "RN101462182", "VCP_ID": 3267, "SITE_NAME": "4.2376 ACRE SOUTH STREET PARCEL", "PHYS_ADDR": null, "ADDR_DESC": "INTERSECTION OF SOUTH ST AND MYRTLE ST", "CITY": "HOUSTON", "COUNTY": "HARRIS", "ZIP_CODE": null, "REGION": "REGION 12 - HOUSTON", "LAT_DD": 29.77290775, "LONG_DD": -95.36329688, "HORZ_METH": "DOQ", "HORZ_ACC": 5, "HORZ_REF": "FAC_CEN", "HORZ_DATE": "20221223", "HORZ_ORG": "TCEQ", "HORZ_DATUM": "NAD83", "HORZ_DESC": null, "dma_county": "Harris", "tceq_program": "vcp"}}, {"type": "Feature", "id": 1460265, "geometry": {"type": "Point", "coordinates": [-95.339863, 29.751341]}, "properties": {"OBJECTID": 1460265, "REM_PROG": "Voluntary Cleanup Program (VCP)", "RN": "RN102409539", "VCP_ID": 3269, "SITE_NAME": "ROBERTS INDUSTRIAL CENTER", "PHYS_ADDR": "3301 SHERMAN ST", "ADDR_DESC": "3215 3217 3301 3303 SHERMAN ST AND 3210 COMMERCE ST", "CITY": "HOUSTON", "COUNTY": "HARRIS", "ZIP_CODE": "77003", "REGION": "REGION 12 - HOUSTON", "LAT_DD": 29.75133531, "LONG_DD": -95.33985606, "HORZ_METH": "DOQ", "HORZ_ACC": 5, "HORZ_REF": "STRUC_CEN", "HORZ_DATE": "20230119", "HORZ_ORG": "TCEQ", "HORZ_DATUM": "NAD83", "HORZ_DESC": null, "dma_county": "Harris", "tceq_program": "vcp"}}, {"type": "Feature", "id": 1460266, "geometry": {"type": "Point", "coordinates": [-95.304694, 29.575999]}, "properties": {"OBJECTID": 1460266, "REM_PROG": "Voluntary Cleanup Program (VCP)", "RN": "RN101621894", "VCP_ID": 3268, "SITE_NAME": "PEARLAND INDUSTRIAL PROPERTY", "PHYS_ADDR": "13600 HATFIELD RD", "ADDR_DESC": null, "CITY": "PEARLAND", "COUNTY": "BRAZORIA", "ZIP_CODE": "77581", "REGION": "REGION 12 - HOUSTON", "LAT_DD": 29.57599374, "LONG_DD": -95.30468725, "HORZ_METH": "DOQ", "HORZ_ACC": 5, "HORZ_REF": "FAC_CEN", "HORZ_DATE": "20230113", "HORZ_ORG": "TCEQ", "HORZ_DATUM": "NAD83", "HORZ_DESC": null, "dma_county": "Brazoria", "tceq_program": "vcp"}}, {"type": "Feature", "id": 1460271, "geometry": {"type": "Point", "coordinates": [-95.493777, 29.727896]}, "properties": {"OBJECTID": 1460271, "REM_PROG": "Voluntary Cleanup Program (VCP)", "RN": "RN111699583", "VCP_ID": 3276, "SITE_NAME": "6333 SKYLINE DRIVE PROPERTY", "PHYS_ADDR": null, "ADDR_DESC": "6333 - 6341 SKYLINE DR", "CITY": "HOUSTON", "COUNTY": "HARRIS", "ZIP_CODE": null, "REGION": "REGION 12 - HOUSTON", "LAT_DD": 29.7278913, "LONG_DD": -95.4937696, "HORZ_METH": "DOQ", "HORZ_ACC": 5, "HORZ_REF": "STRUC_CEN", "HORZ_DATE": "20230224", "HORZ_ORG": "TCEQ", "HORZ_DATUM": "NAD83", "HORZ_DESC": null, "dma_county": "Harris", "tceq_program": "vcp"}}, {"type": "Feature", "id": 1460273, "geometry": {"type": "Point", "coordinates": [-95.052793, 29.817861]}, "properties": {"OBJECTID": 1460273, "REM_PROG": "Voluntary Cleanup Program (VCP)", "RN": "RN102872694", "VCP_ID": 547, "SITE_NAME": "HI-PORT", "PHYS_ADDR": "409 E WALLISVILLE RD", "ADDR_DESC": "409 E Wallisville Rd, Highlands, TX", "CITY": "HIGHLANDS", "COUNTY": "HARRIS", "ZIP_CODE": "77562", "REGION": "REGION 12 - HOUSTON", "LAT_DD": 29.81785536, "LONG_DD": -95.05278587, "HORZ_METH": "ADDMAT_NUM", "HORZ_ACC": -9999, "HORZ_REF": "OTHER", "HORZ_DATE": "19970610", "HORZ_ORG": "TCEQ", "HORZ_DATUM": "NAD83", "HORZ_DESC": null, "dma_county": "Harris", "tceq_program": "vcp"}}, {"type": "Feature", "id": 1460287, "geometry": {"type": "Point", "coordinates": [-95.364904, 29.749779]}, "properties": {"OBJECTID": 1460287, "REM_PROG": "Voluntary Cleanup Program (VCP)", "RN": "RN100704352", "VCP_ID": 2639, "SITE_NAME": "FORMER AUTOMOBILE DEALERSHIP", "PHYS_ADDR": "1404 LEELAND ST", "ADDR_DESC": "1404 Leeland St, Houston, TX", "CITY": "HOUSTON", "COUNTY": "HARRIS", "ZIP_CODE": "77002", "REGION": "REGION 12 - HOUSTON", "LAT_DD": 29.74977386, "LONG_DD": -95.36489744, "HORZ_METH": "ADDMAT_NUM", "HORZ_ACC": -9999, "HORZ_REF": "OTHER", "HORZ_DATE": "20131230", "HORZ_ORG": "TCEQ", "HORZ_DATUM": "NAD83", "HORZ_DESC": null, "dma_county": "Harris", "tceq_program": "vcp"}}, {"type": "Feature", "id": 1460289, "geometry": {"type": "Point", "coordinates": [-95.610263, 29.782051]}, "properties": {"OBJECTID": 1460289, "REM_PROG": "Voluntary Cleanup Program (VCP)", "RN": "RN101054344", "VCP_ID": 461, "SITE_NAME": "ASHFORD IV OFFICE BUILDING", "PHYS_ADDR": "14811 SAINT MARYS LN", "ADDR_DESC": "14811 ST. MARYS LANE", "CITY": "HOUSTON", "COUNTY": "HARRIS", "ZIP_CODE": "77079", "REGION": "REGION 12 - HOUSTON", "LAT_DD": 29.78204565, "LONG_DD": -95.61025569, "HORZ_METH": "ADDMAT_NUM", "HORZ_ACC": -9999, "HORZ_REF": "OTHER", "HORZ_DATE": "19970210", "HORZ_ORG": "TCEQ", "HORZ_DATUM": "NAD83", "HORZ_DESC": null, "dma_county": "Harris", "tceq_program": "vcp"}}, {"type": "Feature", "id": 1460292, "geometry": {"type": "Point", "coordinates": [-95.162667, 29.799864]}, "properties": {"OBJECTID": 1460292, "REM_PROG": "Voluntary Cleanup Program (VCP)", "RN": "RN102216355", "VCP_ID": 1012, "SITE_NAME": "DIAMOND SHAMROCK STOP N GO NO.", "PHYS_ADDR": "14710 STERLING GREEN BLVD", "ADDR_DESC": "14710 STERLING GREEN", "CITY": "HOUSTON", "COUNTY": "HARRIS", "ZIP_CODE": "77015", "REGION": "REGION 12 - HOUSTON", "LAT_DD": 29.7998585, "LONG_DD": -95.16266005, "HORZ_METH": "ADDMAT_NUM", "HORZ_ACC": -9999, "HORZ_REF": "OTHER", "HORZ_DATE": "19990714", "HORZ_ORG": "TCEQ", "HORZ_DATUM": "NAD83", "HORZ_DESC": null, "dma_county": "Harris", "tceq_program": "vcp"}}, {"type": "Feature", "id": 1460297, "geometry": {"type": "Point", "coordinates": [-95.646312, 29.846272]}, "properties": {"OBJECTID": 1460297, "REM_PROG": "Voluntary Cleanup Program (VCP)", "RN": "RN102988268", "VCP_ID": 1555, "SITE_NAME": "PARK PLAZA II SHOPPING CENTER", "PHYS_ADDR": "16204 LOCH KATRINE LN", "ADDR_DESC": "4704 HIGHWAY 6 AT LOCH KATRINE LANE", "CITY": "HOUSTON", "COUNTY": "HARRIS", "ZIP_CODE": "77084", "REGION": "REGION 12 - HOUSTON", "LAT_DD": 29.84626645, "LONG_DD": -95.64630458, "HORZ_METH": "ADDMAT_NUM", "HORZ_ACC": -9999, "HORZ_REF": "OTHER", "HORZ_DATE": "20030113", "HORZ_ORG": "TCEQ", "HORZ_DATUM": "NAD83", "HORZ_DESC": null, "dma_county": "Harris", "tceq_program": "vcp"}}, {"type": "Feature", "id": 1460300, "geometry": {"type": "Point", "coordinates": [-95.569798, 29.804737]}, "properties": {"OBJECTID": 1460300, "REM_PROG": "Voluntary Cleanup Program (VCP)", "RN": "RN101053122", "VCP_ID": 809, "SITE_NAME": "VETCO PIPELINE SERVICES, INC.", "PHYS_ADDR": "1650 BRITTMOORE RD", "ADDR_DESC": "1650 BRITTMOORE ROAD", "CITY": "HOUSTON", "COUNTY": "HARRIS", "ZIP_CODE": "77043", "REGION": "REGION 12 - HOUSTON", "LAT_DD": 29.80473199, "LONG_DD": -95.56979096, "HORZ_METH": "ADDMAT_NUM", "HORZ_ACC": -9999, "HORZ_REF": "OTHER", "HORZ_DATE": "19980717", "HORZ_ORG": "TCEQ", "HORZ_DATUM": "NAD83", "HORZ_DESC": null, "dma_county": "Harris", "tceq_program": "vcp"}}, {"type": "Feature", "id": 1460302, "geometry": {"type": "Point", "coordinates": [-95.569263, 29.805197]}, "properties": {"OBJECTID": 1460302, "REM_PROG": "Voluntary Cleanup Program (VCP)", "RN": "RN101053122", "VCP_ID": 3031, "SITE_NAME": "FORMER BAKER HUGHES VETCO FACILITY", "PHYS_ADDR": "1660 BRITTMOORE RD", "ADDR_DESC": "1650 BRITTMOORE ROAD", "CITY": "HOUSTON", "COUNTY": "HARRIS", "ZIP_CODE": "77043", "REGION": "REGION 12 - HOUSTON", "LAT_DD": 29.8051917, "LONG_DD": -95.56925574, "HORZ_METH": "DOQ", "HORZ_ACC": 5, "HORZ_REF": "FAC_CEN", "HORZ_DATE": "20190912", "HORZ_ORG": "TCEQ", "HORZ_DATUM": "NAD83", "HORZ_DESC": null, "dma_county": "Harris", "tceq_program": "vcp"}}, {"type": "Feature", "id": 1460303, "geometry": {"type": "Point", "coordinates": [-95.449068, 29.746293]}, "properties": {"OBJECTID": 1460303, "REM_PROG": "Voluntary Cleanup Program (VCP)", "RN": "RN102173358", "VCP_ID": 3033, "SITE_NAME": "FORMER HALLMARK CLEANERS", "PHYS_ADDR": "4217 SAN FELIPE ST", "ADDR_DESC": "4203 SAN FELIPE", "CITY": "HOUSTON", "COUNTY": "HARRIS", "ZIP_CODE": "77027", "REGION": "REGION 12 - HOUSTON", "LAT_DD": 29.74628776, "LONG_DD": -95.44906062, "HORZ_METH": "DOQ", "HORZ_ACC": 5, "HORZ_REF": "STRUC_CEN", "HORZ_DATE": "20190918", "HORZ_ORG": "TCEQ", "HORZ_DATUM": "NAD83", "HORZ_DESC": null, "dma_county": "Harris", "tceq_program": "vcp"}}, {"type": "Feature", "id": 1460304, "geometry": {"type": "Point", "coordinates": [-95.334259, 29.749847]}, "properties": {"OBJECTID": 1460304, "REM_PROG": "Voluntary Cleanup Program (VCP)", "RN": "RN110860194", "VCP_ID": 3030, "SITE_NAME": "VACANT PARKING LOT", "PHYS_ADDR": "102 DRENNAN ST", "ADDR_DESC": null, "CITY": "HOUSTON", "COUNTY": "HARRIS", "ZIP_CODE": "77003", "REGION": "REGION 12 - HOUSTON", "LAT_DD": 29.749841580000002, "LONG_DD": -95.33425197, "HORZ_METH": "DOQ", "HORZ_ACC": 5, "HORZ_REF": "FAC_CEN", "HORZ_DATE": "20190911", "HORZ_ORG": "TCEQ", "HORZ_DATUM": "NAD83", "HORZ_DESC": null, "dma_county": "Harris", "tceq_program": "vcp"}}, {"type": "Feature", "id": 1460309, "geometry": {"type": "Point", "coordinates": [-95.54289, 29.879234]}, "properties": {"OBJECTID": 1460309, "REM_PROG": "Voluntary Cleanup Program (VCP)", "RN": "RN100647841", "VCP_ID": 3052, "SITE_NAME": "9700 WEST GULF BANK", "PHYS_ADDR": "9700 W GULF BANK RD", "ADDR_DESC": "9700 W GULF BANK RD, HOUSTON, TX", "CITY": "HOUSTON", "COUNTY": "HARRIS", "ZIP_CODE": "77040", "REGION": "REGION 12 - HOUSTON", "LAT_DD": 29.87922837, "LONG_DD": -95.54288323, "HORZ_METH": "DOQ", "HORZ_ACC": 5, "HORZ_REF": "STRUC_CEN", "HORZ_DATE": "20200113", "HORZ_ORG": "TCEQ", "HORZ_DATUM": "NAD83", "HORZ_DESC": null, "dma_county": "Harris", "tceq_program": "vcp"}}, {"type": "Feature", "id": 1460311, "geometry": {"type": "Point", "coordinates": [-95.465664, 29.946573]}, "properties": {"OBJECTID": 1460311, "REM_PROG": "Voluntary Cleanup Program (VCP)", "RN": "RN110771110", "VCP_ID": 2998, "SITE_NAME": "NORTH POINT PLAZA DRYCLEAN USA AREA", "PHYS_ADDR": "3010 GEARS RD", "ADDR_DESC": null, "CITY": "HOUSTON", "COUNTY": "HARRIS", "ZIP_CODE": "77067", "REGION": "REGION 12 - HOUSTON", "LAT_DD": 29.94656777, "LONG_DD": -95.46565696, "HORZ_METH": "ADDMAT_NUM", "HORZ_ACC": -9999, "HORZ_REF": "FAC_CEN", "HORZ_DATE": "20190425", "HORZ_ORG": "TCEQ", "HORZ_DATUM": "NAD83", "HORZ_DESC": null, "dma_county": "Harris", "tceq_program": "vcp"}}, {"type": "Feature", "id": 1460314, "geometry": {"type": "Point", "coordinates": [-95.36101, 29.752995]}, "properties": {"OBJECTID": 1460314, "REM_PROG": "Voluntary Cleanup Program (VCP)", "RN": "RN110874245", "VCP_ID": 3037, "SITE_NAME": "BLOCK 250 PARCEL", "PHYS_ADDR": "1118 CRAWFORD ST", "ADDR_DESC": null, "CITY": "HOUSTON", "COUNTY": "HARRIS", "ZIP_CODE": "77010", "REGION": "REGION 12 - HOUSTON", "LAT_DD": 29.7529903, "LONG_DD": -95.36100349, "HORZ_METH": "DOQ", "HORZ_ACC": 5, "HORZ_REF": "FAC_CEN", "HORZ_DATE": "20191009", "HORZ_ORG": "TCEQ", "HORZ_DATUM": "NAD83", "HORZ_DESC": null, "dma_county": "Harris", "tceq_program": "vcp"}}, {"type": "Feature", "id": 1460315, "geometry": {"type": "Point", "coordinates": [-95.36193, 29.753488]}, "properties": {"OBJECTID": 1460315, "REM_PROG": "Voluntary Cleanup Program (VCP)", "RN": "RN110874294", "VCP_ID": 3038, "SITE_NAME": "BLOCK 251", "PHYS_ADDR": "1150 LA BRANCH ST", "ADDR_DESC": null, "CITY": "HOUSTON", "COUNTY": "HARRIS", "ZIP_CODE": "77010", "REGION": "REGION 12 - HOUSTON", "LAT_DD": 29.75348275, "LONG_DD": -95.36192317, "HORZ_METH": "DOQ", "HORZ_ACC": 5, "HORZ_REF": "FAC_CEN", "HORZ_DATE": "20191009", "HORZ_ORG": "TCEQ", "HORZ_DATUM": "NAD83", "HORZ_DESC": null, "dma_county": "Harris", "tceq_program": "vcp"}}, {"type": "Feature", "id": 1460316, "geometry": {"type": "Point", "coordinates": [-95.363256, 29.753406]}, "properties": {"OBJECTID": 1460316, "REM_PROG": "Voluntary Cleanup Program (VCP)", "RN": "RN110874450", "VCP_ID": 3039, "SITE_NAME": "BLOCK 275 PARCEL", "PHYS_ADDR": "1310 DALLAS ST", "ADDR_DESC": null, "CITY": "HOUSTON", "COUNTY": "HARRIS", "ZIP_CODE": "77002", "REGION": "REGION 12 - HOUSTON", "LAT_DD": 29.75340102, "LONG_DD": -95.36324932, "HORZ_METH": "DOQ", "HORZ_ACC": 5, "HORZ_REF": "FAC_CEN", "HORZ_DATE": "20191009", "HORZ_ORG": "TCEQ", "HORZ_DATUM": "NAD83", "HORZ_DESC": null, "dma_county": "Harris", "tceq_program": "vcp"}}, {"type": "Feature", "id": 1460317, "geometry": {"type": "Point", "coordinates": [-95.362451, 29.752519]}, "properties": {"OBJECTID": 1460317, "REM_PROG": "Voluntary Cleanup Program (VCP)", "RN": "RN110874526", "VCP_ID": 3040, "SITE_NAME": "BLOCK 276 PARCEL", "PHYS_ADDR": "1417 POLK ST", "ADDR_DESC": null, "CITY": "HOUSTON", "COUNTY": "HARRIS", "ZIP_CODE": "77002", "REGION": "REGION 12 - HOUSTON", "LAT_DD": 29.75251348, "LONG_DD": -95.36244359, "HORZ_METH": "DOQ", "HORZ_ACC": 5, "HORZ_REF": "FAC_CEN", "HORZ_DATE": "20191009", "HORZ_ORG": "TCEQ", "HORZ_DATUM": "NAD83", "HORZ_DESC": null, "dma_county": "Harris", "tceq_program": "vcp"}}, {"type": "Feature", "id": 1460319, "geometry": {"type": "Point", "coordinates": [-95.175605, 29.595607]}, "properties": {"OBJECTID": 1460319, "REM_PROG": "Voluntary Cleanup Program (VCP)", "RN": "RN100687029", "VCP_ID": 3279, "SITE_NAME": "12130 HIGHWAY 3 BUILDINGS 3 AND 4", "PHYS_ADDR": "12130 GALVESTON RD", "ADDR_DESC": null, "CITY": "WEBSTER", "COUNTY": "HARRIS", "ZIP_CODE": "77598", "REGION": "REGION 12 - HOUSTON", "LAT_DD": 29.59560142, "LONG_DD": -95.17559828, "HORZ_METH": "DOQ", "HORZ_ACC": 5, "HORZ_REF": "STRUC_CEN", "HORZ_DATE": "20230313", "HORZ_ORG": "TCEQ", "HORZ_DATUM": "NAD83", "HORZ_DESC": null, "dma_county": "Harris", "tceq_program": "vcp"}}, {"type": "Feature", "id": 1460320, "geometry": {"type": "Point", "coordinates": [-94.81197, 29.298256]}, "properties": {"OBJECTID": 1460320, "REM_PROG": "Voluntary Cleanup Program (VCP)", "RN": "RN111717484", "VCP_ID": 3281, "SITE_NAME": "3916 WINNIE STREET", "PHYS_ADDR": "3916 WINNIE ST", "ADDR_DESC": null, "CITY": "GALVESTON", "COUNTY": "GALVESTON", "ZIP_CODE": "77550", "REGION": "REGION 12 - HOUSTON", "LAT_DD": 29.29825113, "LONG_DD": -94.81196338, "HORZ_METH": "DOQ", "HORZ_ACC": 5, "HORZ_REF": "FAC_CEN", "HORZ_DATE": "20230329", "HORZ_ORG": "TCEQ", "HORZ_DATUM": "NAD83", "HORZ_DESC": null, "dma_county": "Galveston", "tceq_program": "vcp"}}, {"type": "Feature", "id": 1460321, "geometry": {"type": "Point", "coordinates": [-95.251757, 29.796006]}, "properties": {"OBJECTID": 1460321, "REM_PROG": "Voluntary Cleanup Program (VCP)", "RN": "RN111718086", "VCP_ID": 3282, "SITE_NAME": "10077 WALLISVILLE ROAD", "PHYS_ADDR": "10077 WALLISVILLE RD", "ADDR_DESC": null, "CITY": "HOUSTON", "COUNTY": "HARRIS", "ZIP_CODE": "77013", "REGION": "REGION 12 - HOUSTON", "LAT_DD": 29.79600107, "LONG_DD": -95.2517499, "HORZ_METH": "DOQ", "HORZ_ACC": 5, "HORZ_REF": "FAC_CEN", "HORZ_DATE": "20230330", "HORZ_ORG": "TCEQ", "HORZ_DATUM": "NAD83", "HORZ_DESC": null, "dma_county": "Harris", "tceq_program": "vcp"}}, {"type": "Feature", "id": 1460322, "geometry": {"type": "Point", "coordinates": [-95.53457, 29.736841]}, "properties": {"OBJECTID": 1460322, "REM_PROG": "Voluntary Cleanup Program (VCP)", "RN": "RN103956405", "VCP_ID": 3283, "SITE_NAME": "FORMER PILGRIM TANGLEWILDE", "PHYS_ADDR": "9535 WESTHEIMER RD", "ADDR_DESC": null, "CITY": "HOUSTON", "COUNTY": "HARRIS", "ZIP_CODE": "77063", "REGION": "REGION 12 - HOUSTON", "LAT_DD": 29.73683597, "LONG_DD": -95.53456342, "HORZ_METH": "DOQ", "HORZ_ACC": 5, "HORZ_REF": "STRUC_CEN", "HORZ_DATE": "20230404", "HORZ_ORG": "TCEQ", "HORZ_DATUM": "NAD83", "HORZ_DESC": null, "dma_county": "Harris", "tceq_program": "vcp"}}, {"type": "Feature", "id": 1460327, "geometry": {"type": "Point", "coordinates": [-95.188004, 29.7925]}, "properties": {"OBJECTID": 1460327, "REM_PROG": "Voluntary Cleanup Program (VCP)", "RN": "RN101739621", "VCP_ID": 3298, "SITE_NAME": "WALGREENS STORE 4647", "PHYS_ADDR": "388 UVALDE RD", "ADDR_DESC": null, "CITY": "HOUSTON", "COUNTY": "HARRIS", "ZIP_CODE": "77015", "REGION": "REGION 12 - HOUSTON", "LAT_DD": 29.7924946, "LONG_DD": -95.18799745, "HORZ_METH": "DOQ", "HORZ_ACC": 5, "HORZ_REF": "STRUC_CEN", "HORZ_DATE": "20230821", "HORZ_ORG": "TCEQ", "HORZ_DATUM": "NAD83", "HORZ_DESC": null, "dma_county": "Harris", "tceq_program": "vcp"}}, {"type": "Feature", "id": 1460328, "geometry": {"type": "Point", "coordinates": [-95.259213, 29.712873]}, "properties": {"OBJECTID": 1460328, "REM_PROG": "Voluntary Cleanup Program (VCP)", "RN": "RN100647114", "VCP_ID": 3300, "SITE_NAME": "MERICHEM FILES TECHNICAL CENTER", "PHYS_ADDR": "1503 CENTRAL ST", "ADDR_DESC": null, "CITY": "HOUSTON", "COUNTY": "HARRIS", "ZIP_CODE": "77012", "REGION": "REGION 12 - HOUSTON", "LAT_DD": 29.71286784, "LONG_DD": -95.25920618, "HORZ_METH": "DOQ", "HORZ_ACC": 5, "HORZ_REF": "STRUC_CEN", "HORZ_DATE": "20230823", "HORZ_ORG": "TCEQ", "HORZ_DATUM": "NAD83", "HORZ_DESC": null, "dma_county": "Harris", "tceq_program": "vcp"}}, {"type": "Feature", "id": 1460329, "geometry": {"type": "Point", "coordinates": [-95.540135, 29.721524]}, "properties": {"OBJECTID": 1460329, "REM_PROG": "Voluntary Cleanup Program (VCP)", "RN": "RN111812863", "VCP_ID": 3303, "SITE_NAME": "SUNRIDGE PLAZA", "PHYS_ADDR": null, "ADDR_DESC": "3800-3900 S GESSNER RD", "CITY": "HOUSTON", "COUNTY": "HARRIS", "ZIP_CODE": null, "REGION": "REGION 12 - HOUSTON", "LAT_DD": 29.72151891, "LONG_DD": -95.54012843, "HORZ_METH": "DOQ", "HORZ_ACC": 5, "HORZ_REF": "FAC_CEN", "HORZ_DATE": "20230908", "HORZ_ORG": "TCEQ", "HORZ_DATUM": "NAD83", "HORZ_DESC": null, "dma_county": "Harris", "tceq_program": "vcp"}}, {"type": "Feature", "id": 1460333, "geometry": {"type": "Point", "coordinates": [-95.401248, 29.699597]}, "properties": {"OBJECTID": 1460333, "REM_PROG": "Voluntary Cleanup Program (VCP)", "RN": "RN100594043", "VCP_ID": 3288, "SITE_NAME": "FANNIN CENTER", "PHYS_ADDR": "7135 FANNIN ST", "ADDR_DESC": "7135 Fannin, Houston, TX", "CITY": "HOUSTON", "COUNTY": "HARRIS", "ZIP_CODE": "77030", "REGION": "REGION 12 - HOUSTON", "LAT_DD": 29.69959151, "LONG_DD": -95.40124114, "HORZ_METH": "DOQ", "HORZ_ACC": 5, "HORZ_REF": "STRUC_CEN", "HORZ_DATE": "20230526", "HORZ_ORG": "TCEQ", "HORZ_DATUM": "NAD83", "HORZ_DESC": null, "dma_county": "Harris", "tceq_program": "vcp"}}, {"type": "Feature", "id": 1460336, "geometry": {"type": "Point", "coordinates": [-95.352811, 29.683311]}, "properties": {"OBJECTID": 1460336, "REM_PROG": "Voluntary Cleanup Program (VCP)", "RN": "RN100858760", "VCP_ID": 400, "SITE_NAME": "4601 HOLMES ROAD", "PHYS_ADDR": "4601 HOLMES RD", "ADDR_DESC": "4601 HOLMES ROAD", "CITY": "HOUSTON", "COUNTY": "HARRIS", "ZIP_CODE": "77033", "REGION": "REGION 12 - HOUSTON", "LAT_DD": 29.68330549, "LONG_DD": -95.35280394, "HORZ_METH": "ADDMAT_NUM", "HORZ_ACC": -9999, "HORZ_REF": "OTHER", "HORZ_DATE": "19961113", "HORZ_ORG": "TCEQ", "HORZ_DATUM": "NAD83", "HORZ_DESC": null, "dma_county": "Harris", "tceq_program": "vcp"}}, {"type": "Feature", "id": 1460343, "geometry": {"type": "Point", "coordinates": [-95.646311, 29.850549]}, "properties": {"OBJECTID": 1460343, "REM_PROG": "Voluntary Cleanup Program (VCP)", "RN": "RN102777133", "VCP_ID": 134, "SITE_NAME": "WEST JUNCTION SHOPPING CENTER", "PHYS_ADDR": "5005 HIGHWAY 6 N", "ADDR_DESC": "NEC HIGHWAY 6 AND KEITH HARROW DRIVE", "CITY": "HOUSTON", "COUNTY": "HARRIS", "ZIP_CODE": "77084", "REGION": "REGION 12 - HOUSTON", "LAT_DD": 29.85054365, "LONG_DD": -95.64630391, "HORZ_METH": "ADDMAT_NUM", "HORZ_ACC": -9999, "HORZ_REF": "OTHER", "HORZ_DATE": "19951107", "HORZ_ORG": "TCEQ", "HORZ_DATUM": "NAD83", "HORZ_DESC": null, "dma_county": "Harris", "tceq_program": "vcp"}}, {"type": "Feature", "id": 1460347, "geometry": {"type": "Point", "coordinates": [-95.462652, 29.750614]}, "properties": {"OBJECTID": 1460347, "REM_PROG": "Voluntary Cleanup Program (VCP)", "RN": "RN101055671", "VCP_ID": 647, "SITE_NAME": "BANK UNITED GALLERIA BRANCH", "PHYS_ADDR": "5020 SAN FELIPE ST", "ADDR_DESC": "5020 SAN FELIPE POST OAK LANE", "CITY": "HOUSTON", "COUNTY": "HARRIS", "ZIP_CODE": "77056", "REGION": "REGION 12 - HOUSTON", "LAT_DD": 29.75060882, "LONG_DD": -95.46264501, "HORZ_METH": "ADDMAT_NUM", "HORZ_ACC": -9999, "HORZ_REF": "OTHER", "HORZ_DATE": "19971110", "HORZ_ORG": "TCEQ", "HORZ_DATUM": "NAD83", "HORZ_DESC": null, "dma_county": "Harris", "tceq_program": "vcp"}}, {"type": "Feature", "id": 1460351, "geometry": {"type": "Point", "coordinates": [-95.38533, 29.962913]}, "properties": {"OBJECTID": 1460351, "REM_PROG": "Voluntary Cleanup Program (VCP)", "RN": "RN100712108", "VCP_ID": 101, "SITE_NAME": "SMITH INTERNATIONAL HARDY STREET", "PHYS_ADDR": "16740 E HARDY RD", "ADDR_DESC": "16740 HARDY RD HOUSTON TX", "CITY": "HOUSTON", "COUNTY": "HARRIS", "ZIP_CODE": "77032", "REGION": "REGION 12 - HOUSTON", "LAT_DD": 29.96290801, "LONG_DD": -95.38532296, "HORZ_METH": "ADDMAT_NUM", "HORZ_ACC": -9999, "HORZ_REF": "OTHER", "HORZ_DATE": "19960105", "HORZ_ORG": "TCEQ", "HORZ_DATUM": "NAD83", "HORZ_DESC": null, "dma_county": "Harris", "tceq_program": "vcp"}}, {"type": "Feature", "id": 1460354, "geometry": {"type": "Point", "coordinates": [-95.94577, 30.053687]}, "properties": {"OBJECTID": 1460354, "REM_PROG": "Voluntary Cleanup Program (VCP)", "RN": "RN100554237", "VCP_ID": 185, "SITE_NAME": "PROGRESSIVE METALS PROPERTY", "PHYS_ADDR": "19814 G H CIR", "ADDR_DESC": "19814 GH CIRCLE ABANDONED METAL PROCESSING FACILITY", "CITY": "WALLER", "COUNTY": "WALLER", "ZIP_CODE": "77484", "REGION": "REGION 12 - HOUSTON", "LAT_DD": 30.05368193, "LONG_DD": -95.94576266, "HORZ_METH": "ADDMAT_NUM", "HORZ_ACC": -9999, "HORZ_REF": "OTHER", "HORZ_DATE": "19960220", "HORZ_ORG": "TCEQ", "HORZ_DATUM": "NAD83", "HORZ_DESC": null, "dma_county": "Waller", "tceq_program": "vcp"}}, {"type": "Feature", "id": 1460357, "geometry": {"type": "Point", "coordinates": [-95.416172, 30.3187]}, "properties": {"OBJECTID": 1460357, "REM_PROG": "Voluntary Cleanup Program (VCP)", "RN": "RN100609825", "VCP_ID": 2212, "SITE_NAME": "UNIDYNAMICS", "PHYS_ADDR": "188 FM 3083 RD", "ADDR_DESC": "188 FM 3083, CONROE, TX", "CITY": "CONROE", "COUNTY": "MONTGOMERY", "ZIP_CODE": "77301", "REGION": "REGION 12 - HOUSTON", "LAT_DD": 30.31869432, "LONG_DD": -95.41616451, "HORZ_METH": "ADDMAT_NUM", "HORZ_ACC": -9999, "HORZ_REF": "OTHER", "HORZ_DATE": "20080805", "HORZ_ORG": "TCEQ", "HORZ_DATUM": "NAD83", "HORZ_DESC": null, "dma_county": "Montgomery", "tceq_program": "vcp"}}, {"type": "Feature", "id": 1460361, "geometry": {"type": "Point", "coordinates": [-95.459925, 29.745932]}, "properties": {"OBJECTID": 1460361, "REM_PROG": "Voluntary Cleanup Program (VCP)", "RN": "RN100651942", "VCP_ID": 604, "SITE_NAME": "DOUBLE TREE HOTEL - POST OAK B", "PHYS_ADDR": "2001 POST OAK BLVD", "ADDR_DESC": "2001 POST OAK BOULEVARD", "CITY": "HOUSTON", "COUNTY": "HARRIS", "ZIP_CODE": "77056", "REGION": "REGION 12 - HOUSTON", "LAT_DD": 29.74592682, "LONG_DD": -95.45991804, "HORZ_METH": "ADDMAT_NUM", "HORZ_ACC": -9999, "HORZ_REF": "OTHER", "HORZ_DATE": "19970903", "HORZ_ORG": "TCEQ", "HORZ_DATUM": "NAD83", "HORZ_DESC": null, "dma_county": "Harris", "tceq_program": "vcp"}}, {"type": "Feature", "id": 1460363, "geometry": {"type": "Point", "coordinates": [-95.319617, 29.574262]}, "properties": {"OBJECTID": 1460363, "REM_PROG": "Voluntary Cleanup Program (VCP)", "RN": "RN100647973", "VCP_ID": 2279, "SITE_NAME": "DAVIS LYNCH", "PHYS_ADDR": "2005 GARDEN RD", "ADDR_DESC": "2005 Garden Road, Pearland, TX", "CITY": "PEARLAND", "COUNTY": "BRAZORIA", "ZIP_CODE": "77581", "REGION": "REGION 12 - HOUSTON", "LAT_DD": 29.57425718, "LONG_DD": -95.31961001, "HORZ_METH": "ADDMAT_NUM", "HORZ_ACC": -9999, "HORZ_REF": "OTHER", "HORZ_DATE": "20090806", "HORZ_ORG": "TCEQ", "HORZ_DATUM": "NAD83", "HORZ_DESC": null, "dma_county": "Brazoria", "tceq_program": "vcp"}}, {"type": "Feature", "id": 1460368, "geometry": {"type": "Point", "coordinates": [-95.809146, 29.558689]}, "properties": {"OBJECTID": 1460368, "REM_PROG": "Voluntary Cleanup Program (VCP)", "RN": "RN110912128", "VCP_ID": 3044, "SITE_NAME": "COMMERCIAL PROPERTY AT NWC AVENUE H AND 1ST STREET", "PHYS_ADDR": null, "ADDR_DESC": "1715-1717 AVE H 916 1ST ST 1710 AVE G", "CITY": "ROSENBERG", "COUNTY": "FORT BEND", "ZIP_CODE": null, "REGION": "REGION 12 - HOUSTON", "LAT_DD": 29.55868398, "LONG_DD": -95.80913937, "HORZ_METH": "DOQ", "HORZ_ACC": 5, "HORZ_REF": "FAC_CEN", "HORZ_DATE": "20191205", "HORZ_ORG": "TCEQ", "HORZ_DATUM": "NAD83", "HORZ_DESC": null, "dma_county": "Fort Bend", "tceq_program": "vcp"}}, {"type": "Feature", "id": 1460370, "geometry": {"type": "Point", "coordinates": [-95.903701, 30.041983]}, "properties": {"OBJECTID": 1460370, "REM_PROG": "Voluntary Cleanup Program (VCP)", "RN": "RN100907211", "VCP_ID": 3046, "SITE_NAME": "FORMER RAVAGO MANUFACTURING AMERICAS SITE", "PHYS_ADDR": "18314 MATHIS RD", "ADDR_DESC": null, "CITY": "WALLER", "COUNTY": "HARRIS", "ZIP_CODE": "77484", "REGION": "REGION 12 - HOUSTON", "LAT_DD": 30.0419777, "LONG_DD": -95.90369345, "HORZ_METH": "DOQ", "HORZ_ACC": 5, "HORZ_REF": "FAC_CEN", "HORZ_DATE": "20191212", "HORZ_ORG": "TCEQ", "HORZ_DATUM": "NAD83", "HORZ_DESC": null, "dma_county": "Harris", "tceq_program": "vcp"}}, {"type": "Feature", "id": 1460375, "geometry": {"type": "Point", "coordinates": [-95.258624, 29.766946]}, "properties": {"OBJECTID": 1460375, "REM_PROG": "Voluntary Cleanup Program (VCP)", "RN": "RN106281355", "VCP_ID": 3053, "SITE_NAME": "DERICHEBOURG RECYCLING USA FACILITY", "PHYS_ADDR": "5225 FIDELITY ST", "ADDR_DESC": null, "CITY": "HOUSTON", "COUNTY": "HARRIS", "ZIP_CODE": "77029", "REGION": "REGION 12 - HOUSTON", "LAT_DD": 29.76694065, "LONG_DD": -95.25861658, "HORZ_METH": "DOQ", "HORZ_ACC": -9999, "HORZ_REF": "FAC_CEN", "HORZ_DATE": "20200113", "HORZ_ORG": "TCEQ", "HORZ_DATUM": "NAD83", "HORZ_DESC": null, "dma_county": "Harris", "tceq_program": "vcp"}}, {"type": "Feature", "id": 1460378, "geometry": {"type": "Point", "coordinates": [-95.318779, 29.736399]}, "properties": {"OBJECTID": 1460378, "REM_PROG": "Voluntary Cleanup Program (VCP)", "RN": "RN100670488", "VCP_ID": 3057, "SITE_NAME": "CENTRAL CITY INDUSTRIAL PARK", "PHYS_ADDR": "5425 POLK ST", "ADDR_DESC": null, "CITY": "HOUSTON", "COUNTY": "HARRIS", "ZIP_CODE": "77023", "REGION": "REGION 12 - HOUSTON", "LAT_DD": 29.73639341, "LONG_DD": -95.31877179, "HORZ_METH": "DOQ", "HORZ_ACC": 5, "HORZ_REF": "FAC_CEN", "HORZ_DATE": "20200128", "HORZ_ORG": "TCEQ", "HORZ_DATUM": "NAD83", "HORZ_DESC": null, "dma_county": "Harris", "tceq_program": "vcp"}}, {"type": "Feature", "id": 1460380, "geometry": {"type": "Point", "coordinates": [-95.353161, 29.760193]}, "properties": {"OBJECTID": 1460380, "REM_PROG": "Voluntary Cleanup Program (VCP)", "RN": "RN110976388", "VCP_ID": 3063, "SITE_NAME": "FORMER WILSON STATIONERY AND PRINTING", "PHYS_ADDR": "1701 COMMERCE ST", "ADDR_DESC": null, "CITY": "HOUSTON", "COUNTY": "HARRIS", "ZIP_CODE": "77002", "REGION": "REGION 12 - HOUSTON", "LAT_DD": 29.76018775, "LONG_DD": -95.35315408, "HORZ_METH": "DOQ", "HORZ_ACC": 5, "HORZ_REF": "STRUC_CEN", "HORZ_DATE": "20200207", "HORZ_ORG": "TCEQ", "HORZ_DATUM": "NAD83", "HORZ_DESC": null, "dma_county": "Harris", "tceq_program": "vcp"}}, {"type": "Feature", "id": 1460383, "geometry": {"type": "Point", "coordinates": [-95.443748, 29.791112]}, "properties": {"OBJECTID": 1460383, "REM_PROG": "Voluntary Cleanup Program (VCP)", "RN": "RN106078868", "VCP_ID": 3295, "SITE_NAME": "4 ACRE 12TH STREET INDUSTRIAL PROPERTY", "PHYS_ADDR": "3601 W 12TH ST", "ADDR_DESC": null, "CITY": "HOUSTON", "COUNTY": "HARRIS", "ZIP_CODE": "77008", "REGION": "REGION 10 - BEAUMONT", "LAT_DD": 29.79110724, "LONG_DD": -95.44374095, "HORZ_METH": "DOQ", "HORZ_ACC": 5, "HORZ_REF": "STRUC_CEN", "HORZ_DATE": "20230809", "HORZ_ORG": "TCEQ", "HORZ_DATUM": "NAD83", "HORZ_DESC": null, "dma_county": "Harris", "tceq_program": "vcp"}}, {"type": "Feature", "id": 1460385, "geometry": {"type": "Point", "coordinates": [-96.541039, 29.705972]}, "properties": {"OBJECTID": 1460385, "REM_PROG": "Voluntary Cleanup Program (VCP)", "RN": "RN101831451", "VCP_ID": 3299, "SITE_NAME": "LITTLE PINEY CREEK", "PHYS_ADDR": "1120 MILAM ST", "ADDR_DESC": null, "CITY": "COLUMBUS", "COUNTY": "COLORADO", "ZIP_CODE": "78934", "REGION": "REGION 12 - HOUSTON", "LAT_DD": 29.70596675, "LONG_DD": -96.54103154, "HORZ_METH": "DOQ", "HORZ_ACC": 5, "HORZ_REF": "OTHER", "HORZ_DATE": "20230823", "HORZ_ORG": "TCEQ", "HORZ_DATUM": "NAD83", "HORZ_DESC": null, "dma_county": "Colorado", "tceq_program": "vcp"}}, {"type": "Feature", "id": 1460388, "geometry": {"type": "Point", "coordinates": [-95.335572, 29.759977]}, "properties": {"OBJECTID": 1460388, "REM_PROG": "Voluntary Cleanup Program (VCP)", "RN": "RN111832523", "VCP_ID": 3308, "SITE_NAME": "FORMER CITY OF HOUSTON VELASCO INCINERATOR SITE", "PHYS_ADDR": "0 NORTH VELASCO ST", "ADDR_DESC": "W OF N VELASCO ST NEC OF N VELASCO ST AND ENGELKE ST", "CITY": "HOUSTON", "COUNTY": "HARRIS", "ZIP_CODE": "77003", "REGION": "REGION 12 - HOUSTON", "LAT_DD": 29.75997155, "LONG_DD": -95.33556479, "HORZ_METH": "DOQ", "HORZ_ACC": 5, "HORZ_REF": "FAC_CEN", "HORZ_DATE": "20231011", "HORZ_ORG": "TCEQ", "HORZ_DATUM": "NAD83", "HORZ_DESC": null, "dma_county": "Harris", "tceq_program": "vcp"}}, {"type": "Feature", "id": 1460394, "geometry": {"type": "Point", "coordinates": [-95.492049, 29.610833]}, "properties": {"OBJECTID": 1460394, "REM_PROG": "Voluntary Cleanup Program (VCP)", "RN": "RN111852950", "VCP_ID": 3311, "SITE_NAME": "BLUE RIDGE TRACT", "PHYS_ADDR": "14812 BLUE RIDGE RD", "ADDR_DESC": null, "CITY": "MISSOURI CITY", "COUNTY": "FORT BEND", "ZIP_CODE": "77489", "REGION": "REGION 12 - HOUSTON", "LAT_DD": 29.61082774, "LONG_DD": -95.49204215, "HORZ_METH": "DOQ", "HORZ_ACC": 5, "HORZ_REF": "FAC_CEN", "HORZ_DATE": "20231110", "HORZ_ORG": "TCEQ", "HORZ_DATUM": "NAD83", "HORZ_DESC": null, "dma_county": "Fort Bend", "tceq_program": "vcp"}}, {"type": "Feature", "id": 1460397, "geometry": {"type": "Point", "coordinates": [-95.466787, 29.731713]}, "properties": {"OBJECTID": 1460397, "REM_PROG": "Voluntary Cleanup Program (VCP)", "RN": "RN101052280", "VCP_ID": 947, "SITE_NAME": "GALAXY COMMERCIAL SITE", "PHYS_ADDR": "5200 RICHMOND AVE", "ADDR_DESC": "5200 BLOCK RICHMOND AVENUE", "CITY": "HOUSTON", "COUNTY": "HARRIS", "ZIP_CODE": "77056", "REGION": "REGION 12 - HOUSTON", "LAT_DD": 29.73170759, "LONG_DD": -95.4667798, "HORZ_METH": "ADDMAT_NUM", "HORZ_ACC": -9999, "HORZ_REF": "OTHER", "HORZ_DATE": "19990319", "HORZ_ORG": "TCEQ", "HORZ_DATUM": "NAD83", "HORZ_DESC": null, "dma_county": "Harris", "tceq_program": "vcp"}}, {"type": "Feature", "id": 1460399, "geometry": {"type": "Point", "coordinates": [-95.471314, 29.813424]}, "properties": {"OBJECTID": 1460399, "REM_PROG": "Voluntary Cleanup Program (VCP)", "RN": "RN101475168", "VCP_ID": 137, "SITE_NAME": "ABLE GARAGE DOOR", "PHYS_ADDR": "5629 MITCHELLDALE ST", "ADDR_DESC": "5629 5631 AND 5707 MITCHELLDALE", "CITY": "HOUSTON", "COUNTY": "HARRIS", "ZIP_CODE": "77092", "REGION": "REGION 12 - HOUSTON", "LAT_DD": 29.81341907, "LONG_DD": -95.47130744, "HORZ_METH": "ADDMAT_NUM", "HORZ_ACC": -9999, "HORZ_REF": "OTHER", "HORZ_DATE": "19960105", "HORZ_ORG": "TCEQ", "HORZ_DATUM": "NAD83", "HORZ_DESC": null, "dma_county": "Harris", "tceq_program": "vcp"}}, {"type": "Feature", "id": 1460401, "geometry": {"type": "Point", "coordinates": [-95.390065, 29.724245]}, "properties": {"OBJECTID": 1460401, "REM_PROG": "Voluntary Cleanup Program (VCP)", "RN": "RN104700158", "VCP_ID": 1832, "SITE_NAME": "WARWICK GARAGE", "PHYS_ADDR": "5701 MAIN ST", "ADDR_DESC": null, "CITY": "HOUSTON", "COUNTY": "HARRIS", "ZIP_CODE": "77005", "REGION": "REGION 12 - HOUSTON", "LAT_DD": 29.72424002, "LONG_DD": -95.39005765, "HORZ_METH": "ADDMAT_NUM", "HORZ_ACC": -9999, "HORZ_REF": "OTHER", "HORZ_DATE": "20050706", "HORZ_ORG": "TCEQ", "HORZ_DATUM": "NAD83", "HORZ_DESC": null, "dma_county": "Harris", "tceq_program": "vcp"}}, {"type": "Feature", "id": 1460402, "geometry": {"type": "Point", "coordinates": [-95.390065, 29.724245]}, "properties": {"OBJECTID": 1460402, "REM_PROG": "Voluntary Cleanup Program (VCP)", "RN": "RN102650355", "VCP_ID": 1833, "SITE_NAME": "WARWICK HOTEL", "PHYS_ADDR": "5701 MAIN ST", "ADDR_DESC": null, "CITY": "HOUSTON", "COUNTY": "HARRIS", "ZIP_CODE": "77005", "REGION": "REGION 12 - HOUSTON", "LAT_DD": 29.72424002, "LONG_DD": -95.39005765, "HORZ_METH": "ADDMAT_NUM", "HORZ_ACC": -9999, "HORZ_REF": "OTHER", "HORZ_DATE": "20050706", "HORZ_ORG": "TCEQ", "HORZ_DATUM": "NAD83", "HORZ_DESC": null, "dma_county": "Harris", "tceq_program": "vcp"}}, {"type": "Feature", "id": 1460403, "geometry": {"type": "Point", "coordinates": [-95.46193, 29.501072]}, "properties": {"OBJECTID": 1460403, "REM_PROG": "Voluntary Cleanup Program (VCP)", "RN": "RN101052249", "VCP_ID": 931, "SITE_NAME": "CSB ASPHALT", "PHYS_ADDR": "5730 OLD ALVIN RD", "ADDR_DESC": "5730 OLD ALVIN ROAD", "CITY": "ARCOLA", "COUNTY": "FORT BEND", "ZIP_CODE": "77583", "REGION": "REGION 12 - HOUSTON", "LAT_DD": 29.501066989999998, "LONG_DD": -95.46192254, "HORZ_METH": "ADDMAT_NUM", "HORZ_ACC": -9999, "HORZ_REF": "OTHER", "HORZ_DATE": "19990212", "HORZ_ORG": "TCEQ", "HORZ_DATUM": "NAD83", "HORZ_DESC": null, "dma_county": "Fort Bend", "tceq_program": "vcp"}}, {"type": "Feature", "id": 1460405, "geometry": {"type": "Point", "coordinates": [-94.996848, 29.497363]}, "properties": {"OBJECTID": 1460405, "REM_PROG": "Voluntary Cleanup Program (VCP)", "RN": "RN104300975", "VCP_ID": 2115, "SITE_NAME": "ISI ABRASIVE BLAST PAINTING", "PHYS_ADDR": "5730 FM 646 RD E", "ADDR_DESC": "CORNER OF 646 E AT HWY 146 IN BACLIFF", "CITY": "DICKINSON", "COUNTY": "GALVESTON", "ZIP_CODE": "77539", "REGION": "REGION 12 - HOUSTON", "LAT_DD": 29.497358, "LONG_DD": -94.99684103, "HORZ_METH": "ADDMAT_NUM", "HORZ_ACC": -9999, "HORZ_REF": "OTHER", "HORZ_DATE": "20071219", "HORZ_ORG": "TCEQ", "HORZ_DATUM": "NAD83", "HORZ_DESC": null, "dma_county": "Galveston", "tceq_program": "vcp"}}, {"type": "Feature", "id": 1460406, "geometry": {"type": "Point", "coordinates": [-95.390065, 29.724245]}, "properties": {"OBJECTID": 1460406, "REM_PROG": "Voluntary Cleanup Program (VCP)", "RN": "RN102650355", "VCP_ID": 1724, "SITE_NAME": "WARWICK HOTEL", "PHYS_ADDR": "5701 MAIN ST", "ADDR_DESC": null, "CITY": "HOUSTON", "COUNTY": "HARRIS", "ZIP_CODE": "77005", "REGION": "REGION 12 - HOUSTON", "LAT_DD": 29.72424002, "LONG_DD": -95.39005765, "HORZ_METH": "ADDMAT_NUM", "HORZ_ACC": -9999, "HORZ_REF": "OTHER", "HORZ_DATE": "20040803", "HORZ_ORG": "TCEQ", "HORZ_DATUM": "NAD83", "HORZ_DESC": null, "dma_county": "Harris", "tceq_program": "vcp"}}, {"type": "Feature", "id": 1460411, "geometry": {"type": "Point", "coordinates": [-94.833451, 29.274869]}, "properties": {"OBJECTID": 1460411, "REM_PROG": "Voluntary Cleanup Program (VCP)", "RN": "RN100691369", "VCP_ID": 856, "SITE_NAME": "DIAMOND SHAMROCK NO. 199", "PHYS_ADDR": "6302 STEWART RD", "ADDR_DESC": "6302 STEWART STREET", "CITY": "GALVESTON", "COUNTY": "GALVESTON", "ZIP_CODE": "77551", "REGION": "REGION 12 - HOUSTON", "LAT_DD": 29.27486402, "LONG_DD": -94.83344429, "HORZ_METH": "ADDMAT_NUM", "HORZ_ACC": -9999, "HORZ_REF": "OTHER", "HORZ_DATE": "19981026", "HORZ_ORG": "TCEQ", "HORZ_DATUM": "NAD83", "HORZ_DESC": null, "dma_county": "Galveston", "tceq_program": "vcp"}}, {"type": "Feature", "id": 1460415, "geometry": {"type": "Point", "coordinates": [-95.452238, 29.292838]}, "properties": {"OBJECTID": 1460415, "REM_PROG": "Voluntary Cleanup Program (VCP)", "RN": "RN102911385", "VCP_ID": 1544, "SITE_NAME": "OILFIELD DRILLING SUPPORT OPERATIONS", "PHYS_ADDR": "20701 FM 521 RD", "ADDR_DESC": "INTERSECTION FM 521 AND FM 1462", "CITY": "ROSHARON", "COUNTY": "BRAZORIA", "ZIP_CODE": "77583", "REGION": "REGION 12 - HOUSTON", "LAT_DD": 29.29283319, "LONG_DD": -95.45223075, "HORZ_METH": "ADDMAT_NUM", "HORZ_ACC": -9999, "HORZ_REF": "OTHER", "HORZ_DATE": "20021213", "HORZ_ORG": "TCEQ", "HORZ_DATUM": "NAD83", "HORZ_DESC": null, "dma_county": "Brazoria", "tceq_program": "vcp"}}, {"type": "Feature", "id": 1460432, "geometry": {"type": "Point", "coordinates": [-94.907854, 30.033894]}, "properties": {"OBJECTID": 1460432, "REM_PROG": "Voluntary Cleanup Program (VCP)", "RN": "RN101856268", "VCP_ID": 3076, "SITE_NAME": "FORMER AMICO KLEMP FACILITY", "PHYS_ADDR": "825 KLEMP RD", "ADDR_DESC": "825 CR 606 ADJACENT TO HWY 90", "CITY": "DAYTON", "COUNTY": "LIBERTY", "ZIP_CODE": "77535", "REGION": "REGION 12 - HOUSTON", "LAT_DD": 30.03388882, "LONG_DD": -94.9078467, "HORZ_METH": "DOQ", "HORZ_ACC": 5, "HORZ_REF": "STRUC_CEN", "HORZ_DATE": "20200427", "HORZ_ORG": "TCEQ", "HORZ_DATUM": "NAD83", "HORZ_DESC": null, "dma_county": "Liberty", "tceq_program": "vcp"}}, {"type": "Feature", "id": 1460434, "geometry": {"type": "Point", "coordinates": [-95.316433, 29.732679]}, "properties": {"OBJECTID": 1460434, "REM_PROG": "Voluntary Cleanup Program (VCP)", "RN": "RN100917970", "VCP_ID": 3058, "SITE_NAME": "SCHUMACHER POLK STREET FACILITY", "PHYS_ADDR": "5610 POLK ST", "ADDR_DESC": null, "CITY": "HOUSTON", "COUNTY": "HARRIS", "ZIP_CODE": "77023", "REGION": "REGION 12 - HOUSTON", "LAT_DD": 29.73267401, "LONG_DD": -95.31642599, "HORZ_METH": "DOQ", "HORZ_ACC": 5, "HORZ_REF": "STRUC_CEN", "HORZ_DATE": "20200129", "HORZ_ORG": "TCEQ", "HORZ_DATUM": "NAD83", "HORZ_DESC": null, "dma_county": "Harris", "tceq_program": "vcp"}}, {"type": "Feature", "id": 1460435, "geometry": {"type": "Point", "coordinates": [-95.314726, 29.734686]}, "properties": {"OBJECTID": 1460435, "REM_PROG": "Voluntary Cleanup Program (VCP)", "RN": "RN100639905", "VCP_ID": 3059, "SITE_NAME": "FORMER SCHUMACHER OFFICE SITE", "PHYS_ADDR": "600 HUGHES ST", "ADDR_DESC": null, "CITY": "HOUSTON", "COUNTY": "HARRIS", "ZIP_CODE": "77023", "REGION": "REGION 12 - HOUSTON", "LAT_DD": 29.734681, "LONG_DD": -95.314719, "HORZ_METH": "DOQ", "HORZ_ACC": 5, "HORZ_REF": "FAC_CEN", "HORZ_DATE": "20200129", "HORZ_ORG": "TCEQ", "HORZ_DATUM": "NAD83", "HORZ_DESC": null, "dma_county": "Harris", "tceq_program": "vcp"}}, {"type": "Feature", "id": 1460436, "geometry": {"type": "Point", "coordinates": [-95.325329, 29.729197]}, "properties": {"OBJECTID": 1460436, "REM_PROG": "Voluntary Cleanup Program (VCP)", "RN": "RN103942728", "VCP_ID": 3060, "SITE_NAME": "SPRAYMETAL", "PHYS_ADDR": "5129 LAWNDALE ST", "ADDR_DESC": "5129 Lawndale\nHouston Texas 77023", "CITY": "HOUSTON", "COUNTY": "HARRIS", "ZIP_CODE": "77023", "REGION": "REGION 12 - HOUSTON", "LAT_DD": 29.72919158, "LONG_DD": -95.32532194, "HORZ_METH": "DOQ", "HORZ_ACC": 5, "HORZ_REF": "FAC_CEN", "HORZ_DATE": "20200129", "HORZ_ORG": "TCEQ", "HORZ_DATUM": "NAD83", "HORZ_DESC": null, "dma_county": "Harris", "tceq_program": "vcp"}}, {"type": "Feature", "id": 1460437, "geometry": {"type": "Point", "coordinates": [-95.464902, 29.946871]}, "properties": {"OBJECTID": 1460437, "REM_PROG": "Voluntary Cleanup Program (VCP)", "RN": "RN110771110", "VCP_ID": 3061, "SITE_NAME": "NORTH POINT PLAZA DRYCLEAN USA AREA", "PHYS_ADDR": "3010 GEARS RD", "ADDR_DESC": null, "CITY": "HOUSTON", "COUNTY": "HARRIS", "ZIP_CODE": "77067", "REGION": "REGION 12 - HOUSTON", "LAT_DD": 29.94686603, "LONG_DD": -95.46489482, "HORZ_METH": "DOQ", "HORZ_ACC": 5, "HORZ_REF": "FAC_CEN", "HORZ_DATE": "20200129", "HORZ_ORG": "TCEQ", "HORZ_DATUM": "NAD83", "HORZ_DESC": null, "dma_county": "Harris", "tceq_program": "vcp"}}, {"type": "Feature", "id": 1460439, "geometry": {"type": "Point", "coordinates": [-95.374138, 29.743116]}, "properties": {"OBJECTID": 1460439, "REM_PROG": "Voluntary Cleanup Program (VCP)", "RN": "RN100569730", "VCP_ID": 3068, "SITE_NAME": "FORMER PERFECTO CLEANERS", "PHYS_ADDR": "2819 FANNIN ST", "ADDR_DESC": "2819 FANNIN ST AND 2800 SAN JACINTO ST", "CITY": "HOUSTON", "COUNTY": "HARRIS", "ZIP_CODE": "77002", "REGION": "REGION 12 - HOUSTON", "LAT_DD": 29.743111, "LONG_DD": -95.37413099999999, "HORZ_METH": "DOQ", "HORZ_ACC": 5, "HORZ_REF": "FAC_CEN", "HORZ_DATE": "20200326", "HORZ_ORG": "TCEQ", "HORZ_DATUM": "NAD83", "HORZ_DESC": null, "dma_county": "Harris", "tceq_program": "vcp"}}, {"type": "Feature", "id": 1460440, "geometry": {"type": "Point", "coordinates": [-95.474332, 29.86426]}, "properties": {"OBJECTID": 1460440, "REM_PROG": "Voluntary Cleanup Program (VCP)", "RN": "RN111026449", "VCP_ID": 3070, "SITE_NAME": "INWOOD FOREST SHOPPING CENTER", "PHYS_ADDR": "5700 W LITTLE YORK RD", "ADDR_DESC": null, "CITY": "HOUSTON", "COUNTY": "HARRIS", "ZIP_CODE": "77091", "REGION": "REGION 12 - HOUSTON", "LAT_DD": 29.864255149999998, "LONG_DD": -95.474325, "HORZ_METH": "DOQ", "HORZ_ACC": 5, "HORZ_REF": "FAC_CEN", "HORZ_DATE": "20200403", "HORZ_ORG": "TCEQ", "HORZ_DATUM": "NAD83", "HORZ_DESC": null, "dma_county": "Harris", "tceq_program": "vcp"}}, {"type": "Feature", "id": 1460444, "geometry": {"type": "Point", "coordinates": [-95.329859, 29.711275]}, "properties": {"OBJECTID": 1460444, "REM_PROG": "Voluntary Cleanup Program (VCP)", "RN": "RN100563113", "VCP_ID": 3314, "SITE_NAME": "FORMER MERICHEM FACILITY", "PHYS_ADDR": "5455 OLD SPANISH TRL", "ADDR_DESC": "5455 OLD SPANISH TR HOUSTON TX", "CITY": "HOUSTON", "COUNTY": "HARRIS", "ZIP_CODE": "77023", "REGION": "REGION 12 - HOUSTON", "LAT_DD": 29.71126947, "LONG_DD": -95.32985155, "HORZ_METH": "DOQ", "HORZ_ACC": 5, "HORZ_REF": "FAC_CEN", "HORZ_DATE": "20231219", "HORZ_ORG": "TCEQ", "HORZ_DATUM": "NAD83", "HORZ_DESC": null, "dma_county": "Harris", "tceq_program": "vcp"}}, {"type": "Feature", "id": 1460445, "geometry": {"type": "Point", "coordinates": [-95.174837, 29.766126]}, "properties": {"OBJECTID": 1460445, "REM_PROG": "Voluntary Cleanup Program (VCP)", "RN": "RN111875621", "VCP_ID": 3315, "SITE_NAME": "HADEN ROAD VACANT TRACT", "PHYS_ADDR": null, "ADDR_DESC": "NORTH OF 2239 HADEN ROAD TX 77015", "CITY": "HOUSTON", "COUNTY": "HARRIS", "ZIP_CODE": null, "REGION": "REGION 12 - HOUSTON", "LAT_DD": 29.76612115, "LONG_DD": -95.17483016, "HORZ_METH": "DOQ", "HORZ_ACC": 5, "HORZ_REF": "FAC_CEN", "HORZ_DATE": "20231220", "HORZ_ORG": "TCEQ", "HORZ_DATUM": "NAD83", "HORZ_DESC": null, "dma_county": "Harris", "tceq_program": "vcp"}}, {"type": "Feature", "id": 1460448, "geometry": {"type": "Point", "coordinates": [-95.029816, 29.389645]}, "properties": {"OBJECTID": 1460448, "REM_PROG": "Voluntary Cleanup Program (VCP)", "RN": "RN111908810", "VCP_ID": 3319, "SITE_NAME": "PROPERTY AT 4011 FM 2004", "PHYS_ADDR": "4011 FM 2004 RD", "ADDR_DESC": null, "CITY": "LA MARQUE", "COUNTY": "GALVESTON", "ZIP_CODE": "77568", "REGION": "REGION 12 - HOUSTON", "LAT_DD": 29.3896395, "LONG_DD": -95.02980934, "HORZ_METH": "DOQ", "HORZ_ACC": 5, "HORZ_REF": "FAC_CEN", "HORZ_DATE": "20240205", "HORZ_ORG": "TCEQ", "HORZ_DATUM": "NAD83", "HORZ_DESC": null, "dma_county": "Galveston", "tceq_program": "vcp"}}, {"type": "Feature", "id": 1460452, "geometry": {"type": "Point", "coordinates": [-95.375381, 29.769563]}, "properties": {"OBJECTID": 1460452, "REM_PROG": "Voluntary Cleanup Program (VCP)", "RN": "RN102240587", "VCP_ID": 3318, "SITE_NAME": "FORMER HOUSTON AND TEXAS CENTRAL RAILROAD FACILITY", "PHYS_ADDR": "1705 DART ST", "ADDR_DESC": " 1705 DART ST HOUSTON TX 77007", "CITY": "HOUSTON", "COUNTY": "HARRIS", "ZIP_CODE": "77007", "REGION": "REGION 12 - HOUSTON", "LAT_DD": 29.76955733, "LONG_DD": -95.37537396, "HORZ_METH": "DOQ", "HORZ_ACC": 5, "HORZ_REF": "STRUC_CEN", "HORZ_DATE": "20240123", "HORZ_ORG": "TCEQ", "HORZ_DATUM": "NAD83", "HORZ_DESC": null, "dma_county": "Harris", "tceq_program": "vcp"}}, {"type": "Feature", "id": 1460453, "geometry": {"type": "Point", "coordinates": [-95.590792, 29.771939]}, "properties": {"OBJECTID": 1460453, "REM_PROG": "Voluntary Cleanup Program (VCP)", "RN": "RN111951182", "VCP_ID": 3323, "SITE_NAME": "MEMORIAL KIRKWOOD SHOPPING CENTER", "PHYS_ADDR": "14054 MEMORIAL DR", "ADDR_DESC": null, "CITY": "HOUSTON", "COUNTY": "HARRIS", "ZIP_CODE": "77079", "REGION": "REGION 12 - HOUSTON", "LAT_DD": 29.7719338, "LONG_DD": -95.59078509, "HORZ_METH": "DOQ", "HORZ_ACC": 5, "HORZ_REF": "FAC_CEN", "HORZ_DATE": "20240325", "HORZ_ORG": "TCEQ", "HORZ_DATUM": "NAD83", "HORZ_DESC": null, "dma_county": "Harris", "tceq_program": "vcp"}}, {"type": "Feature", "id": 1460455, "geometry": {"type": "Point", "coordinates": [-95.344461, 29.8227]}, "properties": {"OBJECTID": 1460455, "REM_PROG": "Voluntary Cleanup Program (VCP)", "RN": "RN111970778", "VCP_ID": 3327, "SITE_NAME": "YES PREP - BENNINGTON", "PHYS_ADDR": null, "ADDR_DESC": "2609 AND 2625 BENNINGTON STREET 77093", "CITY": "HOUSTON", "COUNTY": "HARRIS", "ZIP_CODE": null, "REGION": "REGION 12 - HOUSTON", "LAT_DD": 29.82269442, "LONG_DD": -95.34445405, "HORZ_METH": "DOQ", "HORZ_ACC": 5, "HORZ_REF": "STRUC_CEN", "HORZ_DATE": "20240429", "HORZ_ORG": "TCEQ", "HORZ_DATUM": "NAD83", "HORZ_DESC": null, "dma_county": "Harris", "tceq_program": "vcp"}}, {"type": "Feature", "id": 1460461, "geometry": {"type": "Point", "coordinates": [-95.472765, 29.861339]}, "properties": {"OBJECTID": 1460461, "REM_PROG": "Voluntary Cleanup Program (VCP)", "RN": "RN101052504", "VCP_ID": 594, "SITE_NAME": "THE OAKS OF INWOOD SHOPPING CENTER", "PHYS_ADDR": "6600 ANTOINE DR", "ADDR_DESC": "6600 ANTOINE DR AKA THE OAKS OF INWOOD SHOPPING CENTER", "CITY": "HOUSTON", "COUNTY": "HARRIS", "ZIP_CODE": "77091", "REGION": "REGION 12 - HOUSTON", "LAT_DD": 29.86133414, "LONG_DD": -95.47275778, "HORZ_METH": "ADDMAT_NUM", "HORZ_ACC": -9999, "HORZ_REF": "OTHER", "HORZ_DATE": "19970811", "HORZ_ORG": "TCEQ", "HORZ_DATUM": "NAD83", "HORZ_DESC": null, "dma_county": "Harris", "tceq_program": "vcp"}}, {"type": "Feature", "id": 1460465, "geometry": {"type": "Point", "coordinates": [-95.439263, 29.779982]}, "properties": {"OBJECTID": 1460465, "REM_PROG": "Voluntary Cleanup Program (VCP)", "RN": "RN101474336", "VCP_ID": 181, "SITE_NAME": "OFFICE DEPOT", "PHYS_ADDR": "6869 OLD KATY RD", "ADDR_DESC": "6869 OLD KATY ROAD", "CITY": "HOUSTON", "COUNTY": "HARRIS", "ZIP_CODE": "77024", "REGION": "REGION 12 - HOUSTON", "LAT_DD": 29.77997644, "LONG_DD": -95.43925644, "HORZ_METH": "ADDMAT_NUM", "HORZ_ACC": -9999, "HORZ_REF": "STRUC_CEN", "HORZ_DATE": "19960213", "HORZ_ORG": "TCEQ", "HORZ_DATUM": "NAD83", "HORZ_DESC": null, "dma_county": "Harris", "tceq_program": "vcp"}}, {"type": "Feature", "id": 1460467, "geometry": {"type": "Point", "coordinates": [-95.327906, 29.756103]}, "properties": {"OBJECTID": 1460467, "REM_PROG": "Voluntary Cleanup Program (VCP)", "RN": "RN105367825", "VCP_ID": 2103, "SITE_NAME": "718 N DRENNAN", "PHYS_ADDR": "718 N DRENNAN ST", "ADDR_DESC": null, "CITY": "HOUSTON", "COUNTY": "HARRIS", "ZIP_CODE": "77003", "REGION": "REGION 12 - HOUSTON", "LAT_DD": 29.75609779, "LONG_DD": -95.32789946, "HORZ_METH": "ADDMAT_NUM", "HORZ_ACC": -9999, "HORZ_REF": "OTHER", "HORZ_DATE": "20071012", "HORZ_ORG": "TCEQ", "HORZ_DATUM": "NAD83", "HORZ_DESC": null, "dma_county": "Harris", "tceq_program": "vcp"}}, {"type": "Feature", "id": 1460468, "geometry": {"type": "Point", "coordinates": [-95.325673, 29.757641]}, "properties": {"OBJECTID": 1460468, "REM_PROG": "Voluntary Cleanup Program (VCP)", "RN": "RN100618081", "VCP_ID": 169, "SITE_NAME": "DAN-LOC BOLT AND GASKET, INC.", "PHYS_ADDR": "725 N DRENNAN ST", "ADDR_DESC": "725 N DRENNAN ST, HOUSTON, TX", "CITY": "HOUSTON", "COUNTY": "HARRIS", "ZIP_CODE": "77003", "REGION": "REGION 12 - HOUSTON", "LAT_DD": 29.75763558, "LONG_DD": -95.32566552, "HORZ_METH": "ADDMAT_NUM", "HORZ_ACC": -9999, "HORZ_REF": "OTHER", "HORZ_DATE": "19960229", "HORZ_ORG": "TCEQ", "HORZ_DATUM": "NAD83", "HORZ_DESC": null, "dma_county": "Harris", "tceq_program": "vcp"}}, {"type": "Feature", "id": 1460469, "geometry": {"type": "Point", "coordinates": [-95.293234, 29.746059]}, "properties": {"OBJECTID": 1460469, "REM_PROG": "Voluntary Cleanup Program (VCP)", "RN": "RN101055168", "VCP_ID": 1016, "SITE_NAME": "PEAVEY STREET PROPERTY - PORT", "PHYS_ADDR": "7220 J W PEAVY DR", "ADDR_DESC": "7220 J. W. PEAVEY", "CITY": "HOUSTON", "COUNTY": "HARRIS", "ZIP_CODE": "77011", "REGION": "REGION 12 - HOUSTON", "LAT_DD": 29.7460538, "LONG_DD": -95.29322705, "HORZ_METH": "ADDMAT_NUM", "HORZ_ACC": -9999, "HORZ_REF": "OTHER", "HORZ_DATE": "19990723", "HORZ_ORG": "TCEQ", "HORZ_DATUM": "NAD83", "HORZ_DESC": null, "dma_county": "Harris", "tceq_program": "vcp"}}, {"type": "Feature", "id": 1460470, "geometry": {"type": "Point", "coordinates": [-95.510448, 29.715195]}, "properties": {"OBJECTID": 1460470, "REM_PROG": "Voluntary Cleanup Program (VCP)", "RN": "RN101055648", "VCP_ID": 1037, "SITE_NAME": "REGENCY SQUARE OFFICE BUILDING", "PHYS_ADDR": "7211 REGENCY SQUARE BLVD", "ADDR_DESC": "7211 REGENCY SQUARE BOULEVARD", "CITY": "HOUSTON", "COUNTY": "HARRIS", "ZIP_CODE": "77036", "REGION": "REGION 12 - HOUSTON", "LAT_DD": 29.71518971, "LONG_DD": -95.51044139, "HORZ_METH": "ADDMAT_NUM", "HORZ_ACC": -9999, "HORZ_REF": "OTHER", "HORZ_DATE": "19990831", "HORZ_ORG": "TCEQ", "HORZ_DATUM": "NAD83", "HORZ_DESC": null, "dma_county": "Harris", "tceq_program": "vcp"}}, {"type": "Feature", "id": 1460474, "geometry": {"type": "Point", "coordinates": [-95.45464, 29.785006]}, "properties": {"OBJECTID": 1460474, "REM_PROG": "Voluntary Cleanup Program (VCP)", "RN": "RN101053197", "VCP_ID": 512, "SITE_NAME": "LAROCHE INDUSTRIES KATY ROAD", "PHYS_ADDR": "7310 OLD KATY RD", "ADDR_DESC": "7310 OLD KATY ROAD", "CITY": "HOUSTON", "COUNTY": "HARRIS", "ZIP_CODE": "77024", "REGION": "REGION 12 - HOUSTON", "LAT_DD": 29.78500082, "LONG_DD": -95.45463325, "HORZ_METH": "ADDMAT_NUM", "HORZ_ACC": -9999, "HORZ_REF": "OTHER", "HORZ_DATE": "19970421", "HORZ_ORG": "TCEQ", "HORZ_DATUM": "NAD83", "HORZ_DESC": null, "dma_county": "Harris", "tceq_program": "vcp"}}, {"type": "Feature", "id": 1460494, "geometry": {"type": "Point", "coordinates": [-95.464082, 29.820249]}, "properties": {"OBJECTID": 1460494, "REM_PROG": "Voluntary Cleanup Program (VCP)", "RN": "RN111054433", "VCP_ID": 3079, "SITE_NAME": "WEST 34TH STREET PROPERTY", "PHYS_ADDR": null, "ADDR_DESC": "5002 & 5006 W 34TH ST", "CITY": "HOUSTON", "COUNTY": "HARRIS", "ZIP_CODE": null, "REGION": "REGION 12 - HOUSTON", "LAT_DD": 29.82024333, "LONG_DD": -95.46407525, "HORZ_METH": "DOQ", "HORZ_ACC": 5, "HORZ_REF": "STRUC_CEN", "HORZ_DATE": "20200522", "HORZ_ORG": "TCEQ", "HORZ_DATUM": "NAD83", "HORZ_DESC": null, "dma_county": "Harris", "tceq_program": "vcp"}}, {"type": "Feature", "id": 1460495, "geometry": {"type": "Point", "coordinates": [-95.350998, 29.768036]}, "properties": {"OBJECTID": 1460495, "REM_PROG": "Voluntary Cleanup Program (VCP)", "RN": "RN103208005", "VCP_ID": 3081, "SITE_NAME": "1702 NANCE VACANT COMMERCIAL SITE", "PHYS_ADDR": "1702 NANCE ST", "ADDR_DESC": "1702 NANCE ST", "CITY": "HOUSTON", "COUNTY": "HARRIS", "ZIP_CODE": "77020", "REGION": "REGION 12 - HOUSTON", "LAT_DD": 29.76803096, "LONG_DD": -95.35099144, "HORZ_METH": "DOQ", "HORZ_ACC": 5, "HORZ_REF": "STRUC_CEN", "HORZ_DATE": "20200601", "HORZ_ORG": "TCEQ", "HORZ_DATUM": "NAD83", "HORZ_DESC": null, "dma_county": "Harris", "tceq_program": "vcp"}}, {"type": "Feature", "id": 1460498, "geometry": {"type": "Point", "coordinates": [-95.443178, 29.795961]}, "properties": {"OBJECTID": 1460498, "REM_PROG": "Voluntary Cleanup Program (VCP)", "RN": "RN104671177", "VCP_ID": 3084, "SITE_NAME": "GREENGRASS DISTRIBUTION CENTER", "PHYS_ADDR": "1401 GREENGRASS DR", "ADDR_DESC": "1401-1431 AND 1501-1537 GREENGRASS DR", "CITY": "HOUSTON", "COUNTY": "HARRIS", "ZIP_CODE": "77008", "REGION": "REGION 12 - HOUSTON", "LAT_DD": 29.79595538, "LONG_DD": -95.44317092, "HORZ_METH": "DOQ", "HORZ_ACC": 5, "HORZ_REF": "FAC_CEN", "HORZ_DATE": "20200610", "HORZ_ORG": "TCEQ", "HORZ_DATUM": "NAD83", "HORZ_DESC": null, "dma_county": "Harris", "tceq_program": "vcp"}}, {"type": "Feature", "id": 1460506, "geometry": {"type": "Point", "coordinates": [-95.212109, 29.759985]}, "properties": {"OBJECTID": 1460506, "REM_PROG": "Voluntary Cleanup Program (VCP)", "RN": "RN111989737", "VCP_ID": 3331, "SITE_NAME": "1645 FEDERAL ROAD AND 12611 CAIN CIRCLE", "PHYS_ADDR": "1645 FEDERAL RD", "ADDR_DESC": null, "CITY": "HOUSTON", "COUNTY": "HARRIS", "ZIP_CODE": "77015", "REGION": "REGION 12 - HOUSTON", "LAT_DD": 29.75997971, "LONG_DD": -95.21210171, "HORZ_METH": "DOQ", "HORZ_ACC": 5, "HORZ_REF": "FAC_CEN", "HORZ_DATE": "20240515", "HORZ_ORG": "TCEQ", "HORZ_DATUM": "NAD83", "HORZ_DESC": null, "dma_county": "Harris", "tceq_program": "vcp"}}, {"type": "Feature", "id": 1460517, "geometry": {"type": "Point", "coordinates": [-95.400502, 29.82752]}, "properties": {"OBJECTID": 1460517, "REM_PROG": "Voluntary Cleanup Program (VCP)", "RN": "RN112055850", "VCP_ID": 3342, "SITE_NAME": "W CROSSTIMBERS SITE", "PHYS_ADDR": null, "ADDR_DESC": "125 129 201 203 W CROSSTIMBERS ST HOUSTON TX 77018", "CITY": "HOUSTON", "COUNTY": "HARRIS", "ZIP_CODE": null, "REGION": "REGION 12 - HOUSTON", "LAT_DD": 29.82751457, "LONG_DD": -95.40049545, "HORZ_METH": "DOQ", "HORZ_ACC": 5, "HORZ_REF": "STRUC_CEN", "HORZ_DATE": "20240913", "HORZ_ORG": "TCEQ", "HORZ_DATUM": "NAD83", "HORZ_DESC": null, "dma_county": "Harris", "tceq_program": "vcp"}}, {"type": "Feature", "id": 1460519, "geometry": {"type": "Point", "coordinates": [-95.952224, 29.804166]}, "properties": {"OBJECTID": 1460519, "REM_PROG": "Voluntary Cleanup Program (VCP)", "RN": "RN112060900", "VCP_ID": 3345, "SITE_NAME": "RURAL PROPERTY AT ROYAL ROAD AND FM 362", "PHYS_ADDR": null, "ADDR_DESC": "INTERSECTION OF 2386 FM 362 PATTISON TX 77423-9412", "CITY": "PATTISON", "COUNTY": "WALLER", "ZIP_CODE": null, "REGION": "REGION 12 - HOUSTON", "LAT_DD": 29.80416126, "LONG_DD": -95.95221641, "HORZ_METH": "DOQ", "HORZ_ACC": 5, "HORZ_REF": "FAC_CEN", "HORZ_DATE": "20240926", "HORZ_ORG": "TCEQ", "HORZ_DATUM": "NAD83", "HORZ_DESC": null, "dma_county": "Waller", "tceq_program": "vcp"}}, {"type": "Feature", "id": 1460528, "geometry": {"type": "Point", "coordinates": [-95.349911, 29.749557]}, "properties": {"OBJECTID": 1460528, "REM_PROG": "Voluntary Cleanup Program (VCP)", "RN": "RN100619352", "VCP_ID": 1126, "SITE_NAME": "INTERNATIONAL MAILING SYSTEMS", "PHYS_ADDR": "815 LIVE OAK ST", "ADDR_DESC": "815 LIVE OAK STREET", "CITY": "HOUSTON", "COUNTY": "HARRIS", "ZIP_CODE": "77003", "REGION": "REGION 12 - HOUSTON", "LAT_DD": 29.74955203, "LONG_DD": -95.34990389, "HORZ_METH": "ADDMAT_NUM", "HORZ_ACC": -9999, "HORZ_REF": "OTHER", "HORZ_DATE": "20000125", "HORZ_ORG": "TCEQ", "HORZ_DATUM": "NAD83", "HORZ_DESC": null, "dma_county": "Harris", "tceq_program": "vcp"}}, {"type": "Feature", "id": 1460530, "geometry": {"type": "Point", "coordinates": [-95.11926, 29.550339]}, "properties": {"OBJECTID": 1460530, "REM_PROG": "Voluntary Cleanup Program (VCP)", "RN": "RN101054922", "VCP_ID": 810, "SITE_NAME": "900/910 GEMINI SITE - 2", "PHYS_ADDR": "900 GEMINI ST", "ADDR_DESC": "900 GEMINI ST, HOUSTON, TX", "CITY": "HOUSTON", "COUNTY": "HARRIS", "ZIP_CODE": "77058", "REGION": "REGION 12 - HOUSTON", "LAT_DD": 29.55033385, "LONG_DD": -95.11925311, "HORZ_METH": "ADDMAT_NUM", "HORZ_ACC": -9999, "HORZ_REF": "OTHER", "HORZ_DATE": "19980720", "HORZ_ORG": "TCEQ", "HORZ_DATUM": "NAD83", "HORZ_DESC": null, "dma_county": "Harris", "tceq_program": "vcp"}}, {"type": "Feature", "id": 1460531, "geometry": {"type": "Point", "coordinates": [-95.370177, 29.760661]}, "properties": {"OBJECTID": 1460531, "REM_PROG": "Voluntary Cleanup Program (VCP)", "RN": "RN101053452", "VCP_ID": 697, "SITE_NAME": "SAM HOUSTON COLISEUM AND MUSIC", "PHYS_ADDR": "900 BAGBY ST", "ADDR_DESC": "810 BAGBY STREET", "CITY": "HOUSTON", "COUNTY": "HARRIS", "ZIP_CODE": "77002", "REGION": "REGION 12 - HOUSTON", "LAT_DD": 29.76065629, "LONG_DD": -95.37016999, "HORZ_METH": "ADDMAT_NUM", "HORZ_ACC": -9999, "HORZ_REF": "OTHER", "HORZ_DATE": "19980210", "HORZ_ORG": "TCEQ", "HORZ_DATUM": "NAD83", "HORZ_DESC": null, "dma_county": "Harris", "tceq_program": "vcp"}}, {"type": "Feature", "id": 1460535, "geometry": {"type": "Point", "coordinates": [-95.62924, 29.909136]}, "properties": {"OBJECTID": 1460535, "REM_PROG": "Voluntary Cleanup Program (VCP)", "RN": "RN102618030", "VCP_ID": 284, "SITE_NAME": "SOUTHEAST CORNER FM 529 AND BA", "PHYS_ADDR": "9000 HIGHWAY 6 N", "ADDR_DESC": "FM 529 AND BARKER CYPRESS", "CITY": "HOUSTON", "COUNTY": "HARRIS", "ZIP_CODE": "77095", "REGION": "REGION 12 - HOUSTON", "LAT_DD": 29.9091304, "LONG_DD": -95.62923271, "HORZ_METH": "ADDMAT_NUM", "HORZ_ACC": -9999, "HORZ_REF": "OTHER", "HORZ_DATE": "19960627", "HORZ_ORG": "TCEQ", "HORZ_DATUM": "NAD83", "HORZ_DESC": null, "dma_county": "Harris", "tceq_program": "vcp"}}, {"type": "Feature", "id": 1460538, "geometry": {"type": "Point", "coordinates": [-95.26361, 30.004616]}, "properties": {"OBJECTID": 1460538, "REM_PROG": "Voluntary Cleanup Program (VCP)", "RN": "RN100696491", "VCP_ID": 219, "SITE_NAME": "DEERBROOK CLEANERS", "PHYS_ADDR": "266 FM 1960 BYPASS RD E", "ADDR_DESC": "266 FM 1960 BYPASS EAST", "CITY": "HUMBLE", "COUNTY": "HARRIS", "ZIP_CODE": "77338", "REGION": "REGION 12 - HOUSTON", "LAT_DD": 30.00461118, "LONG_DD": -95.26360264, "HORZ_METH": "ADDMAT_NUM", "HORZ_ACC": -9999, "HORZ_REF": "OTHER", "HORZ_DATE": "19960329", "HORZ_ORG": "TCEQ", "HORZ_DATUM": "NAD83", "HORZ_DESC": null, "dma_county": "Harris", "tceq_program": "vcp"}}, {"type": "Feature", "id": 1460550, "geometry": {"type": "Point", "coordinates": [-95.38659, 29.009238]}, "properties": {"OBJECTID": 1460550, "REM_PROG": "Voluntary Cleanup Program (VCP)", "RN": "RN105011381", "VCP_ID": 2114, "SITE_NAME": "INDUSTRIAL SPECIALISTS", "PHYS_ADDR": "302 JOHNSON COOK RD", "ADDR_DESC": "INDUSTRIAL PROPERTY ALONG HWY 227 IN CLUTE TX", "CITY": "CLUTE", "COUNTY": "BRAZORIA", "ZIP_CODE": "77531", "REGION": "REGION 12 - HOUSTON", "LAT_DD": 29.00923296, "LONG_DD": -95.38658343, "HORZ_METH": "ADDMAT_NUM", "HORZ_ACC": -9999, "HORZ_REF": "OTHER", "HORZ_DATE": "20071219", "HORZ_ORG": "TCEQ", "HORZ_DATUM": "NAD83", "HORZ_DESC": null, "dma_county": "Brazoria", "tceq_program": "vcp"}}, {"type": "Feature", "id": 1460570, "geometry": {"type": "Point", "coordinates": [-95.166658, 29.68253]}, "properties": {"OBJECTID": 1460570, "REM_PROG": "Voluntary Cleanup Program (VCP)", "RN": "RN102364973", "VCP_ID": 3350, "SITE_NAME": "FORMER COASTAL CHEMICAL - 3205 PASADENA BLVD", "PHYS_ADDR": "3205 PASADENA BLVD", "ADDR_DESC": "3205 PASADENA BLVD PASADENA TX", "CITY": "PASADENA", "COUNTY": "HARRIS", "ZIP_CODE": "77503", "REGION": "REGION 12 - HOUSTON", "LAT_DD": 29.68252499, "LONG_DD": -95.16665133, "HORZ_METH": "DOQ", "HORZ_ACC": 5, "HORZ_REF": "FAC_CEN", "HORZ_DATE": "20241107", "HORZ_ORG": "TCEQ", "HORZ_DATUM": "NAD83", "HORZ_DESC": null, "dma_county": "Harris", "tceq_program": "vcp"}}, {"type": "Feature", "id": 1460582, "geometry": {"type": "Point", "coordinates": [-95.304056, 29.805266]}, "properties": {"OBJECTID": 1460582, "REM_PROG": "Voluntary Cleanup Program (VCP)", "RN": "RN101475150", "VCP_ID": 3360, "SITE_NAME": "4845 HOMESTEAD", "PHYS_ADDR": "4845 HOMESTEAD RD", "ADDR_DESC": "4845-4849 HOMESTEAD RD 6868 N LOOP E", "CITY": "HOUSTON", "COUNTY": "HARRIS", "ZIP_CODE": "77028", "REGION": "REGION 12 - HOUSTON", "LAT_DD": 29.8052607, "LONG_DD": -95.3040486, "HORZ_METH": "DOQ", "HORZ_ACC": 5, "HORZ_REF": "STRUC_CEN", "HORZ_DATE": "20250312", "HORZ_ORG": "TCEQ", "HORZ_DATUM": "NAD83", "HORZ_DESC": null, "dma_county": "Harris", "tceq_program": "vcp"}}, {"type": "Feature", "id": 1460584, "geometry": {"type": "Point", "coordinates": [-95.527873, 29.785344]}, "properties": {"OBJECTID": 1460584, "REM_PROG": "Voluntary Cleanup Program (VCP)", "RN": "RN100655703", "VCP_ID": 1064, "SITE_NAME": "HURRICANE STEEL INDUSTRIES", "PHYS_ADDR": "9600 KATY FWY", "ADDR_DESC": "9600 Old Katy Rd, Houston, TX", "CITY": "HOUSTON", "COUNTY": "HARRIS", "ZIP_CODE": "77055", "REGION": "REGION 12 - HOUSTON", "LAT_DD": 29.78533848, "LONG_DD": -95.52786628, "HORZ_METH": "ADDMAT_NUM", "HORZ_ACC": -9999, "HORZ_REF": "OTHER", "HORZ_DATE": "19991008", "HORZ_ORG": "TCEQ", "HORZ_DATUM": "NAD83", "HORZ_DESC": null, "dma_county": "Harris", "tceq_program": "vcp"}}, {"type": "Feature", "id": 1460591, "geometry": {"type": "Point", "coordinates": [-95.543638, 29.622186]}, "properties": {"OBJECTID": 1460591, "REM_PROG": "Voluntary Cleanup Program (VCP)", "RN": "RN100600386", "VCP_ID": 2357, "SITE_NAME": "EIM FACILITY", "PHYS_ADDR": "13840 PIKE RD", "ADDR_DESC": "13840 Pike Road, Missouri City, TX", "CITY": "MISSOURI CITY", "COUNTY": "FORT BEND", "ZIP_CODE": "77489", "REGION": "REGION 12 - HOUSTON", "LAT_DD": 29.6221805, "LONG_DD": -95.54363113, "HORZ_METH": "ADDMAT_NUM", "HORZ_ACC": -9999, "HORZ_REF": "OTHER", "HORZ_DATE": "20101110", "HORZ_ORG": "TCEQ", "HORZ_DATUM": "NAD83", "HORZ_DESC": null, "dma_county": "Fort Bend", "tceq_program": "vcp"}}, {"type": "Feature", "id": 1460592, "geometry": {"type": "Point", "coordinates": [-95.310021, 29.766969]}, "properties": {"OBJECTID": 1460592, "REM_PROG": "Voluntary Cleanup Program (VCP)", "RN": "RN100675016", "VCP_ID": 2507, "SITE_NAME": "1202 1212 HAHLO STREET", "PHYS_ADDR": "1202 HAHLO ST", "ADDR_DESC": "1202 1212 HAHLO STREET HOUSTON TX", "CITY": "HOUSTON", "COUNTY": "HARRIS", "ZIP_CODE": "77020", "REGION": "REGION 12 - HOUSTON", "LAT_DD": 29.76696338, "LONG_DD": -95.31001357, "HORZ_METH": "ADDMAT_NUM", "HORZ_ACC": -9999, "HORZ_REF": "OTHER", "HORZ_DATE": "20120530", "HORZ_ORG": "TCEQ", "HORZ_DATUM": "NAD83", "HORZ_DESC": null, "dma_county": "Harris", "tceq_program": "vcp"}}, {"type": "Feature", "id": 1460603, "geometry": {"type": "Point", "coordinates": [-94.805406, 29.300866]}, "properties": {"OBJECTID": 1460603, "REM_PROG": "Voluntary Cleanup Program (VCP)", "RN": "RN102929650", "VCP_ID": 337, "SITE_NAME": "FALSTAFF BREWING", "PHYS_ADDR": "3300 CHURCH ST", "ADDR_DESC": "33RD STREET AND CHURCH STREET", "CITY": "GALVESTON", "COUNTY": "GALVESTON", "ZIP_CODE": "77550", "REGION": "REGION 12 - HOUSTON", "LAT_DD": 29.30086111, "LONG_DD": -94.80539965, "HORZ_METH": "ADDMAT_NUM", "HORZ_ACC": -9999, "HORZ_REF": "STRUC_CEN", "HORZ_DATE": "19960905", "HORZ_ORG": "TCEQ", "HORZ_DATUM": "NAD83", "HORZ_DESC": null, "dma_county": "Galveston", "tceq_program": "vcp"}}, {"type": "Feature", "id": 1460607, "geometry": {"type": "Point", "coordinates": [-95.380099, 29.742889]}, "properties": {"OBJECTID": 1460607, "REM_PROG": "Voluntary Cleanup Program (VCP)", "RN": "RN101871168", "VCP_ID": 1450, "SITE_NAME": "COURTLANDT SQUARE", "PHYS_ADDR": "3210 LOUISIANA ST", "ADDR_DESC": null, "CITY": "HOUSTON", "COUNTY": "HARRIS", "ZIP_CODE": "77006", "REGION": "REGION 12 - HOUSTON", "LAT_DD": 29.74288347, "LONG_DD": -95.3800924, "HORZ_METH": "ADDMAT_NUM", "HORZ_ACC": -9999, "HORZ_REF": "OTHER", "HORZ_DATE": "20020320", "HORZ_ORG": "TCEQ", "HORZ_DATUM": "NAD83", "HORZ_DESC": null, "dma_county": "Harris", "tceq_program": "vcp"}}, {"type": "Feature", "id": 1460612, "geometry": {"type": "Point", "coordinates": [-95.48799, 29.825124]}, "properties": {"OBJECTID": 1460612, "REM_PROG": "Voluntary Cleanup Program (VCP)", "RN": "RN102459823", "VCP_ID": 1142, "SITE_NAME": "MONARCH PAINT", "PHYS_ADDR": "3530 LANG RD", "ADDR_DESC": "3530 LANG RD HOUSTON TX", "CITY": "HOUSTON", "COUNTY": "HARRIS", "ZIP_CODE": "77092", "REGION": "REGION 12 - HOUSTON", "LAT_DD": 29.82511858, "LONG_DD": -95.487983, "HORZ_METH": "ADDMAT_NUM", "HORZ_ACC": -9999, "HORZ_REF": "OTHER", "HORZ_DATE": "20000210", "HORZ_ORG": "TCEQ", "HORZ_DATUM": "NAD83", "HORZ_DESC": null, "dma_county": "Harris", "tceq_program": "vcp"}}, {"type": "Feature", "id": 1460615, "geometry": {"type": "Point", "coordinates": [-95.05577, 29.796911]}, "properties": {"OBJECTID": 1460615, "REM_PROG": "Voluntary Cleanup Program (VCP)", "RN": "RN100583533", "VCP_ID": 3109, "SITE_NAME": "1700 SAN JACINTO RIVER FLEET PROPERTY", "PHYS_ADDR": "1700 S MAIN ST", "ADDR_DESC": "1700 S MAIN ST, HIGHLANDS, TX", "CITY": "HIGHLANDS", "COUNTY": "HARRIS", "ZIP_CODE": "77562", "REGION": "REGION 12 - HOUSTON", "LAT_DD": 29.79690546, "LONG_DD": -95.05576297, "HORZ_METH": "DOQ", "HORZ_ACC": 5, "HORZ_REF": "FAC_CEN", "HORZ_DATE": "20200922", "HORZ_ORG": "TCEQ", "HORZ_DATUM": "NAD83", "HORZ_DESC": null, "dma_county": "Harris", "tceq_program": "vcp"}}, {"type": "Feature", "id": 1460617, "geometry": {"type": "Point", "coordinates": [-95.056146, 29.795287]}, "properties": {"OBJECTID": 1460617, "REM_PROG": "Voluntary Cleanup Program (VCP)", "RN": "RN111122651", "VCP_ID": 3111, "SITE_NAME": "1714 SAN JACINTO RIVER FLEET PROPERTY", "PHYS_ADDR": "1714 S MAIN ST", "ADDR_DESC": null, "CITY": "HIGHLANDS", "COUNTY": "HARRIS", "ZIP_CODE": "77562", "REGION": "REGION 12 - HOUSTON", "LAT_DD": 29.79528191, "LONG_DD": -95.0561393, "HORZ_METH": "DOQ", "HORZ_ACC": 5, "HORZ_REF": "FAC_CEN", "HORZ_DATE": "20200922", "HORZ_ORG": "TCEQ", "HORZ_DATUM": "NAD83", "HORZ_DESC": null, "dma_county": "Harris", "tceq_program": "vcp"}}, {"type": "Feature", "id": 1460619, "geometry": {"type": "Point", "coordinates": [-95.067457, 29.796553]}, "properties": {"OBJECTID": 1460619, "REM_PROG": "Voluntary Cleanup Program (VCP)", "RN": "RN100679075", "VCP_ID": 3110, "SITE_NAME": "18001 SAN JACINTO RIVER FLEET PROPERTY", "PHYS_ADDR": "18001 EAST FWY", "ADDR_DESC": "3 NON CONTIGUEOUS PARCELS INCLUDING 2 ISLANDS PLUS SURROUNDING UNDERWATER PROPERTY", "CITY": "CHANNELVIEW", "COUNTY": "HARRIS", "ZIP_CODE": "77530", "REGION": "REGION 12 - HOUSTON", "LAT_DD": 29.79654811, "LONG_DD": -95.06745047, "HORZ_METH": "DOQ", "HORZ_ACC": 5, "HORZ_REF": "FAC_CEN", "HORZ_DATE": "20200922", "HORZ_ORG": "TCEQ", "HORZ_DATUM": "NAD83", "HORZ_DESC": null, "dma_county": "Harris", "tceq_program": "vcp"}}, {"type": "Feature", "id": 1460620, "geometry": {"type": "Point", "coordinates": [-95.322847, 29.74991]}, "properties": {"OBJECTID": 1460620, "REM_PROG": "Voluntary Cleanup Program (VCP)", "RN": "RN100675974", "VCP_ID": 3115, "SITE_NAME": "NORTH BRYAN STREET PROPERTY", "PHYS_ADDR": "407 N BRYAN ST", "ADDR_DESC": "407 N Bryan, Houston", "CITY": "HOUSTON", "COUNTY": "HARRIS", "ZIP_CODE": "77011", "REGION": "REGION 12 - HOUSTON", "LAT_DD": 29.74990436, "LONG_DD": -95.32284034, "HORZ_METH": "DOQ", "HORZ_ACC": 5, "HORZ_REF": "FAC_CEN", "HORZ_DATE": "20201119", "HORZ_ORG": "TCEQ", "HORZ_DATUM": "NAD83", "HORZ_DESC": null, "dma_county": "Harris", "tceq_program": "vcp"}}, {"type": "Feature", "id": 1460622, "geometry": {"type": "Point", "coordinates": [-95.524196, 29.797558]}, "properties": {"OBJECTID": 1460622, "REM_PROG": "Voluntary Cleanup Program (VCP)", "RN": "RN108846031", "VCP_ID": 3128, "SITE_NAME": "COMMERCIAL PROPERTY AT SWC OF BLALOCK ROAD AND LONG POINT", "PHYS_ADDR": "9393 LONG POINT RD", "ADDR_DESC": "SWC BLALOCK RD & LONG POINT RD 1431 1435 1439 BLALOCK RD AND 9393 LONG POINT RD", "CITY": "HOUSTON", "COUNTY": "HARRIS", "ZIP_CODE": "77055", "REGION": "REGION 12 - HOUSTON", "LAT_DD": 29.79755262, "LONG_DD": -95.52418894, "HORZ_METH": "DOQ", "HORZ_ACC": 5, "HORZ_REF": "OTHER", "HORZ_DATE": "20210114", "HORZ_ORG": "TCEQ", "HORZ_DATUM": "NAD83", "HORZ_DESC": null, "dma_county": "Harris", "tceq_program": "vcp"}}, {"type": "Feature", "id": 1460626, "geometry": {"type": "Point", "coordinates": [-95.720428, 29.791749]}, "properties": {"OBJECTID": 1460626, "REM_PROG": "Voluntary Cleanup Program (VCP)", "RN": "RN104104591", "VCP_ID": 3119, "SITE_NAME": "18.9 ACRE COMMERCIAL PROPERTY", "PHYS_ADDR": "1705 FRY RD", "ADDR_DESC": "1703-1825 N FRY RD 19910-19922 PARK ROW", "CITY": "KATY", "COUNTY": "HARRIS", "ZIP_CODE": "77449", "REGION": "REGION 12 - HOUSTON", "LAT_DD": 29.7917443, "LONG_DD": -95.7204211, "HORZ_METH": "DOQ", "HORZ_ACC": 5, "HORZ_REF": "FAC_CEN", "HORZ_DATE": "20201211", "HORZ_ORG": "TCEQ", "HORZ_DATUM": "NAD83", "HORZ_DESC": null, "dma_county": "Harris", "tceq_program": "vcp"}}, {"type": "Feature", "id": 1460628, "geometry": {"type": "Point", "coordinates": [-95.43267, 29.961624]}, "properties": {"OBJECTID": 1460628, "REM_PROG": "Voluntary Cleanup Program (VCP)", "RN": "RN112175534", "VCP_ID": 3362, "SITE_NAME": "RUSHCREEK DEVELOPMENT", "PHYS_ADDR": null, "ADDR_DESC": "NEC 12102 SPEARS-GEARS RD AND RUSHCREEK HOUSTON TX 77067", "CITY": "HOUSTON", "COUNTY": "HARRIS", "ZIP_CODE": null, "REGION": "REGION 12 - HOUSTON", "LAT_DD": 29.96161902, "LONG_DD": -95.43266331, "HORZ_METH": "DOQ", "HORZ_ACC": 5, "HORZ_REF": "STRUC_CEN", "HORZ_DATE": "20250312", "HORZ_ORG": "TCEQ", "HORZ_DATUM": "NAD83", "HORZ_DESC": null, "dma_county": "Harris", "tceq_program": "vcp"}}, {"type": "Feature", "id": 1460629, "geometry": {"type": "Point", "coordinates": [-95.303942, 29.803683]}, "properties": {"OBJECTID": 1460629, "REM_PROG": "Voluntary Cleanup Program (VCP)", "RN": "RN102311636", "VCP_ID": 3361, "SITE_NAME": "4849 HOMESTEAD", "PHYS_ADDR": "4849 HOMESTEAD RD", "ADDR_DESC": "4849 HOMESTEAD RD", "CITY": "HOUSTON", "COUNTY": "HARRIS", "ZIP_CODE": "77028", "REGION": "REGION 12 - HOUSTON", "LAT_DD": 29.80367768, "LONG_DD": -95.30393548, "HORZ_METH": "DOQ", "HORZ_ACC": 5, "HORZ_REF": "FAC_CEN", "HORZ_DATE": "20250312", "HORZ_ORG": "TCEQ", "HORZ_DATUM": "NAD83", "HORZ_DESC": null, "dma_county": "Harris", "tceq_program": "vcp"}}, {"type": "Feature", "id": 1460637, "geometry": {"type": "Point", "coordinates": [-95.374419, 29.775588]}, "properties": {"OBJECTID": 1460637, "REM_PROG": "Voluntary Cleanup Program (VCP)", "RN": "RN112208657", "VCP_ID": 3371, "SITE_NAME": "FORMER MAJESTIC UNIFORM", "PHYS_ADDR": "1619 OVID ST", "ADDR_DESC": null, "CITY": "HOUSTON", "COUNTY": "HARRIS", "ZIP_CODE": "77007", "REGION": "REGION 04 - DFW METROPLEX", "LAT_DD": 29.77558321, "LONG_DD": -95.37441176, "HORZ_METH": "DOQ", "HORZ_ACC": 5, "HORZ_REF": "FAC_CEN", "HORZ_DATE": "20250716", "HORZ_ORG": "TCEQ", "HORZ_DATUM": "NAD83", "HORZ_DESC": null, "dma_county": "Harris", "tceq_program": "vcp"}}, {"type": "Feature", "id": 1460642, "geometry": {"type": "Point", "coordinates": [-95.114832, 29.502321]}, "properties": {"OBJECTID": 1460642, "REM_PROG": "Voluntary Cleanup Program (VCP)", "RN": "RN102617628", "VCP_ID": 122, "SITE_NAME": "LEAGUE CITY SPECIALTY SHOPPING", "PHYS_ADDR": "101 GULF FWY S", "ADDR_DESC": "101 Gulf Fwy S, League City, TX", "CITY": "LEAGUE CITY", "COUNTY": "GALVESTON", "ZIP_CODE": "77573", "REGION": "REGION 12 - HOUSTON", "LAT_DD": 29.50231594, "LONG_DD": -95.11482553, "HORZ_METH": "ADDMAT_NUM", "HORZ_ACC": -9999, "HORZ_REF": "OTHER", "HORZ_DATE": "19951010", "HORZ_ORG": "TCEQ", "HORZ_DATUM": "NAD83", "HORZ_DESC": null, "dma_county": "Galveston", "tceq_program": "vcp"}}, {"type": "Feature", "id": 1460644, "geometry": {"type": "Point", "coordinates": [-95.392494, 29.764559]}, "properties": {"OBJECTID": 1460644, "REM_PROG": "Voluntary Cleanup Program (VCP)", "RN": "RN102644424", "VCP_ID": 404, "SITE_NAME": "SPCA PURCHASE PART 2", "PHYS_ADDR": "519 STUDEMONT ST", "ADDR_DESC": null, "CITY": "HOUSTON", "COUNTY": "HARRIS", "ZIP_CODE": "77007", "REGION": "REGION 12 - HOUSTON", "LAT_DD": 29.764554, "LONG_DD": -95.39248722, "HORZ_METH": "ADDMAT_NUM", "HORZ_ACC": -9999, "HORZ_REF": "OTHER", "HORZ_DATE": "19961121", "HORZ_ORG": "TCEQ", "HORZ_DATUM": "NAD83", "HORZ_DESC": null, "dma_county": "Harris", "tceq_program": "vcp"}}, {"type": "Feature", "id": 1460645, "geometry": {"type": "Point", "coordinates": [-95.392494, 29.764559]}, "properties": {"OBJECTID": 1460645, "REM_PROG": "Voluntary Cleanup Program (VCP)", "RN": "RN102644424", "VCP_ID": 397, "SITE_NAME": "SPCA PURCHASE PART 1", "PHYS_ADDR": "519 STUDEMONT ST", "ADDR_DESC": null, "CITY": "HOUSTON", "COUNTY": "HARRIS", "ZIP_CODE": "77007", "REGION": "REGION 12 - HOUSTON", "LAT_DD": 29.764554, "LONG_DD": -95.39248722, "HORZ_METH": "ADDMAT_NUM", "HORZ_ACC": -9999, "HORZ_REF": "OTHER", "HORZ_DATE": "19961108", "HORZ_ORG": "TCEQ", "HORZ_DATUM": "NAD83", "HORZ_DESC": null, "dma_county": "Harris", "tceq_program": "vcp"}}, {"type": "Feature", "id": 1460647, "geometry": {"type": "Point", "coordinates": [-95.476227, 29.820098]}, "properties": {"OBJECTID": 1460647, "REM_PROG": "Voluntary Cleanup Program (VCP)", "RN": "RN101053049", "VCP_ID": 313, "SITE_NAME": "TOM E FAIREY", "PHYS_ADDR": "5902 W 34TH ST", "ADDR_DESC": "5902 WEST 34TH STREET", "CITY": "HOUSTON", "COUNTY": "HARRIS", "ZIP_CODE": "77092", "REGION": "REGION 12 - HOUSTON", "LAT_DD": 29.82009245, "LONG_DD": -95.47621967, "HORZ_METH": "ADDMAT_NUM", "HORZ_ACC": -9999, "HORZ_REF": "OTHER", "HORZ_DATE": "19960807", "HORZ_ORG": "TCEQ", "HORZ_DATUM": "NAD83", "HORZ_DESC": null, "dma_county": "Harris", "tceq_program": "vcp"}}, {"type": "Feature", "id": 1460650, "geometry": {"type": "Point", "coordinates": [-95.352, 29.766233]}, "properties": {"OBJECTID": 1460650, "REM_PROG": "Voluntary Cleanup Program (VCP)", "RN": "RN101054310", "VCP_ID": 902, "SITE_NAME": "700 MCKEE STREET", "PHYS_ADDR": "700 MCKEE ST", "ADDR_DESC": "700 MCKEE STREET", "CITY": "HOUSTON", "COUNTY": "HARRIS", "ZIP_CODE": "77002", "REGION": "REGION 12 - HOUSTON", "LAT_DD": 29.76622769, "LONG_DD": -95.35199293, "HORZ_METH": "ADDMAT_NUM", "HORZ_ACC": -9999, "HORZ_REF": "OTHER", "HORZ_DATE": "19981218", "HORZ_ORG": "TCEQ", "HORZ_DATUM": "NAD83", "HORZ_DESC": null, "dma_county": "Harris", "tceq_program": "vcp"}}, {"type": "Feature", "id": 1460651, "geometry": {"type": "Point", "coordinates": [-95.168586, 30.327093]}, "properties": {"OBJECTID": 1460651, "REM_PROG": "Voluntary Cleanup Program (VCP)", "RN": "RN102616422", "VCP_ID": 1422, "SITE_NAME": "GLYCERIN PROCESSING FACILITY", "PHYS_ADDR": "421 N FOSTORIA RD", "ADDR_DESC": null, "CITY": "FOSTORIA", "COUNTY": "LIBERTY", "ZIP_CODE": "77327", "REGION": "REGION 12 - HOUSTON", "LAT_DD": 30.32708783, "LONG_DD": -95.16857952, "HORZ_METH": "ADDMAT_NUM", "HORZ_ACC": -9999, "HORZ_REF": "OTHER", "HORZ_DATE": "20011211", "HORZ_ORG": "TCEQ", "HORZ_DATUM": "NAD83", "HORZ_DESC": null, "dma_county": "Montgomery", "tceq_program": "vcp"}}, {"type": "Feature", "id": 1460652, "geometry": {"type": "Point", "coordinates": [-95.425639, 29.659391]}, "properties": {"OBJECTID": 1460652, "REM_PROG": "Voluntary Cleanup Program (VCP)", "RN": "RN101055069", "VCP_ID": 630, "SITE_NAME": "922 HOLMES ROAD", "PHYS_ADDR": "922 HOLMES RD", "ADDR_DESC": "922 HOLMES ROAD", "CITY": "HOUSTON", "COUNTY": "HARRIS", "ZIP_CODE": "77045", "REGION": "REGION 12 - HOUSTON", "LAT_DD": 29.65938538, "LONG_DD": -95.4256317, "HORZ_METH": "ADDMAT_NUM", "HORZ_ACC": -9999, "HORZ_REF": "OTHER", "HORZ_DATE": "19971008", "HORZ_ORG": "TCEQ", "HORZ_DATUM": "NAD83", "HORZ_DESC": null, "dma_county": "Harris", "tceq_program": "vcp"}}, {"type": "Feature", "id": 1460666, "geometry": {"type": "Point", "coordinates": [-94.814571, 29.296643]}, "properties": {"OBJECTID": 1460666, "REM_PROG": "Voluntary Cleanup Program (VCP)", "RN": "RN105495410", "VCP_ID": 2158, "SITE_NAME": "MOODY COMPRESS AND WAREHOUSE", "PHYS_ADDR": "4200 BALL", "ADDR_DESC": null, "CITY": "GALVESTON", "COUNTY": "GALVESTON", "ZIP_CODE": "77550", "REGION": "REGION 12 - HOUSTON", "LAT_DD": 29.29663748, "LONG_DD": -94.81456422, "HORZ_METH": "ADDMAT_NUM", "HORZ_ACC": -9999, "HORZ_REF": "OTHER", "HORZ_DATE": "20080402", "HORZ_ORG": "TCEQ", "HORZ_DATUM": "NAD83", "HORZ_DESC": null, "dma_county": "Galveston", "tceq_program": "vcp"}}, {"type": "Feature", "id": 1460667, "geometry": {"type": "Point", "coordinates": [-95.3712, 29.757975]}, "properties": {"OBJECTID": 1460667, "REM_PROG": "Voluntary Cleanup Program (VCP)", "RN": "RN100601020", "VCP_ID": 603, "SITE_NAME": "DOUBLETREE HOTEL - DALLAS AVEN", "PHYS_ADDR": "400 DALLAS ST", "ADDR_DESC": "400 DALLAS ST", "CITY": "HOUSTON", "COUNTY": "HARRIS", "ZIP_CODE": "77002", "REGION": "REGION 12 - HOUSTON", "LAT_DD": 29.75796939, "LONG_DD": -95.37119308, "HORZ_METH": "ADDMAT_NUM", "HORZ_ACC": -9999, "HORZ_REF": "OTHER", "HORZ_DATE": "19970903", "HORZ_ORG": "TCEQ", "HORZ_DATUM": "NAD83", "HORZ_DESC": null, "dma_county": "Harris", "tceq_program": "vcp"}}, {"type": "Feature", "id": 1460675, "geometry": {"type": "Point", "coordinates": [-95.347304, 29.772759]}, "properties": {"OBJECTID": 1460675, "REM_PROG": "Voluntary Cleanup Program (VCP)", "RN": "RN100866466", "VCP_ID": 3121, "SITE_NAME": "INDUSTRIAL RECYCLING FACILITY", "PHYS_ADDR": "2103 LYONS AVE", "ADDR_DESC": "2117 OPELOUSAS ST", "CITY": "HOUSTON", "COUNTY": "HARRIS", "ZIP_CODE": "77020", "REGION": "REGION 12 - HOUSTON", "LAT_DD": 29.77275428, "LONG_DD": -95.34729739, "HORZ_METH": "DOQ", "HORZ_ACC": 5, "HORZ_REF": "STRUC_CEN", "HORZ_DATE": "20201211", "HORZ_ORG": "TCEQ", "HORZ_DATUM": "NAD83", "HORZ_DESC": null, "dma_county": "Harris", "tceq_program": "vcp"}}, {"type": "Feature", "id": 1460676, "geometry": {"type": "Point", "coordinates": [-95.483573, 29.719457]}, "properties": {"OBJECTID": 1460676, "REM_PROG": "Voluntary Cleanup Program (VCP)", "RN": "RN100695428", "VCP_ID": 3122, "SITE_NAME": "FORMER AMF GEO SPACE FACILITY", "PHYS_ADDR": "5803 GLENMONT DR", "ADDR_DESC": "5803 Glenmont Dr, Houston, TX", "CITY": "HOUSTON", "COUNTY": "HARRIS", "ZIP_CODE": "77081", "REGION": "REGION 12 - HOUSTON", "LAT_DD": 29.71945153, "LONG_DD": -95.4835659, "HORZ_METH": "DOQ", "HORZ_ACC": 5, "HORZ_REF": "FAC_CEN", "HORZ_DATE": "20201214", "HORZ_ORG": "TCEQ", "HORZ_DATUM": "NAD83", "HORZ_DESC": null, "dma_county": "Harris", "tceq_program": "vcp"}}, {"type": "Feature", "id": 1460677, "geometry": {"type": "Point", "coordinates": [-95.558602, 29.803325]}, "properties": {"OBJECTID": 1460677, "REM_PROG": "Voluntary Cleanup Program (VCP)", "RN": "RN102144573", "VCP_ID": 3123, "SITE_NAME": "FORMER SPARQ1200 FACILITY", "PHYS_ADDR": "1713 TOWNHURST DR", "ADDR_DESC": "1713 Townhurst Dr, Houston, TX", "CITY": "HOUSTON", "COUNTY": "HARRIS", "ZIP_CODE": "77043", "REGION": "REGION 12 - HOUSTON", "LAT_DD": 29.80332023, "LONG_DD": -95.55859467, "HORZ_METH": "DOQ", "HORZ_ACC": 5, "HORZ_REF": "STRUC_CEN", "HORZ_DATE": "20201217", "HORZ_ORG": "TCEQ", "HORZ_DATUM": "NAD83", "HORZ_DESC": null, "dma_county": "Harris", "tceq_program": "vcp"}}, {"type": "Feature", "id": 1460678, "geometry": {"type": "Point", "coordinates": [-95.457245, 29.772144]}, "properties": {"OBJECTID": 1460678, "REM_PROG": "Voluntary Cleanup Program (VCP)", "RN": "RN111165775", "VCP_ID": 3124, "SITE_NAME": "314 N POST OAK BUILDING", "PHYS_ADDR": "314 N POST OAK LN", "ADDR_DESC": null, "CITY": "HOUSTON", "COUNTY": "HARRIS", "ZIP_CODE": "77024", "REGION": "REGION 12 - HOUSTON", "LAT_DD": 29.77213858, "LONG_DD": -95.45723801, "HORZ_METH": "DOQ", "HORZ_ACC": 5, "HORZ_REF": "STRUC_CEN", "HORZ_DATE": "20201221", "HORZ_ORG": "TCEQ", "HORZ_DATUM": "NAD83", "HORZ_DESC": null, "dma_county": "Harris", "tceq_program": "vcp"}}, {"type": "Feature", "id": 1460680, "geometry": {"type": "Point", "coordinates": [-95.352443, 29.760856]}, "properties": {"OBJECTID": 1460680, "REM_PROG": "Voluntary Cleanup Program (VCP)", "RN": "RN100572650", "VCP_ID": 3126, "SITE_NAME": "100 NORTH JACKSON STREET PROPERTY", "PHYS_ADDR": "100 N JACKSON ST", "ADDR_DESC": "100 N Jackson, Houston, TX", "CITY": "HOUSTON", "COUNTY": "HARRIS", "ZIP_CODE": "77002", "REGION": "REGION 12 - HOUSTON", "LAT_DD": 29.76085088, "LONG_DD": -95.35243575, "HORZ_METH": "DOQ", "HORZ_ACC": 5, "HORZ_REF": "STRUC_CEN", "HORZ_DATE": "20201223", "HORZ_ORG": "TCEQ", "HORZ_DATUM": "NAD83", "HORZ_DESC": null, "dma_county": "Harris", "tceq_program": "vcp"}}, {"type": "Feature", "id": 1460681, "geometry": {"type": "Point", "coordinates": [-95.392931, 29.771372]}, "properties": {"OBJECTID": 1460681, "REM_PROG": "Voluntary Cleanup Program (VCP)", "RN": "RN100666783", "VCP_ID": 3127, "SITE_NAME": "CHANEY RAILYARD", "PHYS_ADDR": "3000 HICKS ST", "ADDR_DESC": "0 HICKS STREET AND LOCATED AT SWC OF HICKS STREET AND STUDEMONT STREET", "CITY": "HOUSTON", "COUNTY": "HARRIS", "ZIP_CODE": "77007", "REGION": "REGION 12 - HOUSTON", "LAT_DD": 29.77136649, "LONG_DD": -95.39292404, "HORZ_METH": "DOQ", "HORZ_ACC": 5, "HORZ_REF": "FAC_CEN", "HORZ_DATE": "20210112", "HORZ_ORG": "TCEQ", "HORZ_DATUM": "NAD83", "HORZ_DESC": null, "dma_county": "Harris", "tceq_program": "vcp"}}, {"type": "Feature", "id": 1460682, "geometry": {"type": "Point", "coordinates": [-95.597331, 29.737161]}, "properties": {"OBJECTID": 1460682, "REM_PROG": "Voluntary Cleanup Program (VCP)", "RN": "RN100619741", "VCP_ID": 3130, "SITE_NAME": "FORMER ULTRA FINE CLEANERS", "PHYS_ADDR": "12288 WESTHEIMER RD STE 290", "ADDR_DESC": "12280 - 12288 WESTHEIMER RD", "CITY": "HOUSTON", "COUNTY": "HARRIS", "ZIP_CODE": "77077", "REGION": "REGION 12 - HOUSTON", "LAT_DD": 29.73715591, "LONG_DD": -95.59732369, "HORZ_METH": "DOQ", "HORZ_ACC": 5, "HORZ_REF": "FAC_CEN", "HORZ_DATE": "20210126", "HORZ_ORG": "TCEQ", "HORZ_DATUM": "NAD83", "HORZ_DESC": null, "dma_county": "Harris", "tceq_program": "vcp"}}, {"type": "Feature", "id": 1460685, "geometry": {"type": "Point", "coordinates": [-95.619007, 29.786344]}, "properties": {"OBJECTID": 1460685, "REM_PROG": "Voluntary Cleanup Program (VCP)", "RN": "RN102549011", "VCP_ID": 3133, "SITE_NAME": "OMNI HOUSTON WESTSIDE", "PHYS_ADDR": "13210 KATY FWY", "ADDR_DESC": null, "CITY": "HOUSTON", "COUNTY": "HARRIS", "ZIP_CODE": "77079", "REGION": "REGION 12 - HOUSTON", "LAT_DD": 29.7863387, "LONG_DD": -95.61899947, "HORZ_METH": "DOQ", "HORZ_ACC": 5, "HORZ_REF": "STRUC_CEN", "HORZ_DATE": "20210224", "HORZ_ORG": "TCEQ", "HORZ_DATUM": "NAD83", "HORZ_DESC": null, "dma_county": "Harris", "tceq_program": "vcp"}}, {"type": "Feature", "id": 1460688, "geometry": {"type": "Point", "coordinates": [-95.472123, 30.395522]}, "properties": {"OBJECTID": 1460688, "REM_PROG": "Voluntary Cleanup Program (VCP)", "RN": "RN102144029", "VCP_ID": 3136, "SITE_NAME": "FORMER R&M PLANT", "PHYS_ADDR": "10586 N HIGHWAY 75", "ADDR_DESC": "10586 HWY 75 North", "CITY": "WILLIS", "COUNTY": "MONTGOMERY", "ZIP_CODE": "77378", "REGION": "REGION 12 - HOUSTON", "LAT_DD": 30.39551716, "LONG_DD": -95.47211634, "HORZ_METH": "DOQ", "HORZ_ACC": 5, "HORZ_REF": "STRUC_CEN", "HORZ_DATE": "20210415", "HORZ_ORG": "TCEQ", "HORZ_DATUM": "NAD83", "HORZ_DESC": null, "dma_county": "Montgomery", "tceq_program": "vcp"}}, {"type": "Feature", "id": 1460691, "geometry": {"type": "Point", "coordinates": [-95.358614, 29.752896]}, "properties": {"OBJECTID": 1460691, "REM_PROG": "Voluntary Cleanup Program (VCP)", "RN": "RN104712724", "VCP_ID": 1842, "SITE_NAME": "HOUSTON DOWNTOWN PARK", "PHYS_ADDR": "1000 AVENIDA DE LAS AMERICAS", "ADDR_DESC": "CITY BLOCKS BOUNDED BY LA BRANCH, DALLAS, LAMAR, MCKINNEY, WALKER, AVENIDA DE LOS AMERICAS AND CRAWFORD LOCATED WNW OF GEORGE BROWN CONVENTION CENTER", "CITY": "HOUSTON", "COUNTY": "HARRIS", "ZIP_CODE": "77010", "REGION": "REGION 12 - HOUSTON", "LAT_DD": 29.75289037, "LONG_DD": -95.35860659, "HORZ_METH": "ADDMAT_NUM", "HORZ_ACC": -9999, "HORZ_REF": "OTHER", "HORZ_DATE": "20050726", "HORZ_ORG": "TCEQ", "HORZ_DATUM": "NAD83", "HORZ_DESC": null, "dma_county": "Harris", "tceq_program": "vcp"}}, {"type": "Feature", "id": 1460697, "geometry": {"type": "Point", "coordinates": [-95.408059, 29.756283]}, "properties": {"OBJECTID": 1460697, "REM_PROG": "Voluntary Cleanup Program (VCP)", "RN": "RN100573765", "VCP_ID": 2610, "SITE_NAME": "R R DONNELLEY", "PHYS_ADDR": "1015 S SHEPHERD DR", "ADDR_DESC": "1015 S Shepherd, Houston, TX", "CITY": "HOUSTON", "COUNTY": "HARRIS", "ZIP_CODE": "77019", "REGION": "REGION 12 - HOUSTON", "LAT_DD": 29.75627821, "LONG_DD": -95.40805166, "HORZ_METH": "ADDMAT_NUM", "HORZ_ACC": -9999, "HORZ_REF": "OTHER", "HORZ_DATE": "20130924", "HORZ_ORG": "TCEQ", "HORZ_DATUM": "NAD83", "HORZ_DESC": null, "dma_county": "Harris", "tceq_program": "vcp"}}, {"type": "Feature", "id": 1460698, "geometry": {"type": "Point", "coordinates": [-95.392471, 29.753086]}, "properties": {"OBJECTID": 1460698, "REM_PROG": "Voluntary Cleanup Program (VCP)", "RN": "RN101474567", "VCP_ID": 1419, "SITE_NAME": "ADVANTAGE BMW", "PHYS_ADDR": "1111 W GRAY ST", "ADDR_DESC": null, "CITY": "HOUSTON", "COUNTY": "HARRIS", "ZIP_CODE": "77019", "REGION": "REGION 12 - HOUSTON", "LAT_DD": 29.7530806, "LONG_DD": -95.39246384, "HORZ_METH": "ADDMAT_NUM", "HORZ_ACC": -9999, "HORZ_REF": "OTHER", "HORZ_DATE": "20011203", "HORZ_ORG": "TCEQ", "HORZ_DATUM": "NAD83", "HORZ_DESC": null, "dma_county": "Harris", "tceq_program": "vcp"}}, {"type": "Feature", "id": 1460699, "geometry": {"type": "Point", "coordinates": [-95.58399, 29.656473]}, "properties": {"OBJECTID": 1460699, "REM_PROG": "Voluntary Cleanup Program (VCP)", "RN": "RN102357050", "VCP_ID": 280, "SITE_NAME": "KEEGANS MEADOW/AMAZING CLEANER", "PHYS_ADDR": "11711 W BELLFORT ST", "ADDR_DESC": "11711 WEST BELLFORT", "CITY": "STAFFORD", "COUNTY": "HARRIS", "ZIP_CODE": "77477", "REGION": "REGION 12 - HOUSTON", "LAT_DD": 29.65646756, "LONG_DD": -95.5839827, "HORZ_METH": "ADDMAT_NUM", "HORZ_ACC": -9999, "HORZ_REF": "OTHER", "HORZ_DATE": "19960620", "HORZ_ORG": "TCEQ", "HORZ_DATUM": "NAD83", "HORZ_DESC": null, "dma_county": "Harris", "tceq_program": "vcp"}}, {"type": "Feature", "id": 1460701, "geometry": {"type": "Point", "coordinates": [-95.588991, 29.786391]}, "properties": {"OBJECTID": 1460701, "REM_PROG": "Voluntary Cleanup Program (VCP)", "RN": "RN102449642", "VCP_ID": 166, "SITE_NAME": "AL PARKER BUICK", "PHYS_ADDR": "11666 KATY FWY", "ADDR_DESC": "11666 OLD KATY ROAD", "CITY": "HOUSTON", "COUNTY": "HARRIS", "ZIP_CODE": "77043", "REGION": "REGION 12 - HOUSTON", "LAT_DD": 29.78638542, "LONG_DD": -95.58898443, "HORZ_METH": "ADDMAT_NUM", "HORZ_ACC": -9999, "HORZ_REF": "OTHER", "HORZ_DATE": "19960729", "HORZ_ORG": "TCEQ", "HORZ_DATUM": "NAD83", "HORZ_DESC": null, "dma_county": "Harris", "tceq_program": "vcp"}}, {"type": "Feature", "id": 1460702, "geometry": {"type": "Point", "coordinates": [-95.576737, 29.865766]}, "properties": {"OBJECTID": 1460702, "REM_PROG": "Voluntary Cleanup Program (VCP)", "RN": "RN100696707", "VCP_ID": 570, "SITE_NAME": "ENTERRA OILFIELD RENTAL FACILI", "PHYS_ADDR": "11315 W LITTLE YORK RD", "ADDR_DESC": "11315 WEST LITTLE YORK", "CITY": "HOUSTON", "COUNTY": "HARRIS", "ZIP_CODE": "77041", "REGION": "REGION 12 - HOUSTON", "LAT_DD": 29.86576066, "LONG_DD": -95.57672992, "HORZ_METH": "ADDMAT_NUM", "HORZ_ACC": -9999, "HORZ_REF": "OTHER", "HORZ_DATE": "19970715", "HORZ_ORG": "TCEQ", "HORZ_DATUM": "NAD83", "HORZ_DESC": null, "dma_county": "Harris", "tceq_program": "vcp"}}, {"type": "Feature", "id": 1460708, "geometry": {"type": "Point", "coordinates": [-95.611214, 29.604117]}, "properties": {"OBJECTID": 1460708, "REM_PROG": "Voluntary Cleanup Program (VCP)", "RN": "RN100570837", "VCP_ID": 806, "SITE_NAME": "FIRST COLONY COMMONS", "PHYS_ADDR": "15201 SOUTHWEST FWY", "ADDR_DESC": "15201 Southwest Fwy, Sugar Land, TX", "CITY": "SUGAR LAND", "COUNTY": "FORT BEND", "ZIP_CODE": "77478", "REGION": "REGION 12 - HOUSTON", "LAT_DD": 29.60411189, "LONG_DD": -95.61120645, "HORZ_METH": "ADDMAT_NUM", "HORZ_ACC": -9999, "HORZ_REF": "OTHER", "HORZ_DATE": "19980714", "HORZ_ORG": "TCEQ", "HORZ_DATUM": "NAD83", "HORZ_DESC": null, "dma_county": "Fort Bend", "tceq_program": "vcp"}}, {"type": "Feature", "id": 1460709, "geometry": {"type": "Point", "coordinates": [-95.392348, 29.755545]}, "properties": {"OBJECTID": 1460709, "REM_PROG": "Voluntary Cleanup Program (VCP)", "RN": "RN107854317", "VCP_ID": 2701, "SITE_NAME": "1302 MONTROSE BOULEVARD PROPERTY", "PHYS_ADDR": "1302 MONTROSE BLVD", "ADDR_DESC": null, "CITY": "HOUSTON", "COUNTY": "HARRIS", "ZIP_CODE": "77019", "REGION": "REGION 12 - HOUSTON", "LAT_DD": 29.75554002, "LONG_DD": -95.39234096, "HORZ_METH": "ADDMAT_NUM", "HORZ_ACC": -9999, "HORZ_REF": "OTHER", "HORZ_DATE": "20141024", "HORZ_ORG": "TCEQ", "HORZ_DATUM": "NAD83", "HORZ_DESC": null, "dma_county": "Harris", "tceq_program": "vcp"}}, {"type": "Feature", "id": 1460711, "geometry": {"type": "Point", "coordinates": [-95.120505, 29.808594]}, "properties": {"OBJECTID": 1460711, "REM_PROG": "Voluntary Cleanup Program (VCP)", "RN": "RN100681857", "VCP_ID": 2161, "SITE_NAME": "TIMCO SCRAP PROCESSING", "PHYS_ADDR": "15911 WOOD DR", "ADDR_DESC": "EAST OF SHELDON RD ON NORTH SIDE OF WOOD RD JUST BEFORE RAILROAD TRACKS", "CITY": "CHANNELVIEW", "COUNTY": "HARRIS", "ZIP_CODE": "77530", "REGION": "REGION 12 - HOUSTON", "LAT_DD": 29.80858858, "LONG_DD": -95.12049774, "HORZ_METH": "ADDMAT_NUM", "HORZ_ACC": -9999, "HORZ_REF": "OTHER", "HORZ_DATE": "20080411", "HORZ_ORG": "TCEQ", "HORZ_DATUM": "NAD83", "HORZ_DESC": null, "dma_county": "Harris", "tceq_program": "vcp"}}, {"type": "Feature", "id": 1460714, "geometry": {"type": "Point", "coordinates": [-95.37425, 29.001772]}, "properties": {"OBJECTID": 1460714, "REM_PROG": "Voluntary Cleanup Program (VCP)", "RN": "RN102913464", "VCP_ID": 1078, "SITE_NAME": "TEXAS INDUSTRIAL PAINTING", "PHYS_ADDR": "211 COMMERCE ST", "ADDR_DESC": "211 COMMERCE STREET", "CITY": "FREEPORT", "COUNTY": "BRAZORIA", "ZIP_CODE": "77541", "REGION": "REGION 12 - HOUSTON", "LAT_DD": 29.0017672, "LONG_DD": -95.37424259, "HORZ_METH": "ADDMAT_NUM", "HORZ_ACC": -9999, "HORZ_REF": "OTHER", "HORZ_DATE": "19991103", "HORZ_ORG": "TCEQ", "HORZ_DATUM": "NAD83", "HORZ_DESC": null, "dma_county": "Brazoria", "tceq_program": "vcp"}}, {"type": "Feature", "id": 1460717, "geometry": {"type": "Point", "coordinates": [-95.42669, 29.804231]}, "properties": {"OBJECTID": 1460717, "REM_PROG": "Voluntary Cleanup Program (VCP)", "RN": "RN104230669", "VCP_ID": 1687, "SITE_NAME": "JESTER SHOPPING CENTER", "PHYS_ADDR": "2028 E T C JESTER BLVD", "ADDR_DESC": "MERGE ONTO I-10/US 90 TAKE EXIT 765B TOWARD N SHEPHERD/N DURHAM ONTO KATY FWY TURN RIGHT ONTO SHEPHERD, TURN LEFT ONTO W 20TH, RIGHT ONTO TC JESTER", "CITY": "HOUSTON", "COUNTY": "HARRIS", "ZIP_CODE": "77008", "REGION": "REGION 12 - HOUSTON", "LAT_DD": 29.80422614, "LONG_DD": -95.42668287, "HORZ_METH": "ADDMAT_NUM", "HORZ_ACC": -9999, "HORZ_REF": "OTHER", "HORZ_DATE": "20040325", "HORZ_ORG": "TCEQ", "HORZ_DATUM": "NAD83", "HORZ_DESC": null, "dma_county": "Harris", "tceq_program": "vcp"}}, {"type": "Feature", "id": 1460719, "geometry": {"type": "Point", "coordinates": [-94.79221, 29.303679]}, "properties": {"OBJECTID": 1460719, "REM_PROG": "Voluntary Cleanup Program (VCP)", "RN": "RN107228355", "VCP_ID": 2670, "SITE_NAME": "FORMER MOTOR BANK", "PHYS_ADDR": "2215 CHURCH ST", "ADDR_DESC": null, "CITY": "GALVESTON", "COUNTY": "GALVESTON", "ZIP_CODE": "77550", "REGION": "REGION 12 - HOUSTON", "LAT_DD": 29.30367413, "LONG_DD": -94.79220306, "HORZ_METH": "ADDMAT_NUM", "HORZ_ACC": -9999, "HORZ_REF": "OTHER", "HORZ_DATE": "20140502", "HORZ_ORG": "TCEQ", "HORZ_DATUM": "NAD83", "HORZ_DESC": null, "dma_county": "Galveston", "tceq_program": "vcp"}}, {"type": "Feature", "id": 1460721, "geometry": {"type": "Point", "coordinates": [-95.349168, 29.715169]}, "properties": {"OBJECTID": 1460721, "REM_PROG": "Voluntary Cleanup Program (VCP)", "RN": "RN102645330", "VCP_ID": 1180, "SITE_NAME": "UNIVERSITY OF HOUSTON NEW STUDENT HOUSING", "PHYS_ADDR": "4500 CULLEN BLVD", "ADDR_DESC": "4500 - 4900 CULLEN BOULEVARD", "CITY": "HOUSTON", "COUNTY": "HARRIS", "ZIP_CODE": "77004", "REGION": "REGION 12 - HOUSTON", "LAT_DD": 29.715164090000002, "LONG_DD": -95.34916079, "HORZ_METH": "ADDMAT_NUM", "HORZ_ACC": -9999, "HORZ_REF": "OTHER", "HORZ_DATE": "20000425", "HORZ_ORG": "TCEQ", "HORZ_DATUM": "NAD83", "HORZ_DESC": null, "dma_county": "Harris", "tceq_program": "vcp"}}, {"type": "Feature", "id": 1460724, "geometry": {"type": "Point", "coordinates": [-95.452147, 29.742927]}, "properties": {"OBJECTID": 1460724, "REM_PROG": "Voluntary Cleanup Program (VCP)", "RN": "RN100559707", "VCP_ID": 1973, "SITE_NAME": "CENTRAL FORD", "PHYS_ADDR": "4410 WESTHEIMER RD", "ADDR_DESC": "NWC OF WESTHEIMER RD AND WEST LANE", "CITY": "HOUSTON", "COUNTY": "HARRIS", "ZIP_CODE": "77027", "REGION": "REGION 12 - HOUSTON", "LAT_DD": 29.74292153, "LONG_DD": -95.45214006, "HORZ_METH": "ADDMAT_NUM", "HORZ_ACC": -9999, "HORZ_REF": "OTHER", "HORZ_DATE": "20061005", "HORZ_ORG": "TCEQ", "HORZ_DATUM": "NAD83", "HORZ_DESC": null, "dma_county": "Harris", "tceq_program": "vcp"}}, {"type": "Feature", "id": 1460725, "geometry": {"type": "Point", "coordinates": [-95.384043, 29.733628]}, "properties": {"OBJECTID": 1460725, "REM_PROG": "Voluntary Cleanup Program (VCP)", "RN": "RN104921440", "VCP_ID": 1991, "SITE_NAME": "MCDONALDS PROPERTY", "PHYS_ADDR": "4510 MAIN ST", "ADDR_DESC": null, "CITY": "HOUSTON", "COUNTY": "HARRIS", "ZIP_CODE": "77002", "REGION": "REGION 12 - HOUSTON", "LAT_DD": 29.73362302, "LONG_DD": -95.38403617, "HORZ_METH": "ADDMAT_NUM", "HORZ_ACC": -9999, "HORZ_REF": "OTHER", "HORZ_DATE": "20061114", "HORZ_ORG": "TCEQ", "HORZ_DATUM": "NAD83", "HORZ_DESC": null, "dma_county": "Harris", "tceq_program": "vcp"}}, {"type": "Feature", "id": 1460730, "geometry": {"type": "Point", "coordinates": [-95.502846, 30.167904]}, "properties": {"OBJECTID": 1460730, "REM_PROG": "Voluntary Cleanup Program (VCP)", "RN": "RN100583194", "VCP_ID": 1558, "SITE_NAME": "THE VILLAGE CLEANERS", "PHYS_ADDR": "4775 W PANTHER CREEK DR", "ADDR_DESC": "WITHIN PANTHER CREEK VILLAGE SQUARE", "CITY": "THE WOODLANDS", "COUNTY": "MONTGOMERY", "ZIP_CODE": "77381", "REGION": "REGION 12 - HOUSTON", "LAT_DD": 30.16789902, "LONG_DD": -95.502839, "HORZ_METH": "ADDMAT_NUM", "HORZ_ACC": -9999, "HORZ_REF": "OTHER", "HORZ_DATE": "20030129", "HORZ_ORG": "TCEQ", "HORZ_DATUM": "NAD83", "HORZ_DESC": null, "dma_county": "Montgomery", "tceq_program": "vcp"}}, {"type": "Feature", "id": 1460733, "geometry": {"type": "Point", "coordinates": [-95.469891, 29.706692]}, "properties": {"OBJECTID": 1460733, "REM_PROG": "Voluntary Cleanup Program (VCP)", "RN": "RN101995553", "VCP_ID": 1987, "SITE_NAME": "HEFNERS PLAZA CLEANERS", "PHYS_ADDR": "5130 BISSONNET ST", "ADDR_DESC": null, "CITY": "BELLAIRE", "COUNTY": "HARRIS", "ZIP_CODE": "77401", "REGION": "REGION 12 - HOUSTON", "LAT_DD": 29.70668702, "LONG_DD": -95.46988404, "HORZ_METH": "ADDMAT_NUM", "HORZ_ACC": -9999, "HORZ_REF": "OTHER", "HORZ_DATE": "20061114", "HORZ_ORG": "TCEQ", "HORZ_DATUM": "NAD83", "HORZ_DESC": null, "dma_county": "Harris", "tceq_program": "vcp"}}, {"type": "Feature", "id": 1460735, "geometry": {"type": "Point", "coordinates": [-95.338626, 29.697619]}, "properties": {"OBJECTID": 1460735, "REM_PROG": "Voluntary Cleanup Program (VCP)", "RN": "RN103135588", "VCP_ID": 2654, "SITE_NAME": "VILLAGE AT PALM CENTER", "PHYS_ADDR": "5110 GRIGGS RD", "ADDR_DESC": null, "CITY": "HOUSTON", "COUNTY": "HARRIS", "ZIP_CODE": "77021", "REGION": "REGION 12 - HOUSTON", "LAT_DD": 29.69761403, "LONG_DD": -95.33861916, "HORZ_METH": "ADDMAT_NUM", "HORZ_ACC": -9999, "HORZ_REF": "OTHER", "HORZ_DATE": "20140310", "HORZ_ORG": "TCEQ", "HORZ_DATUM": "NAD83", "HORZ_DESC": null, "dma_county": "Harris", "tceq_program": "vcp"}}, {"type": "Feature", "id": 1460736, "geometry": {"type": "Point", "coordinates": [-95.247163, 29.730904]}, "properties": {"OBJECTID": 1460736, "REM_PROG": "Voluntary Cleanup Program (VCP)", "RN": "RN102309150", "VCP_ID": 3145, "SITE_NAME": "FORMER NOV GALENA PARK", "PHYS_ADDR": "210 MAGNOLIA DR", "ADDR_DESC": "210 MAGNOLIA DR AND 2200 CLINTON DR", "CITY": "GALENA PARK", "COUNTY": "HARRIS", "ZIP_CODE": "77547", "REGION": "REGION 12 - HOUSTON", "LAT_DD": 29.73089835, "LONG_DD": -95.24715618, "HORZ_METH": "DOQ", "HORZ_ACC": 5, "HORZ_REF": "STRUC_CEN", "HORZ_DATE": "20210510", "HORZ_ORG": "TCEQ", "HORZ_DATUM": "NAD83", "HORZ_DESC": null, "dma_county": "Harris", "tceq_program": "vcp"}}, {"type": "Feature", "id": 1460738, "geometry": {"type": "Point", "coordinates": [-95.063146, 29.904289]}, "properties": {"OBJECTID": 1460738, "REM_PROG": "Voluntary Cleanup Program (VCP)", "RN": "RN102377355", "VCP_ID": 3138, "SITE_NAME": "FM 2100 CROSBY TRACT", "PHYS_ADDR": "15106 FM 2100 RD", "ADDR_DESC": null, "CITY": "CROSBY", "COUNTY": "HARRIS", "ZIP_CODE": "77532", "REGION": "REGION 12 - HOUSTON", "LAT_DD": 29.90428364, "LONG_DD": -95.06313885, "HORZ_METH": "DOQ", "HORZ_ACC": 5, "HORZ_REF": "STRUC_CEN", "HORZ_DATE": "20210419", "HORZ_ORG": "TCEQ", "HORZ_DATUM": "NAD83", "HORZ_DESC": null, "dma_county": "Harris", "tceq_program": "vcp"}}, {"type": "Feature", "id": 1460741, "geometry": {"type": "Point", "coordinates": [-95.40103, 29.698681]}, "properties": {"OBJECTID": 1460741, "REM_PROG": "Voluntary Cleanup Program (VCP)", "RN": "RN100649789", "VCP_ID": 3146, "SITE_NAME": "FORMER DEANS FANNIN CLEANERS", "PHYS_ADDR": "7205 FANNIN ST", "ADDR_DESC": "7205 Fannin St, Houston, TX", "CITY": "HOUSTON", "COUNTY": "HARRIS", "ZIP_CODE": "77030", "REGION": "REGION 12 - HOUSTON", "LAT_DD": 29.69867595, "LONG_DD": -95.4010225, "HORZ_METH": "DOQ", "HORZ_ACC": 5, "HORZ_REF": "STRUC_CEN", "HORZ_DATE": "20210519", "HORZ_ORG": "TCEQ", "HORZ_DATUM": "NAD83", "HORZ_DESC": null, "dma_county": "Harris", "tceq_program": "vcp"}}, {"type": "Feature", "id": 1460744, "geometry": {"type": "Point", "coordinates": [-95.390907, 29.654047]}, "properties": {"OBJECTID": 1460744, "REM_PROG": "Voluntary Cleanup Program (VCP)", "RN": "RN111186029", "VCP_ID": 3149, "SITE_NAME": "2304 REED ROAD", "PHYS_ADDR": "2304 REED RD", "ADDR_DESC": null, "CITY": "HOUSTON", "COUNTY": "HARRIS", "ZIP_CODE": "77051", "REGION": "REGION 12 - HOUSTON", "LAT_DD": 29.65404223, "LONG_DD": -95.39090001, "HORZ_METH": "DOQ", "HORZ_ACC": 5, "HORZ_REF": "FAC_CEN", "HORZ_DATE": "20210525", "HORZ_ORG": "TCEQ", "HORZ_DATUM": "NAD83", "HORZ_DESC": null, "dma_county": "Harris", "tceq_program": "vcp"}}, {"type": "Feature", "id": 1460748, "geometry": {"type": "Point", "coordinates": [-95.44624, 29.854049]}, "properties": {"OBJECTID": 1460748, "REM_PROG": "Voluntary Cleanup Program (VCP)", "RN": "RN103037719", "VCP_ID": 3153, "SITE_NAME": "FORGED VESSEL CONNECTIONS", "PHYS_ADDR": "2525 DE SOTO ST", "ADDR_DESC": "2525 De Soto St, Houston, TX", "CITY": "HOUSTON", "COUNTY": "HARRIS", "ZIP_CODE": "77091", "REGION": "REGION 12 - HOUSTON", "LAT_DD": 29.85404393, "LONG_DD": -95.44623271, "HORZ_METH": "DOQ", "HORZ_ACC": 5, "HORZ_REF": "STRUC_CEN", "HORZ_DATE": "20210607", "HORZ_ORG": "TCEQ", "HORZ_DATUM": "NAD83", "HORZ_DESC": null, "dma_county": "Harris", "tceq_program": "vcp"}}, {"type": "Feature", "id": 1460752, "geometry": {"type": "Point", "coordinates": [-95.409718, 29.630883]}, "properties": {"OBJECTID": 1460752, "REM_PROG": "Voluntary Cleanup Program (VCP)", "RN": "RN101206183", "VCP_ID": 587, "SITE_NAME": "HOUSTON EXPORT CRATING", "PHYS_ADDR": "12317 ALMEDA RD", "ADDR_DESC": "12317 ALAMEDA ROAD", "CITY": "HOUSTON", "COUNTY": "HARRIS", "ZIP_CODE": "77045", "REGION": "REGION 12 - HOUSTON", "LAT_DD": 29.63087811, "LONG_DD": -95.40971078, "HORZ_METH": "ADDMAT_NUM", "HORZ_ACC": -9999, "HORZ_REF": "OTHER", "HORZ_DATE": "19970806", "HORZ_ORG": "TCEQ", "HORZ_DATUM": "NAD83", "HORZ_DESC": null, "dma_county": "Harris", "tceq_program": "vcp"}}, {"type": "Feature", "id": 1460753, "geometry": {"type": "Point", "coordinates": [-95.21637, 29.76962]}, "properties": {"OBJECTID": 1460753, "REM_PROG": "Voluntary Cleanup Program (VCP)", "RN": "RN101052553", "VCP_ID": 366, "SITE_NAME": "12424 EAST FREEWAY", "PHYS_ADDR": "12424 EAST FWY", "ADDR_DESC": "12424 EAST FWY HOUSTON TX", "CITY": "HOUSTON", "COUNTY": "HARRIS", "ZIP_CODE": "77015", "REGION": "REGION 12 - HOUSTON", "LAT_DD": 29.76961495, "LONG_DD": -95.21636299, "HORZ_METH": "ADDMAT_NUM", "HORZ_ACC": -9999, "HORZ_REF": "OTHER", "HORZ_DATE": "19961003", "HORZ_ORG": "TCEQ", "HORZ_DATUM": "NAD83", "HORZ_DESC": null, "dma_county": "Harris", "tceq_program": "vcp"}}, {"type": "Feature", "id": 1460754, "geometry": {"type": "Point", "coordinates": [-95.606052, 29.92173]}, "properties": {"OBJECTID": 1460754, "REM_PROG": "Voluntary Cleanup Program (VCP)", "RN": "RN102409471", "VCP_ID": 1598, "SITE_NAME": "JOHN EAGLE HONDA", "PHYS_ADDR": "12602 FM 1960 RD W", "ADDR_DESC": "NWC CORNER FM 1960 W AND ELDRIDGE", "CITY": "HOUSTON", "COUNTY": "HARRIS", "ZIP_CODE": "77065", "REGION": "REGION 12 - HOUSTON", "LAT_DD": 29.92172437, "LONG_DD": -95.60604513, "HORZ_METH": "ADDMAT_NUM", "HORZ_ACC": -9999, "HORZ_REF": "OTHER", "HORZ_DATE": "20030613", "HORZ_ORG": "TCEQ", "HORZ_DATUM": "NAD83", "HORZ_DESC": null, "dma_county": "Harris", "tceq_program": "vcp"}}, {"type": "Feature", "id": 1460755, "geometry": {"type": "Point", "coordinates": [-95.387921, 29.771211]}, "properties": {"OBJECTID": 1460755, "REM_PROG": "Voluntary Cleanup Program (VCP)", "RN": "RN100865328", "VCP_ID": 1596, "SITE_NAME": "BENJAMIN MOORE", "PHYS_ADDR": "1300 NATIONAL ST", "ADDR_DESC": "NORTH ON COUNTY ROAD 75 US 45 AFTER 1.5 MI TURN LEFT ON WASHINGTON AVE TURN RIGHT ON NATIONAL ST", "CITY": "HOUSTON", "COUNTY": "HARRIS", "ZIP_CODE": "77007", "REGION": "REGION 12 - HOUSTON", "LAT_DD": 29.77120576, "LONG_DD": -95.38791364, "HORZ_METH": "ADDMAT_NUM", "HORZ_ACC": -9999, "HORZ_REF": "OTHER", "HORZ_DATE": "19960923", "HORZ_ORG": "TCEQ", "HORZ_DATUM": "NAD83", "HORZ_DESC": null, "dma_county": "Harris", "tceq_program": "vcp"}}, {"type": "Feature", "id": 1460757, "geometry": {"type": "Point", "coordinates": [-95.606052, 29.92173]}, "properties": {"OBJECTID": 1460757, "REM_PROG": "Voluntary Cleanup Program (VCP)", "RN": "RN102409471", "VCP_ID": 2014, "SITE_NAME": "JOHN EAGLE HONDA", "PHYS_ADDR": "12602 FM 1960 RD W", "ADDR_DESC": "NWC CORNER FM 1960 W AND ELDRIDGE", "CITY": "HOUSTON", "COUNTY": "HARRIS", "ZIP_CODE": "77065", "REGION": "REGION 12 - HOUSTON", "LAT_DD": 29.92172437, "LONG_DD": -95.60604513, "HORZ_METH": "ADDMAT_NUM", "HORZ_ACC": -9999, "HORZ_REF": "OTHER", "HORZ_DATE": "20070103", "HORZ_ORG": "TCEQ", "HORZ_DATUM": "NAD83", "HORZ_DESC": null, "dma_county": "Harris", "tceq_program": "vcp"}}, {"type": "Feature", "id": 1460762, "geometry": {"type": "Point", "coordinates": [-95.387921, 29.771211]}, "properties": {"OBJECTID": 1460762, "REM_PROG": "Voluntary Cleanup Program (VCP)", "RN": "RN100865328", "VCP_ID": 1800, "SITE_NAME": "BENJAMIN MOORE", "PHYS_ADDR": "1300 NATIONAL ST", "ADDR_DESC": "NORTH ON COUNTY ROAD 75 US 45 AFTER 1.5 MI TURN LEFT ON WASHINGTON AVE TURN RIGHT ON NATIONAL ST", "CITY": "HOUSTON", "COUNTY": "HARRIS", "ZIP_CODE": "77007", "REGION": "REGION 12 - HOUSTON", "LAT_DD": 29.77120576, "LONG_DD": -95.38791364, "HORZ_METH": "ADDMAT_NUM", "HORZ_ACC": -9999, "HORZ_REF": "OTHER", "HORZ_DATE": "20050222", "HORZ_ORG": "TCEQ", "HORZ_DATUM": "NAD83", "HORZ_DESC": null, "dma_county": "Harris", "tceq_program": "vcp"}}, {"type": "Feature", "id": 1460765, "geometry": {"type": "Point", "coordinates": [-95.538634, 29.619601]}, "properties": {"OBJECTID": 1460765, "REM_PROG": "Voluntary Cleanup Program (VCP)", "RN": "RN104563531", "VCP_ID": 1799, "SITE_NAME": "STOCK BUILDING SUPPLY", "PHYS_ADDR": "14043 S GESSNER RD", "ADDR_DESC": "NEC OF GESSNER AND HWY 90 INTERSECTION", "CITY": "MISSOURI CITY", "COUNTY": "FORT BEND", "ZIP_CODE": "77489", "REGION": "REGION 12 - HOUSTON", "LAT_DD": 29.61959582, "LONG_DD": -95.53862696, "HORZ_METH": "ADDMAT_NUM", "HORZ_ACC": -9999, "HORZ_REF": "OTHER", "HORZ_DATE": "20050228", "HORZ_ORG": "TCEQ", "HORZ_DATUM": "NAD83", "HORZ_DESC": null, "dma_county": "Fort Bend", "tceq_program": "vcp"}}, {"type": "Feature", "id": 1460767, "geometry": {"type": "Point", "coordinates": [-95.547168, 30.70702]}, "properties": {"OBJECTID": 1460767, "REM_PROG": "Voluntary Cleanup Program (VCP)", "RN": "RN106967185", "VCP_ID": 2621, "SITE_NAME": "FORMER MAGIC WASH WASHATERIA", "PHYS_ADDR": "2423 SAM HOUSTON AVE", "ADDR_DESC": "2423 SAM HOUSTON AVE", "CITY": "HUNTSVILLE", "COUNTY": "WALKER", "ZIP_CODE": "77340", "REGION": "REGION 12 - HOUSTON", "LAT_DD": 30.70701457, "LONG_DD": -95.54716075, "HORZ_METH": "ADDMAT_NUM", "HORZ_ACC": -9999, "HORZ_REF": "OTHER", "HORZ_DATE": "20131022", "HORZ_ORG": "TCEQ", "HORZ_DATUM": "NAD83", "HORZ_DESC": null, "dma_county": "Walker", "tceq_program": "vcp"}}, {"type": "Feature", "id": 1460768, "geometry": {"type": "Point", "coordinates": [-95.546512, 30.706849]}, "properties": {"OBJECTID": 1460768, "REM_PROG": "Voluntary Cleanup Program (VCP)", "RN": "RN102892312", "VCP_ID": 2622, "SITE_NAME": "FORMER J&W MINIT MART 5", "PHYS_ADDR": "2433 SAM HOUSTON AVE", "ADDR_DESC": "NWC OF AVENUE I AND SAM HOUSTON AVENUE HUNTSVILLE TX", "CITY": "HUNTSVILLE", "COUNTY": "WALKER", "ZIP_CODE": "77340", "REGION": "REGION 12 - HOUSTON", "LAT_DD": 30.70684316, "LONG_DD": -95.54650461, "HORZ_METH": "ADDMAT_NUM", "HORZ_ACC": -9999, "HORZ_REF": "OTHER", "HORZ_DATE": "20131022", "HORZ_ORG": "TCEQ", "HORZ_DATUM": "NAD83", "HORZ_DESC": null, "dma_county": "Walker", "tceq_program": "vcp"}}, {"type": "Feature", "id": 1460774, "geometry": {"type": "Point", "coordinates": [-95.156965, 29.675326]}, "properties": {"OBJECTID": 1460774, "REM_PROG": "Voluntary Cleanup Program (VCP)", "RN": "RN101055952", "VCP_ID": 1105, "SITE_NAME": "ADA FABRICATION AND MANUFACTUR", "PHYS_ADDR": "2510 E SAM HOUSTON PKWY S", "ADDR_DESC": "2510 EAST BELTWAY 8", "CITY": "PASADENA", "COUNTY": "HARRIS", "ZIP_CODE": "77503", "REGION": "REGION 12 - HOUSTON", "LAT_DD": 29.67532114, "LONG_DD": -95.15695834, "HORZ_METH": "ADDMAT_NUM", "HORZ_ACC": -9999, "HORZ_REF": "OTHER", "HORZ_DATE": "19991223", "HORZ_ORG": "TCEQ", "HORZ_DATUM": "NAD83", "HORZ_DESC": null, "dma_county": "Harris", "tceq_program": "vcp"}}, {"type": "Feature", "id": 1460777, "geometry": {"type": "Point", "coordinates": [-95.318254, 29.764871]}, "properties": {"OBJECTID": 1460777, "REM_PROG": "Voluntary Cleanup Program (VCP)", "RN": "RN100667013", "VCP_ID": 1763, "SITE_NAME": "EARLE M JORGENSEN", "PHYS_ADDR": "5311 CLINTON DR", "ADDR_DESC": "1/4 MI SOUTH OF IH-10", "CITY": "HOUSTON", "COUNTY": "HARRIS", "ZIP_CODE": "77020", "REGION": "REGION 12 - HOUSTON", "LAT_DD": 29.76486602, "LONG_DD": -95.31824703, "HORZ_METH": "ADDMAT_NUM", "HORZ_ACC": -9999, "HORZ_REF": "OTHER", "HORZ_DATE": "20041209", "HORZ_ORG": "TCEQ", "HORZ_DATUM": "NAD83", "HORZ_DESC": null, "dma_county": "Harris", "tceq_program": "vcp"}}, {"type": "Feature", "id": 1460780, "geometry": {"type": "Point", "coordinates": [-95.504156, 29.85122]}, "properties": {"OBJECTID": 1460780, "REM_PROG": "Voluntary Cleanup Program (VCP)", "RN": "RN100571421", "VCP_ID": 2617, "SITE_NAME": "HOLLISTER CLEANERS", "PHYS_ADDR": "5770 HOLLISTER ST STE 8", "ADDR_DESC": "5770 Hollister, Ste 8, Houston, TX", "CITY": "HOUSTON", "COUNTY": "HARRIS", "ZIP_CODE": "77040", "REGION": "REGION 12 - HOUSTON", "LAT_DD": 29.85121433, "LONG_DD": -95.50414884, "HORZ_METH": "ADDMAT_NUM", "HORZ_ACC": -9999, "HORZ_REF": "OTHER", "HORZ_DATE": "20131009", "HORZ_ORG": "TCEQ", "HORZ_DATUM": "NAD83", "HORZ_DESC": null, "dma_county": "Harris", "tceq_program": "vcp"}}, {"type": "Feature", "id": 1460787, "geometry": {"type": "Point", "coordinates": [-95.201829, 29.727578]}, "properties": {"OBJECTID": 1460787, "REM_PROG": "Voluntary Cleanup Program (VCP)", "RN": "RN100224815", "VCP_ID": 160, "SITE_NAME": "GATX PASADENA TERMINAL - CENTR", "PHYS_ADDR": "530 WITTER ST", "ADDR_DESC": "530 NORTH WITTER", "CITY": "PASADENA", "COUNTY": "HARRIS", "ZIP_CODE": "77506", "REGION": "REGION 12 - HOUSTON", "LAT_DD": 29.72757267, "LONG_DD": -95.20182231, "HORZ_METH": "ADDMAT_NUM", "HORZ_ACC": -9999, "HORZ_REF": "OTHER", "HORZ_DATE": "19960722", "HORZ_ORG": "TCEQ", "HORZ_DATUM": "NAD83", "HORZ_DESC": null, "dma_county": "Harris", "tceq_program": "vcp"}}, {"type": "Feature", "id": 1460790, "geometry": {"type": "Point", "coordinates": [-95.417029, 29.771353]}, "properties": {"OBJECTID": 1460790, "REM_PROG": "Voluntary Cleanup Program (VCP)", "RN": "RN101055093", "VCP_ID": 2648, "SITE_NAME": "FORMER LEROYS AUTO PARTS", "PHYS_ADDR": "5430 WASHINGTON AVE", "ADDR_DESC": "5430 WASHINGTON AVENUE", "CITY": "HOUSTON", "COUNTY": "HARRIS", "ZIP_CODE": "77007", "REGION": "REGION 12 - HOUSTON", "LAT_DD": 29.77134821, "LONG_DD": -95.41702223, "HORZ_METH": "ADDMAT_NUM", "HORZ_ACC": -9999, "HORZ_REF": "OTHER", "HORZ_DATE": "20140219", "HORZ_ORG": "TCEQ", "HORZ_DATUM": "NAD83", "HORZ_DESC": null, "dma_county": "Harris", "tceq_program": "vcp"}}, {"type": "Feature", "id": 1460791, "geometry": {"type": "Point", "coordinates": [-95.417029, 29.771353]}, "properties": {"OBJECTID": 1460791, "REM_PROG": "Voluntary Cleanup Program (VCP)", "RN": "RN101055093", "VCP_ID": 1140, "SITE_NAME": "FORMER LEROY AUTO PARTS", "PHYS_ADDR": "5430 WASHINGTON AVE", "ADDR_DESC": "5430 WASHINGTON AVENUE", "CITY": "HOUSTON", "COUNTY": "HARRIS", "ZIP_CODE": "77007", "REGION": "REGION 12 - HOUSTON", "LAT_DD": 29.77134821, "LONG_DD": -95.41702223, "HORZ_METH": "ADDMAT_NUM", "HORZ_ACC": -9999, "HORZ_REF": "OTHER", "HORZ_DATE": "20000210", "HORZ_ORG": "TCEQ", "HORZ_DATUM": "NAD83", "HORZ_DESC": null, "dma_county": "Harris", "tceq_program": "vcp"}}, {"type": "Feature", "id": 1460796, "geometry": {"type": "Point", "coordinates": [-95.441429, 29.721745]}, "properties": {"OBJECTID": 1460796, "REM_PROG": "Voluntary Cleanup Program (VCP)", "RN": "RN101054765", "VCP_ID": 43, "SITE_NAME": "WESLAYAN PLAZA SHOPPING CENTER", "PHYS_ADDR": "5600 WESLAYAN ST", "ADDR_DESC": "WESLAYAN STREET BISSONNET STREET", "CITY": "HOUSTON", "COUNTY": "HARRIS", "ZIP_CODE": "77005", "REGION": "REGION 12 - HOUSTON", "LAT_DD": 29.72173979, "LONG_DD": -95.4414222, "HORZ_METH": "ADDMAT_NUM", "HORZ_ACC": -9999, "HORZ_REF": "OTHER", "HORZ_DATE": "19951025", "HORZ_ORG": "TCEQ", "HORZ_DATUM": "NAD83", "HORZ_DESC": null, "dma_county": "Harris", "tceq_program": "vcp"}}, {"type": "Feature", "id": 1460800, "geometry": {"type": "Point", "coordinates": [-95.600503, 30.031804]}, "properties": {"OBJECTID": 1460800, "REM_PROG": "Voluntary Cleanup Program (VCP)", "RN": "RN107707051", "VCP_ID": 3175, "SITE_NAME": "24030 TOMBALL PKWY SITE", "PHYS_ADDR": "24030 TOMBALL PKWY", "ADDR_DESC": null, "CITY": "TOMBALL", "COUNTY": "HARRIS", "ZIP_CODE": "77375", "REGION": "REGION 12 - HOUSTON", "LAT_DD": 30.03179917, "LONG_DD": -95.60049629, "HORZ_METH": "DOQ", "HORZ_ACC": 5, "HORZ_REF": "STRUC_CEN", "HORZ_DATE": "20210909", "HORZ_ORG": "TCEQ", "HORZ_DATUM": "NAD83", "HORZ_DESC": null, "dma_county": "Harris", "tceq_program": "vcp"}}, {"type": "Feature", "id": 1460803, "geometry": {"type": "Point", "coordinates": [-95.436368, 29.785173]}, "properties": {"OBJECTID": 1460803, "REM_PROG": "Voluntary Cleanup Program (VCP)", "RN": "RN100871516", "VCP_ID": 3154, "SITE_NAME": "FORMER UNION PACIFIC RAIL LINE ROW", "PHYS_ADDR": "8300 HEMPSTEAD RD", "ADDR_DESC": "8300 HEMPSTEAD RD", "CITY": "HOUSTON", "COUNTY": "HARRIS", "ZIP_CODE": "77008", "REGION": "REGION 12 - HOUSTON", "LAT_DD": 29.7851674, "LONG_DD": -95.43636119, "HORZ_METH": "DOQ", "HORZ_ACC": 5, "HORZ_REF": "FAC_CEN", "HORZ_DATE": "20210624", "HORZ_ORG": "TCEQ", "HORZ_DATUM": "NAD83", "HORZ_DESC": null, "dma_county": "Harris", "tceq_program": "vcp"}}, {"type": "Feature", "id": 1460809, "geometry": {"type": "Point", "coordinates": [-95.392974, 29.677613]}, "properties": {"OBJECTID": 1460809, "REM_PROG": "Voluntary Cleanup Program (VCP)", "RN": "RN103026498", "VCP_ID": 3158, "SITE_NAME": "8821 E ALMEDA ROAD", "PHYS_ADDR": "8821 ALMEDA RD", "ADDR_DESC": null, "CITY": "HOUSTON", "COUNTY": "HARRIS", "ZIP_CODE": "77054", "REGION": "REGION 12 - HOUSTON", "LAT_DD": 29.67760767, "LONG_DD": -95.39296739, "HORZ_METH": "DOQ", "HORZ_ACC": 5, "HORZ_REF": "FAC_CEN", "HORZ_DATE": "20210719", "HORZ_ORG": "TCEQ", "HORZ_DATUM": "NAD83", "HORZ_DESC": null, "dma_county": "Harris", "tceq_program": "vcp"}}, {"type": "Feature", "id": 1460819, "geometry": {"type": "Point", "coordinates": [-95.40569, 29.589964]}, "properties": {"OBJECTID": 1460819, "REM_PROG": "Voluntary Cleanup Program (VCP)", "RN": "RN100664994", "VCP_ID": 1488, "SITE_NAME": "SPECIALTY CHEMICALS MANUFACTURING", "PHYS_ADDR": "14822 HOOPER RD", "ADDR_DESC": "14822 Hooper Rd, Houston, TX", "CITY": "HOUSTON", "COUNTY": "HARRIS", "ZIP_CODE": "77047", "REGION": "REGION 12 - HOUSTON", "LAT_DD": 29.589959, "LONG_DD": -95.40568302, "HORZ_METH": "ADDMAT_NUM", "HORZ_ACC": -9999, "HORZ_REF": "OTHER", "HORZ_DATE": "20020703", "HORZ_ORG": "TCEQ", "HORZ_DATUM": "NAD83", "HORZ_DESC": null, "dma_county": "Harris", "tceq_program": "vcp"}}, {"type": "Feature", "id": 1460840, "geometry": {"type": "Point", "coordinates": [-95.24848, 29.632413]}, "properties": {"OBJECTID": 1460840, "REM_PROG": "Voluntary Cleanup Program (VCP)", "RN": "RN102952785", "VCP_ID": 2793, "SITE_NAME": "UPAP EASTHAVEN", "PHYS_ADDR": "9520 EASTHAVEN BLVD", "ADDR_DESC": "EXIT I-45 AT CLEARWOOD HEAD S ON CLEARWOOD UNTIL EASTHAVEN TURN RIGHT ON EASTHAVEN", "CITY": "HOUSTON", "COUNTY": "HARRIS", "ZIP_CODE": "77075", "REGION": "REGION 12 - HOUSTON", "LAT_DD": 29.63240823, "LONG_DD": -95.24847322, "HORZ_METH": "ADDMAT_NUM", "HORZ_ACC": -9999, "HORZ_REF": "OTHER", "HORZ_DATE": "20151118", "HORZ_ORG": "TCEQ", "HORZ_DATUM": "NAD83", "HORZ_DESC": null, "dma_county": "Harris", "tceq_program": "vcp"}}, {"type": "Feature", "id": 1460843, "geometry": {"type": "Point", "coordinates": [-95.441429, 29.721745]}, "properties": {"OBJECTID": 1460843, "REM_PROG": "Voluntary Cleanup Program (VCP)", "RN": "RN101054765", "VCP_ID": 779, "SITE_NAME": "WESLAYAN PLAZA EAST", "PHYS_ADDR": "5600 WESLAYAN ST", "ADDR_DESC": "WESLAYAN STREET @ BISSONNET STREET", "CITY": "HOUSTON", "COUNTY": "HARRIS", "ZIP_CODE": "77005", "REGION": "REGION 12 - HOUSTON", "LAT_DD": 29.72173979, "LONG_DD": -95.4414222, "HORZ_METH": "ADDMAT_NUM", "HORZ_ACC": -9999, "HORZ_REF": "OTHER", "HORZ_DATE": "19980527", "HORZ_ORG": "TCEQ", "HORZ_DATUM": "NAD83", "HORZ_DESC": null, "dma_county": "Harris", "tceq_program": "vcp"}}, {"type": "Feature", "id": 1460844, "geometry": {"type": "Point", "coordinates": [-95.441429, 29.721745]}, "properties": {"OBJECTID": 1460844, "REM_PROG": "Voluntary Cleanup Program (VCP)", "RN": "RN101054765", "VCP_ID": 621, "SITE_NAME": "WESLAYAN PLAZA - WEST", "PHYS_ADDR": "5600 WESLAYAN ST", "ADDR_DESC": "WESLAYAN AT BISSONNET", "CITY": "HOUSTON", "COUNTY": "HARRIS", "ZIP_CODE": "77005", "REGION": "REGION 12 - HOUSTON", "LAT_DD": 29.72173979, "LONG_DD": -95.4414222, "HORZ_METH": "ADDMAT_NUM", "HORZ_ACC": -9999, "HORZ_REF": "OTHER", "HORZ_DATE": "19970930", "HORZ_ORG": "TCEQ", "HORZ_DATUM": "NAD83", "HORZ_DESC": null, "dma_county": "Harris", "tceq_program": "vcp"}}, {"type": "Feature", "id": 1460845, "geometry": {"type": "Point", "coordinates": [-95.472544, 29.813056]}, "properties": {"OBJECTID": 1460845, "REM_PROG": "Voluntary Cleanup Program (VCP)", "RN": "RN101055663", "VCP_ID": 1214, "SITE_NAME": "ABLE GARAGE DOOR MANUFACTURING", "PHYS_ADDR": "5707 MITCHELLDALE ST", "ADDR_DESC": "5707 MITCHELLDALE", "CITY": "HOUSTON", "COUNTY": "HARRIS", "ZIP_CODE": "77092", "REGION": "REGION 12 - HOUSTON", "LAT_DD": 29.81305069, "LONG_DD": -95.47253716, "HORZ_METH": "ADDMAT_NUM", "HORZ_ACC": -9999, "HORZ_REF": "OTHER", "HORZ_DATE": "20000515", "HORZ_ORG": "TCEQ", "HORZ_DATUM": "NAD83", "HORZ_DESC": null, "dma_county": "Harris", "tceq_program": "vcp"}}, {"type": "Feature", "id": 1460848, "geometry": {"type": "Point", "coordinates": [-95.307239, 29.681939]}, "properties": {"OBJECTID": 1460848, "REM_PROG": "Voluntary Cleanup Program (VCP)", "RN": "RN101055622", "VCP_ID": 293, "SITE_NAME": "PHILLIPS CRANE AND RIGGING", "PHYS_ADDR": "5720 WALTRIP ST", "ADDR_DESC": "5720-5727 WALTRIP", "CITY": "HOUSTON", "COUNTY": "HARRIS", "ZIP_CODE": "77087", "REGION": "REGION 12 - HOUSTON", "LAT_DD": 29.68193377, "LONG_DD": -95.30723247, "HORZ_METH": "ADDMAT_NUM", "HORZ_ACC": -9999, "HORZ_REF": "OTHER", "HORZ_DATE": "19960712", "HORZ_ORG": "TCEQ", "HORZ_DATUM": "NAD83", "HORZ_DESC": null, "dma_county": "Harris", "tceq_program": "vcp"}}, {"type": "Feature", "id": 1460850, "geometry": {"type": "Point", "coordinates": [-94.839127, 29.286085]}, "properties": {"OBJECTID": 1460850, "REM_PROG": "Voluntary Cleanup Program (VCP)", "RN": "RN105415228", "VCP_ID": 2132, "SITE_NAME": "GALVEZ MALL OUTPARCEL", "PHYS_ADDR": "6236 AVENUE J", "ADDR_DESC": "NWC OF 61ST ST AND I 45 BETWEEN 6228 AVE J AND 6328 AVE J", "CITY": "GALVESTON", "COUNTY": "GALVESTON", "ZIP_CODE": "77551", "REGION": "REGION 12 - HOUSTON", "LAT_DD": 29.28607997, "LONG_DD": -94.83911994, "HORZ_METH": "ADDMAT_NUM", "HORZ_ACC": -9999, "HORZ_REF": "OTHER", "HORZ_DATE": "20080111", "HORZ_ORG": "TCEQ", "HORZ_DATUM": "NAD83", "HORZ_DESC": null, "dma_county": "Galveston", "tceq_program": "vcp"}}, {"type": "Feature", "id": 1460856, "geometry": {"type": "Point", "coordinates": [-95.475869, 29.707251]}, "properties": {"OBJECTID": 1460856, "REM_PROG": "Voluntary Cleanup Program (VCP)", "RN": "RN101042299", "VCP_ID": 61, "SITE_NAME": "PILGRIM CLEANERS 11", "PHYS_ADDR": "6701 CHIMNEY ROCK RD", "ADDR_DESC": null, "CITY": "BELLAIRE", "COUNTY": "HARRIS", "ZIP_CODE": "77401", "REGION": "REGION 12 - HOUSTON", "LAT_DD": 29.70724576, "LONG_DD": -95.47586168, "HORZ_METH": "ADDMAT_NUM", "HORZ_ACC": -9999, "HORZ_REF": "OTHER", "HORZ_DATE": "19951214", "HORZ_ORG": "TCEQ", "HORZ_DATUM": "NAD83", "HORZ_DESC": null, "dma_county": "Harris", "tceq_program": "vcp"}}, {"type": "Feature", "id": 1460857, "geometry": {"type": "Point", "coordinates": [-95.495239, 29.858597]}, "properties": {"OBJECTID": 1460857, "REM_PROG": "Voluntary Cleanup Program (VCP)", "RN": "RN100563824", "VCP_ID": 1147, "SITE_NAME": "LB FOSTER HOUSTON", "PHYS_ADDR": "6500 LANGFIELD RD", "ADDR_DESC": "6500 LANGFIELD RD HOUSTON TX", "CITY": "HOUSTON", "COUNTY": "HARRIS", "ZIP_CODE": "77092", "REGION": "REGION 12 - HOUSTON", "LAT_DD": 29.85859183, "LONG_DD": -95.49523217, "HORZ_METH": "ADDMAT_NUM", "HORZ_ACC": -9999, "HORZ_REF": "OTHER", "HORZ_DATE": "20000222", "HORZ_ORG": "TCEQ", "HORZ_DATUM": "NAD83", "HORZ_DESC": null, "dma_county": "Harris", "tceq_program": "vcp"}}, {"type": "Feature", "id": 1460859, "geometry": {"type": "Point", "coordinates": [-95.309761, 29.746474]}, "properties": {"OBJECTID": 1460859, "REM_PROG": "Voluntary Cleanup Program (VCP)", "RN": "RN100557453", "VCP_ID": 3168, "SITE_NAME": "6300 NAVIGATION BLVD PROPERTIES", "PHYS_ADDR": "6230 NAVIGATION BLVD", "ADDR_DESC": "6418 ESPERSON ST AND 6300 NAVIGATION BLVD", "CITY": "HOUSTON", "COUNTY": "HARRIS", "ZIP_CODE": "77011", "REGION": "REGION 12 - HOUSTON", "LAT_DD": 29.74646888, "LONG_DD": -95.30975394, "HORZ_METH": "DOQ", "HORZ_ACC": 5, "HORZ_REF": "STRUC_CEN", "HORZ_DATE": "20210825", "HORZ_ORG": "TCEQ", "HORZ_DATUM": "NAD83", "HORZ_DESC": null, "dma_county": "Harris", "tceq_program": "vcp"}}, {"type": "Feature", "id": 1460878, "geometry": {"type": "Point", "coordinates": [-95.364192, 29.871789]}, "properties": {"OBJECTID": 1460878, "REM_PROG": "Voluntary Cleanup Program (VCP)", "RN": "RN105367874", "VCP_ID": 2107, "SITE_NAME": "LITTLE YORK PLAZA MIRACLE WHITE CLEANERS", "PHYS_ADDR": "1545 LITTLE YORK RD", "ADDR_DESC": "INTERSECTION OF LITTLE YORK AND HARDY TOLL RD", "CITY": "HOUSTON", "COUNTY": "HARRIS", "ZIP_CODE": "77093", "REGION": "REGION 12 - HOUSTON", "LAT_DD": 29.87178378, "LONG_DD": -95.36418543, "HORZ_METH": "ADDMAT_NUM", "HORZ_ACC": -9999, "HORZ_REF": "OTHER", "HORZ_DATE": "20071018", "HORZ_ORG": "TCEQ", "HORZ_DATUM": "NAD83", "HORZ_DESC": null, "dma_county": "Harris", "tceq_program": "vcp"}}, {"type": "Feature", "id": 1460887, "geometry": {"type": "Point", "coordinates": [-96.419045, 30.182365]}, "properties": {"OBJECTID": 1460887, "REM_PROG": "Voluntary Cleanup Program (VCP)", "RN": "RN101618395", "VCP_ID": 1327, "SITE_NAME": "STEEL RECYCLING/FABRICATION", "PHYS_ADDR": "1709 HIGHWAY 36 N", "ADDR_DESC": "1709 HIGHWAY 36 N BRENHAM TX 77833 9135", "CITY": "BRENHAM", "COUNTY": "WASHINGTON", "ZIP_CODE": "77833", "REGION": "REGION 09 - WACO", "LAT_DD": 30.1823594, "LONG_DD": -96.41903802, "HORZ_METH": "ADDMAT_NUM", "HORZ_ACC": -9999, "HORZ_REF": "OTHER", "HORZ_DATE": "20010307", "HORZ_ORG": "TCEQ", "HORZ_DATUM": "NAD83", "HORZ_DESC": null, "dma_county": "Washington", "tceq_program": "vcp"}}, {"type": "Feature", "id": 1460894, "geometry": {"type": "Point", "coordinates": [-95.294387, 28.95807]}, "properties": {"OBJECTID": 1460894, "REM_PROG": "Voluntary Cleanup Program (VCP)", "RN": "RN100682921", "VCP_ID": 2034, "SITE_NAME": "TESORO MARINE SERVICES FREEPORT NO 1", "PHYS_ADDR": "1018 TARPON LN", "ADDR_DESC": "OLD FERRY RD AKA AS TARPON LN", "CITY": "FREEPORT", "COUNTY": "BRAZORIA", "ZIP_CODE": "77541", "REGION": "REGION 12 - HOUSTON", "LAT_DD": 28.95806534, "LONG_DD": -95.29438032, "HORZ_METH": "ADDMAT_NUM", "HORZ_ACC": -9999, "HORZ_REF": "OTHER", "HORZ_DATE": "20070227", "HORZ_ORG": "TCEQ", "HORZ_DATUM": "NAD83", "HORZ_DESC": null, "dma_county": "Brazoria", "tceq_program": "vcp"}}, {"type": "Feature", "id": 1460898, "geometry": {"type": "Point", "coordinates": [-95.316302, 29.766033]}, "properties": {"OBJECTID": 1460898, "REM_PROG": "Voluntary Cleanup Program (VCP)", "RN": "RN100598473", "VCP_ID": 885, "SITE_NAME": "RHEEM MANUFACTURING FACILITY", "PHYS_ADDR": "1025 LOCKWOOD DR", "ADDR_DESC": "1025 LOCKWOOD DRIVE", "CITY": "HOUSTON", "COUNTY": "HARRIS", "ZIP_CODE": "77020", "REGION": "REGION 12 - HOUSTON", "LAT_DD": 29.76602737, "LONG_DD": -95.3162948, "HORZ_METH": "ADDMAT_NUM", "HORZ_ACC": -9999, "HORZ_REF": "OTHER", "HORZ_DATE": "19981204", "HORZ_ORG": "TCEQ", "HORZ_DATUM": "NAD83", "HORZ_DESC": null, "dma_county": "Harris", "tceq_program": "vcp"}}, {"type": "Feature", "id": 1460901, "geometry": {"type": "Point", "coordinates": [-95.183682, 29.743579]}, "properties": {"OBJECTID": 1460901, "REM_PROG": "Voluntary Cleanup Program (VCP)", "RN": "RN100861012", "VCP_ID": 2179, "SITE_NAME": "GREEN EARTH PROCESSING", "PHYS_ADDR": "1050 JEFFERSON ROAD", "ADDR_DESC": "1050 JEFFERSON ROAD PASADENA TX", "CITY": "PASADENA", "COUNTY": "HARRIS", "ZIP_CODE": "77506", "REGION": "REGION 12 - HOUSTON", "LAT_DD": 29.7435741, "LONG_DD": -95.18367482, "HORZ_METH": "ADDMAT_NUM", "HORZ_ACC": -9999, "HORZ_REF": "OTHER", "HORZ_DATE": "20080603", "HORZ_ORG": "TCEQ", "HORZ_DATUM": "NAD83", "HORZ_DESC": null, "dma_county": "Harris", "tceq_program": "vcp"}}, {"type": "Feature", "id": 1460903, "geometry": {"type": "Point", "coordinates": [-95.21814, 29.778407]}, "properties": {"OBJECTID": 1460903, "REM_PROG": "Voluntary Cleanup Program (VCP)", "RN": "RN101054377", "VCP_ID": 303, "SITE_NAME": "TUNEUP MASTERS STORE NO. 909", "PHYS_ADDR": "665 MAXEY RD", "ADDR_DESC": "665 MAXEY ROAD AKA TUNEUP MASTERS STORE 909", "CITY": "HOUSTON", "COUNTY": "HARRIS", "ZIP_CODE": "77013", "REGION": "REGION 12 - HOUSTON", "LAT_DD": 29.77840187, "LONG_DD": -95.21813316, "HORZ_METH": "ADDMAT_NUM", "HORZ_ACC": -9999, "HORZ_REF": "OTHER", "HORZ_DATE": "19960730", "HORZ_ORG": "TCEQ", "HORZ_DATUM": "NAD83", "HORZ_DESC": null, "dma_county": "Harris", "tceq_program": "vcp"}}, {"type": "Feature", "id": 1460904, "geometry": {"type": "Point", "coordinates": [-95.303448, 29.794071]}, "properties": {"OBJECTID": 1460904, "REM_PROG": "Voluntary Cleanup Program (VCP)", "RN": "RN100910470", "VCP_ID": 1130, "SITE_NAME": "LIBERTY YARD", "PHYS_ADDR": "6519 LIBERTY RD", "ADDR_DESC": "6519 LIBERTY RD", "CITY": "HOUSTON", "COUNTY": "HARRIS", "ZIP_CODE": "77028", "REGION": "REGION 12 - HOUSTON", "LAT_DD": 29.79406559, "LONG_DD": -95.30344115, "HORZ_METH": "ADDMAT_NUM", "HORZ_ACC": -9999, "HORZ_REF": "OTHER", "HORZ_DATE": "20000201", "HORZ_ORG": "TCEQ", "HORZ_DATUM": "NAD83", "HORZ_DESC": null, "dma_county": "Harris", "tceq_program": "vcp"}}, {"type": "Feature", "id": 1460910, "geometry": {"type": "Point", "coordinates": [-95.439884, 29.707075]}, "properties": {"OBJECTID": 1460910, "REM_PROG": "Voluntary Cleanup Program (VCP)", "RN": "RN102485471", "VCP_ID": 117, "SITE_NAME": "PILGRIM CLEANERS - STELLA LINK", "PHYS_ADDR": "6723 STELLA LINK RD", "ADDR_DESC": "6723 STELLA LINK", "CITY": "HOUSTON", "COUNTY": "HARRIS", "ZIP_CODE": "77005", "REGION": "REGION 12 - HOUSTON", "LAT_DD": 29.70706961, "LONG_DD": -95.43987691, "HORZ_METH": "ADDMAT_NUM", "HORZ_ACC": -9999, "HORZ_REF": "OTHER", "HORZ_DATE": "19951214", "HORZ_ORG": "TCEQ", "HORZ_DATUM": "NAD83", "HORZ_DESC": null, "dma_county": "Harris", "tceq_program": "vcp"}}, {"type": "Feature", "id": 1460916, "geometry": {"type": "Point", "coordinates": [-95.357312, 29.683377]}, "properties": {"OBJECTID": 1460916, "REM_PROG": "Voluntary Cleanup Program (VCP)", "RN": "RN102954633", "VCP_ID": 1539, "SITE_NAME": "CULLEN HOLMES PROPERTY", "PHYS_ADDR": "7224 CULLEN BLVD", "ADDR_DESC": null, "CITY": "HOUSTON", "COUNTY": "HARRIS", "ZIP_CODE": "77021", "REGION": "REGION 12 - HOUSTON", "LAT_DD": 29.68337141, "LONG_DD": -95.35730519, "HORZ_METH": "ADDMAT_NUM", "HORZ_ACC": -9999, "HORZ_REF": "OTHER", "HORZ_DATE": "20021206", "HORZ_ORG": "TCEQ", "HORZ_DATUM": "NAD83", "HORZ_DESC": null, "dma_county": "Harris", "tceq_program": "vcp"}}, {"type": "Feature", "id": 1460920, "geometry": {"type": "Point", "coordinates": [-95.354094, 29.761819]}, "properties": {"OBJECTID": 1460920, "REM_PROG": "Voluntary Cleanup Program (VCP)", "RN": "RN111374617", "VCP_ID": 3189, "SITE_NAME": "HOUSTON GAS PROPERTY", "PHYS_ADDR": "1505 COMMERCE ST", "ADDR_DESC": null, "CITY": "HOUSTON", "COUNTY": "HARRIS", "ZIP_CODE": "77002", "REGION": "REGION 12 - HOUSTON", "LAT_DD": 29.76181343, "LONG_DD": -95.3540865, "HORZ_METH": "DOQ", "HORZ_ACC": 5, "HORZ_REF": "STRUC_CEN", "HORZ_DATE": "20211105", "HORZ_ORG": "TCEQ", "HORZ_DATUM": "NAD83", "HORZ_DESC": null, "dma_county": "Harris", "tceq_program": "vcp"}}, {"type": "Feature", "id": 1460922, "geometry": {"type": "Point", "coordinates": [-95.334762, 29.76101]}, "properties": {"OBJECTID": 1460922, "REM_PROG": "Voluntary Cleanup Program (VCP)", "RN": "RN111380580", "VCP_ID": 3193, "SITE_NAME": "BBP VELASCO NORTH SITE", "PHYS_ADDR": null, "ADDR_DESC": "BLOCKS 10 AND 11 0 N VELASCO ST HOUSTON TX", "CITY": "HOUSTON", "COUNTY": "HARRIS", "ZIP_CODE": null, "REGION": "REGION 12 - HOUSTON", "LAT_DD": 29.76100483, "LONG_DD": -95.33475547, "HORZ_METH": "DOQ", "HORZ_ACC": 5, "HORZ_REF": "OTHER", "HORZ_DATE": "20211118", "HORZ_ORG": "TCEQ", "HORZ_DATUM": "NAD83", "HORZ_DESC": "BBP Velasco North, LLC", "dma_county": "Harris", "tceq_program": "vcp"}}, {"type": "Feature", "id": 1460929, "geometry": {"type": "Point", "coordinates": [-96.076875, 30.614259]}, "properties": {"OBJECTID": 1460929, "REM_PROG": "Voluntary Cleanup Program (VCP)", "RN": "RN111395034", "VCP_ID": 3195, "SITE_NAME": "GIBBONS CREEK PARCEL 4", "PHYS_ADDR": null, "ADDR_DESC": "S 0.34 MI FROM INTERSECTION OF FM 174 AND FM 244 TURN E AND 1.6 MI DOWN PROPERTY IS ON S SIDE OF RD", "CITY": "IOLA", "COUNTY": "GRIMES", "ZIP_CODE": null, "REGION": "REGION 09 - WACO", "LAT_DD": 30.61425402, "LONG_DD": -96.07686799, "HORZ_METH": "DOQ", "HORZ_ACC": 5, "HORZ_REF": "OTHER", "HORZ_DATE": "20211124", "HORZ_ORG": "TCEQ", "HORZ_DATUM": "NAD83", "HORZ_DESC": null, "dma_county": "Grimes", "tceq_program": "vcp"}}, {"type": "Feature", "id": 1460930, "geometry": {"type": "Point", "coordinates": [-96.084696, 30.620368]}, "properties": {"OBJECTID": 1460930, "REM_PROG": "Voluntary Cleanup Program (VCP)", "RN": "RN111395075", "VCP_ID": 3196, "SITE_NAME": "GIBBONS CREEK PARCEL 3", "PHYS_ADDR": null, "ADDR_DESC": "S 0.34 MI FROM INTERSECTION OF FM 174 AND FM 244 TURN E AND 1.1 MI DOWN PROPERTY IS ON S SIDE OF RD", "CITY": "IOLA", "COUNTY": "GRIMES", "ZIP_CODE": null, "REGION": "REGION 09 - WACO", "LAT_DD": 30.62036253, "LONG_DD": -96.08468921, "HORZ_METH": "DOQ", "HORZ_ACC": 5, "HORZ_REF": "OTHER", "HORZ_DATE": "20211124", "HORZ_ORG": "TCEQ", "HORZ_DATUM": "NAD83", "HORZ_DESC": null, "dma_county": "Grimes", "tceq_program": "vcp"}}, {"type": "Feature", "id": 1460931, "geometry": {"type": "Point", "coordinates": [-96.08181, 30.619743]}, "properties": {"OBJECTID": 1460931, "REM_PROG": "Voluntary Cleanup Program (VCP)", "RN": "RN111395133", "VCP_ID": 3197, "SITE_NAME": "GIBBONS CREEK PARCEL 2", "PHYS_ADDR": null, "ADDR_DESC": "S 0.34 MI FROM INTERSECTION OF FM 174 AND FM 244 TURN E AND 1.0 MI DOWN PROPERTY IS ON S SIDE OF RD", "CITY": "IOLA", "COUNTY": "GRIMES", "ZIP_CODE": null, "REGION": "REGION 09 - WACO", "LAT_DD": 30.61973743, "LONG_DD": -96.08180237, "HORZ_METH": "DOQ", "HORZ_ACC": 5, "HORZ_REF": "OTHER", "HORZ_DATE": "20211124", "HORZ_ORG": "TCEQ", "HORZ_DATUM": "NAD83", "HORZ_DESC": null, "dma_county": "Grimes", "tceq_program": "vcp"}}, {"type": "Feature", "id": 1460936, "geometry": {"type": "Point", "coordinates": [-95.235673, 29.510357]}, "properties": {"OBJECTID": 1460936, "REM_PROG": "Voluntary Cleanup Program (VCP)", "RN": "RN102326501", "VCP_ID": 1498, "SITE_NAME": "LUBRICATING OILS STORAGE/REPACKAGING", "PHYS_ADDR": "18410 W CLOVER LANE", "ADDR_DESC": "18410 W Clover Lane, Friendswood, TX", "CITY": "FRIENDSWOOD", "COUNTY": "GALVESTON", "ZIP_CODE": "77546", "REGION": "REGION 12 - HOUSTON", "LAT_DD": 29.5103518, "LONG_DD": -95.2356661, "HORZ_METH": "ADDMAT_NUM", "HORZ_ACC": -9999, "HORZ_REF": "OTHER", "HORZ_DATE": "20020729", "HORZ_ORG": "TCEQ", "HORZ_DATUM": "NAD83", "HORZ_DESC": null, "dma_county": "Brazoria", "tceq_program": "vcp"}}, {"type": "Feature", "id": 1460938, "geometry": {"type": "Point", "coordinates": [-95.026295, 29.569033]}, "properties": {"OBJECTID": 1460938, "REM_PROG": "Voluntary Cleanup Program (VCP)", "RN": "RN101054336", "VCP_ID": 1400, "SITE_NAME": "BAYPORT PROFESSIONAL BLDG", "PHYS_ADDR": "1902 BAYPORT BLVD", "ADDR_DESC": null, "CITY": "SEABROOK", "COUNTY": "HARRIS", "ZIP_CODE": "77586", "REGION": "REGION 12 - HOUSTON", "LAT_DD": 29.56902801, "LONG_DD": -95.02628799, "HORZ_METH": "ADDMAT_NUM", "HORZ_ACC": -9999, "HORZ_REF": "OTHER", "HORZ_DATE": "20011012", "HORZ_ORG": "TCEQ", "HORZ_DATUM": "NAD83", "HORZ_DESC": null, "dma_county": "Harris", "tceq_program": "vcp"}}, {"type": "Feature", "id": 1460943, "geometry": {"type": "Point", "coordinates": [-95.456718, 29.748789]}, "properties": {"OBJECTID": 1460943, "REM_PROG": "Voluntary Cleanup Program (VCP)", "RN": "RN102479607", "VCP_ID": 549, "SITE_NAME": "US HOME BUILDING", "PHYS_ADDR": "1800 WEST LOOP S", "ADDR_DESC": "1800 WEST LOOP SOUTH", "CITY": "HOUSTON", "COUNTY": "HARRIS", "ZIP_CODE": "77027", "REGION": "REGION 12 - HOUSTON", "LAT_DD": 29.74878355, "LONG_DD": -95.45671108, "HORZ_METH": "ADDMAT_NUM", "HORZ_ACC": -9999, "HORZ_REF": "OTHER", "HORZ_DATE": "19970613", "HORZ_ORG": "TCEQ", "HORZ_DATUM": "NAD83", "HORZ_DESC": null, "dma_county": "Harris", "tceq_program": "vcp"}}, {"type": "Feature", "id": 1460953, "geometry": {"type": "Point", "coordinates": [-95.5866, 29.929492]}, "properties": {"OBJECTID": 1460953, "REM_PROG": "Voluntary Cleanup Program (VCP)", "RN": "RN100612720", "VCP_ID": 2287, "SITE_NAME": "SIERRA CLEANERS", "PHYS_ADDR": "10823 JONES RD", "ADDR_DESC": "10823 Jones Rd, Houston, TX", "CITY": "HOUSTON", "COUNTY": "HARRIS", "ZIP_CODE": "77065", "REGION": "REGION 12 - HOUSTON", "LAT_DD": 29.92948702, "LONG_DD": -95.58659299, "HORZ_METH": "ADDMAT_NUM", "HORZ_ACC": -9999, "HORZ_REF": "OTHER", "HORZ_DATE": "20091029", "HORZ_ORG": "TCEQ", "HORZ_DATUM": "NAD83", "HORZ_DESC": null, "dma_county": "Harris", "tceq_program": "vcp"}}, {"type": "Feature", "id": 1460955, "geometry": {"type": "Point", "coordinates": [-95.559269, 29.867299]}, "properties": {"OBJECTID": 1460955, "REM_PROG": "Voluntary Cleanup Program (VCP)", "RN": "RN100622703", "VCP_ID": 2104, "SITE_NAME": "GAVLON INDUSTRIES", "PHYS_ADDR": "10531 W LITTLE YORK RD", "ADDR_DESC": "SWC OF OKANELLA AND FISHER RD IN NW HOUSTON", "CITY": "HOUSTON", "COUNTY": "HARRIS", "ZIP_CODE": "77041", "REGION": "REGION 12 - HOUSTON", "LAT_DD": 29.867294180000002, "LONG_DD": -95.55926215, "HORZ_METH": "ADDMAT_NUM", "HORZ_ACC": -9999, "HORZ_REF": "OTHER", "HORZ_DATE": "20071016", "HORZ_ORG": "TCEQ", "HORZ_DATUM": "NAD83", "HORZ_DESC": null, "dma_county": "Harris", "tceq_program": "vcp"}}, {"type": "Feature", "id": 1460965, "geometry": {"type": "Point", "coordinates": [-95.597499, 29.885396]}, "properties": {"OBJECTID": 1460965, "REM_PROG": "Voluntary Cleanup Program (VCP)", "RN": "RN100213545", "VCP_ID": 445, "SITE_NAME": "NCI BUILDING SYSTEMS", "PHYS_ADDR": "7301 FAIRVIEW ST", "ADDR_DESC": "7301 FAIRVIEW KEY MAP 409N", "CITY": "HOUSTON", "COUNTY": "HARRIS", "ZIP_CODE": "77041", "REGION": "REGION 12 - HOUSTON", "LAT_DD": 29.88539062, "LONG_DD": -95.5974919, "HORZ_METH": "ADDMAT_NUM", "HORZ_ACC": -9999, "HORZ_REF": "OTHER", "HORZ_DATE": "19970121", "HORZ_ORG": "TCEQ", "HORZ_DATUM": "NAD83", "HORZ_DESC": null, "dma_county": "Harris", "tceq_program": "vcp"}}, {"type": "Feature", "id": 1460973, "geometry": {"type": "Point", "coordinates": [-94.928571, 29.339825]}, "properties": {"OBJECTID": 1460973, "REM_PROG": "Voluntary Cleanup Program (VCP)", "RN": "RN105167654", "VCP_ID": 830, "SITE_NAME": "MALONE SERVICE - SWAN", "PHYS_ADDR": "800 CAMPBELL BAYOU RD", "ADDR_DESC": null, "CITY": "TEXAS CITY", "COUNTY": "GALVESTON", "ZIP_CODE": "77590", "REGION": "REGION 12 - HOUSTON", "LAT_DD": 29.33981977, "LONG_DD": -94.9285643, "HORZ_METH": "ADDMAT_NUM", "HORZ_ACC": -9999, "HORZ_REF": "OTHER", "HORZ_DATE": "19980831", "HORZ_ORG": "TCEQ", "HORZ_DATUM": "NAD83", "HORZ_DESC": null, "dma_county": "Galveston", "tceq_program": "vcp"}}, {"type": "Feature", "id": 1460984, "geometry": {"type": "Point", "coordinates": [-95.353983, 29.693655]}, "properties": {"OBJECTID": 1460984, "REM_PROG": "Voluntary Cleanup Program (VCP)", "RN": "RN104816160", "VCP_ID": 3207, "SITE_NAME": "GOFORTH STREET PROPERTY", "PHYS_ADDR": "6525 GOFORTH ST", "ADDR_DESC": "6525 GOFORTH ST 6505 FOSTER ST AND 0 FOSTER ST", "CITY": "HOUSTON", "COUNTY": "HARRIS", "ZIP_CODE": "77021", "REGION": "REGION 12 - HOUSTON", "LAT_DD": 29.6936498, "LONG_DD": -95.35397569, "HORZ_METH": "DOQ", "HORZ_ACC": 5, "HORZ_REF": "STRUC_CEN", "HORZ_DATE": "20220124", "HORZ_ORG": "TCEQ", "HORZ_DATUM": "NAD83", "HORZ_DESC": null, "dma_county": "Harris", "tceq_program": "vcp"}}, {"type": "Feature", "id": 1460987, "geometry": {"type": "Point", "coordinates": [-95.395422, 29.770722]}, "properties": {"OBJECTID": 1460987, "REM_PROG": "Voluntary Cleanup Program (VCP)", "RN": "RN101779940", "VCP_ID": 3210, "SITE_NAME": "FORMER ADMIRAL LINEN & UNIFORM SERVICE FACILITY", "PHYS_ADDR": "3520 CENTER ST", "ADDR_DESC": null, "CITY": "HOUSTON", "COUNTY": "HARRIS", "ZIP_CODE": "77007", "REGION": "REGION 12 - HOUSTON", "LAT_DD": 29.7707166, "LONG_DD": -95.39541487, "HORZ_METH": "DOQ", "HORZ_ACC": 5, "HORZ_REF": "FAC_CEN", "HORZ_DATE": "20220215", "HORZ_ORG": "TCEQ", "HORZ_DATUM": "NAD83", "HORZ_DESC": null, "dma_county": "Harris", "tceq_program": "vcp"}}, {"type": "Feature", "id": 1460990, "geometry": {"type": "Point", "coordinates": [-95.384283, 29.771791]}, "properties": {"OBJECTID": 1460990, "REM_PROG": "Voluntary Cleanup Program (VCP)", "RN": "RN111449690", "VCP_ID": 3213, "SITE_NAME": "OLIVER STREET PARCEL 2", "PHYS_ADDR": null, "ADDR_DESC": "1500 OLIVER ST", "CITY": "HOUSTON", "COUNTY": "HARRIS", "ZIP_CODE": null, "REGION": "REGION 12 - HOUSTON", "LAT_DD": 29.77178622, "LONG_DD": -95.38427583, "HORZ_METH": "DOQ", "HORZ_ACC": 5, "HORZ_REF": "STRUC_CEN", "HORZ_DATE": "20220218", "HORZ_ORG": "TCEQ", "HORZ_DATUM": "NAD83", "HORZ_DESC": null, "dma_county": "Harris", "tceq_program": "vcp"}}, {"type": "Feature", "id": 1460993, "geometry": {"type": "Point", "coordinates": [-95.382083, 29.69741]}, "properties": {"OBJECTID": 1460993, "REM_PROG": "Voluntary Cleanup Program (VCP)", "RN": "RN106674989", "VCP_ID": 3221, "SITE_NAME": "FORMER DICKSON FURNITURE MANUFACTURING WAREHOUSE", "PHYS_ADDR": "7015 GRAND BLVD", "ADDR_DESC": null, "CITY": "HOUSTON", "COUNTY": "HARRIS", "ZIP_CODE": "77054", "REGION": "REGION 12 - HOUSTON", "LAT_DD": 29.69740474, "LONG_DD": -95.38207571, "HORZ_METH": "DOQ", "HORZ_ACC": 5, "HORZ_REF": "STRUC_CEN", "HORZ_DATE": "20220331", "HORZ_ORG": "TCEQ", "HORZ_DATUM": "NAD83", "HORZ_DESC": null, "dma_county": "Harris", "tceq_program": "vcp"}}, {"type": "Feature", "id": 1460997, "geometry": {"type": "Point", "coordinates": [-95.382686, 29.753093]}, "properties": {"OBJECTID": 1460997, "REM_PROG": "Voluntary Cleanup Program (VCP)", "RN": "RN101460913", "VCP_ID": 1362, "SITE_NAME": "219 W GRAY PROPERTY", "PHYS_ADDR": "219 W GRAY ST", "ADDR_DESC": null, "CITY": "HOUSTON", "COUNTY": "HARRIS", "ZIP_CODE": "77019", "REGION": "REGION 12 - HOUSTON", "LAT_DD": 29.75308789, "LONG_DD": -95.38267864, "HORZ_METH": "ADDMAT_NUM", "HORZ_ACC": -9999, "HORZ_REF": "OTHER", "HORZ_DATE": "20010606", "HORZ_ORG": "TCEQ", "HORZ_DATUM": "NAD83", "HORZ_DESC": null, "dma_county": "Harris", "tceq_program": "vcp"}}, {"type": "Feature", "id": 1461010, "geometry": {"type": "Point", "coordinates": [-95.213685, 29.769283]}, "properties": {"OBJECTID": 1461010, "REM_PROG": "Voluntary Cleanup Program (VCP)", "RN": "RN101052629", "VCP_ID": 485, "SITE_NAME": "KEYPORT LANE OFFICE WAREHOUSE", "PHYS_ADDR": "1125 KEYPORT LN", "ADDR_DESC": "1125 KEYPORT LANE", "CITY": "HOUSTON", "COUNTY": "HARRIS", "ZIP_CODE": "77015", "REGION": "REGION 12 - HOUSTON", "LAT_DD": 29.76927809, "LONG_DD": -95.21367755, "HORZ_METH": "ADDMAT_NUM", "HORZ_ACC": -9999, "HORZ_REF": "OTHER", "HORZ_DATE": "19970310", "HORZ_ORG": "TCEQ", "HORZ_DATUM": "NAD83", "HORZ_DESC": null, "dma_county": "Harris", "tceq_program": "vcp"}}, {"type": "Feature", "id": 1461016, "geometry": {"type": "Point", "coordinates": [-95.583947, 29.942256]}, "properties": {"OBJECTID": 1461016, "REM_PROG": "Voluntary Cleanup Program (VCP)", "RN": "RN102175692", "VCP_ID": 1389, "SITE_NAME": "BELL CLEANERS", "PHYS_ADDR": "11600 JONES RD", "ADDR_DESC": "11600 JONES ROAD STE 101 HOUSTON TX", "CITY": "HOUSTON", "COUNTY": "HARRIS", "ZIP_CODE": "77070", "REGION": "REGION 12 - HOUSTON", "LAT_DD": 29.94225073, "LONG_DD": -95.58393945, "HORZ_METH": "ADDMAT_NUM", "HORZ_ACC": -9999, "HORZ_REF": "OTHER", "HORZ_DATE": "20010910", "HORZ_ORG": "TCEQ", "HORZ_DATUM": "NAD83", "HORZ_DESC": null, "dma_county": "Harris", "tceq_program": "vcp"}}, {"type": "Feature", "id": 1461023, "geometry": {"type": "Point", "coordinates": [-95.403206, 29.772483]}, "properties": {"OBJECTID": 1461023, "REM_PROG": "Voluntary Cleanup Program (VCP)", "RN": "RN100610708", "VCP_ID": 1867, "SITE_NAME": "STANDARD REGISTER", "PHYS_ADDR": "1201 BONNER ST", "ADDR_DESC": "1201 Bonner, Houston, TX", "CITY": "HOUSTON", "COUNTY": "HARRIS", "ZIP_CODE": "77007", "REGION": "REGION 12 - HOUSTON", "LAT_DD": 29.77247758, "LONG_DD": -95.40319863, "HORZ_METH": "ADDMAT_NUM", "HORZ_ACC": -9999, "HORZ_REF": "OTHER", "HORZ_DATE": "20050919", "HORZ_ORG": "TCEQ", "HORZ_DATUM": "NAD83", "HORZ_DESC": null, "dma_county": "Harris", "tceq_program": "vcp"}}, {"type": "Feature", "id": 1461024, "geometry": {"type": "Point", "coordinates": [-95.528195, 30.210533]}, "properties": {"OBJECTID": 1461024, "REM_PROG": "Voluntary Cleanup Program (VCP)", "RN": "RN102801446", "VCP_ID": 1581, "SITE_NAME": "NESBITS CLEANER ALDEN RIDGE VILLAGE", "PHYS_ADDR": "8000 RESEARCH FOREST DR STE 140", "ADDR_DESC": "TWO CONNECTING ONE STORY MULTI TENANT STRIP SHOPPING CENTER BUILDINGS", "CITY": "THE WOODLANDS", "COUNTY": "MONTGOMERY", "ZIP_CODE": "77382", "REGION": "REGION 12 - HOUSTON", "LAT_DD": 30.21052783, "LONG_DD": -95.52818806, "HORZ_METH": "ADDMAT_NUM", "HORZ_ACC": -9999, "HORZ_REF": "OTHER", "HORZ_DATE": "20030408", "HORZ_ORG": "TCEQ", "HORZ_DATUM": "NAD83", "HORZ_DESC": null, "dma_county": "Montgomery", "tceq_program": "vcp"}}, {"type": "Feature", "id": 1461026, "geometry": {"type": "Point", "coordinates": [-95.41955, 29.013288]}, "properties": {"OBJECTID": 1461026, "REM_PROG": "Voluntary Cleanup Program (VCP)", "RN": "RN100609031", "VCP_ID": 1972, "SITE_NAME": "BENCHMARK ELECTRONICS", "PHYS_ADDR": "802 BRAZOSPARK DR", "ADDR_DESC": "802 AND 807 BRAZOSPARK DR", "CITY": "CLUTE", "COUNTY": "BRAZORIA", "ZIP_CODE": "77531", "REGION": "REGION 12 - HOUSTON", "LAT_DD": 29.01328254, "LONG_DD": -95.41954287, "HORZ_METH": "ADDMAT_NUM", "HORZ_ACC": -9999, "HORZ_REF": "OTHER", "HORZ_DATE": "20061005", "HORZ_ORG": "TCEQ", "HORZ_DATUM": "NAD83", "HORZ_DESC": null, "dma_county": "Brazoria", "tceq_program": "vcp"}}, {"type": "Feature", "id": 1461028, "geometry": {"type": "Point", "coordinates": [-95.357135, 29.765438]}, "properties": {"OBJECTID": 1461028, "REM_PROG": "Voluntary Cleanup Program (VCP)", "RN": "RN100616663", "VCP_ID": 1282, "SITE_NAME": "SAN JACINTO ST BLOCK 95", "PHYS_ADDR": "801 N SAN JACINTO ST", "ADDR_DESC": "801 SAN JACINTO STREET", "CITY": "HOUSTON", "COUNTY": "HARRIS", "ZIP_CODE": "77002", "REGION": "REGION 12 - HOUSTON", "LAT_DD": 29.76543272, "LONG_DD": -95.35712799999999, "HORZ_METH": "ADDMAT_NUM", "HORZ_ACC": -9999, "HORZ_REF": "OTHER", "HORZ_DATE": "20001117", "HORZ_ORG": "TCEQ", "HORZ_DATUM": "NAD83", "HORZ_DESC": null, "dma_county": "Harris", "tceq_program": "vcp"}}, {"type": "Feature", "id": 1461029, "geometry": {"type": "Point", "coordinates": [-95.357135, 29.765438]}, "properties": {"OBJECTID": 1461029, "REM_PROG": "Voluntary Cleanup Program (VCP)", "RN": "RN100616663", "VCP_ID": 1006, "SITE_NAME": "SAN JACINTO ST BLOCK 95", "PHYS_ADDR": "801 N SAN JACINTO ST", "ADDR_DESC": "801 SAN JACINTO STREET", "CITY": "HOUSTON", "COUNTY": "HARRIS", "ZIP_CODE": "77002", "REGION": "REGION 12 - HOUSTON", "LAT_DD": 29.76543272, "LONG_DD": -95.35712799999999, "HORZ_METH": "ADDMAT_NUM", "HORZ_ACC": -9999, "HORZ_REF": "OTHER", "HORZ_DATE": "19990702", "HORZ_ORG": "TCEQ", "HORZ_DATUM": "NAD83", "HORZ_DESC": null, "dma_county": "Harris", "tceq_program": "vcp"}}, {"type": "Feature", "id": 1461035, "geometry": {"type": "Point", "coordinates": [-95.127555, 29.839254]}, "properties": {"OBJECTID": 1461035, "REM_PROG": "Voluntary Cleanup Program (VCP)", "RN": "RN102069903", "VCP_ID": 834, "SITE_NAME": "GROENDYKE TRANSPORT, INC.", "PHYS_ADDR": "8600 SHELDON RD", "ADDR_DESC": "8502 SHELDON ROAD", "CITY": "HOUSTON", "COUNTY": "HARRIS", "ZIP_CODE": "77049", "REGION": "REGION 12 - HOUSTON", "LAT_DD": 29.83924916, "LONG_DD": -95.12754829, "HORZ_METH": "ADDMAT_NUM", "HORZ_ACC": -9999, "HORZ_REF": "OTHER", "HORZ_DATE": "19980903", "HORZ_ORG": "TCEQ", "HORZ_DATUM": "NAD83", "HORZ_DESC": null, "dma_county": "Harris", "tceq_program": "vcp"}}, {"type": "Feature", "id": 1461036, "geometry": {"type": "Point", "coordinates": [-95.224704, 29.738074]}, "properties": {"OBJECTID": 1461036, "REM_PROG": "Voluntary Cleanup Program (VCP)", "RN": "RN102616232", "VCP_ID": 820, "SITE_NAME": "ARCO PIPE LINE TRACT B", "PHYS_ADDR": "901 CLINTON DR", "ADDR_DESC": "901 CLINTON DRIVE", "CITY": "GALENA PARK", "COUNTY": "HARRIS", "ZIP_CODE": "77547", "REGION": "REGION 12 - HOUSTON", "LAT_DD": 29.73806882, "LONG_DD": -95.22469711, "HORZ_METH": "ADDMAT_NUM", "HORZ_ACC": -9999, "HORZ_REF": "OTHER", "HORZ_DATE": "19980503", "HORZ_ORG": "TCEQ", "HORZ_DATUM": "NAD83", "HORZ_DESC": null, "dma_county": "Harris", "tceq_program": "vcp"}}, {"type": "Feature", "id": 1461046, "geometry": {"type": "Point", "coordinates": [-95.16677, 29.622904]}, "properties": {"OBJECTID": 1461046, "REM_PROG": "Voluntary Cleanup Program (VCP)", "RN": "RN111501979", "VCP_ID": 3224, "SITE_NAME": "ELLP 35 ACRE AND 17.7 ACRE TRACT", "PHYS_ADDR": null, "ADDR_DESC": "0.5 MI S OF GENOA RED BLUFF RD ALONG THE W SIDE OF FARLEY RD HOUSTON TX 77034", "CITY": "HOUSTON", "COUNTY": "HARRIS", "ZIP_CODE": null, "REGION": "REGION 12 - HOUSTON", "LAT_DD": 29.62289925, "LONG_DD": -95.16676315, "HORZ_METH": "DOQ", "HORZ_ACC": 5, "HORZ_REF": "OTHER", "HORZ_DATE": "20220511", "HORZ_ORG": "TCEQ", "HORZ_DATUM": "NAD83", "HORZ_DESC": null, "dma_county": "Harris", "tceq_program": "vcp"}}, {"type": "Feature", "id": 1461048, "geometry": {"type": "Point", "coordinates": [-95.467038, 29.809186]}, "properties": {"OBJECTID": 1461048, "REM_PROG": "Voluntary Cleanup Program (VCP)", "RN": "RN101996783", "VCP_ID": 3226, "SITE_NAME": "RKI PROPERTY", "PHYS_ADDR": "2301 CENTRAL PKWY", "ADDR_DESC": "2301 Central Parkway, Houston", "CITY": "HOUSTON", "COUNTY": "HARRIS", "ZIP_CODE": "77092", "REGION": "REGION 12 - HOUSTON", "LAT_DD": 29.80918074, "LONG_DD": -95.46703091, "HORZ_METH": "DOQ", "HORZ_ACC": 5, "HORZ_REF": "STRUC_CEN", "HORZ_DATE": "20220523", "HORZ_ORG": "TCEQ", "HORZ_DATUM": "NAD83", "HORZ_DESC": null, "dma_county": "Harris", "tceq_program": "vcp"}}, {"type": "Feature", "id": 1461055, "geometry": {"type": "Point", "coordinates": [-95.413149, 30.057522]}, "properties": {"OBJECTID": 1461055, "REM_PROG": "Voluntary Cleanup Program (VCP)", "RN": "RN104373907", "VCP_ID": 559, "SITE_NAME": "LSS-LONE STAR - HOUSTON, INC.", "PHYS_ADDR": "24131 W HARDY RD", "ADDR_DESC": "Key Map - 332D", "CITY": "SPRING", "COUNTY": "HARRIS", "ZIP_CODE": "77373", "REGION": "REGION 12 - HOUSTON", "LAT_DD": 30.0575164, "LONG_DD": -95.41314174, "HORZ_METH": "ADDMAT_NUM", "HORZ_ACC": -9999, "HORZ_REF": "OTHER", "HORZ_DATE": "19970702", "HORZ_ORG": "TCEQ", "HORZ_DATUM": "NAD83", "HORZ_DESC": null, "dma_county": "Harris", "tceq_program": "vcp"}}, {"type": "Feature", "id": 1461065, "geometry": {"type": "Point", "coordinates": [-95.376464, 29.743922]}, "properties": {"OBJECTID": 1461065, "REM_PROG": "Voluntary Cleanup Program (VCP)", "RN": "RN102394814", "VCP_ID": 1516, "SITE_NAME": "CARPOOL AND REFUELING FACILITY", "PHYS_ADDR": "2807 TRAVIS ST", "ADDR_DESC": null, "CITY": "HOUSTON", "COUNTY": "HARRIS", "ZIP_CODE": "77006", "REGION": "REGION 12 - HOUSTON", "LAT_DD": 29.743917, "LONG_DD": -95.37645749, "HORZ_METH": "ADDMAT_NUM", "HORZ_ACC": -9999, "HORZ_REF": "OTHER", "HORZ_DATE": "20020905", "HORZ_ORG": "TCEQ", "HORZ_DATUM": "NAD83", "HORZ_DESC": null, "dma_county": "Harris", "tceq_program": "vcp"}}, {"type": "Feature", "id": 1461067, "geometry": {"type": "Point", "coordinates": [-95.391253, 29.764857]}, "properties": {"OBJECTID": 1461067, "REM_PROG": "Voluntary Cleanup Program (VCP)", "RN": "RN100584424", "VCP_ID": 256, "SITE_NAME": "AMERICAN RICE, INC. - BUTLER S", "PHYS_ADDR": "3000 BUTLER ST", "ADDR_DESC": "3000 BUTLER STREET", "CITY": "HOUSTON", "COUNTY": "HARRIS", "ZIP_CODE": "77007", "REGION": "REGION 12 - HOUSTON", "LAT_DD": 29.76485194, "LONG_DD": -95.39124573, "HORZ_METH": "ADDMAT_NUM", "HORZ_ACC": -9999, "HORZ_REF": "OTHER", "HORZ_DATE": "19960515", "HORZ_ORG": "TCEQ", "HORZ_DATUM": "NAD83", "HORZ_DESC": null, "dma_county": "Harris", "tceq_program": "vcp"}}, {"type": "Feature", "id": 1461069, "geometry": {"type": "Point", "coordinates": [-95.226528, 29.465592]}, "properties": {"OBJECTID": 1461069, "REM_PROG": "Voluntary Cleanup Program (VCP)", "RN": "RN101054880", "VCP_ID": 864, "SITE_NAME": "RANDALLS CENTER - BAY AREA BOULEVARD", "PHYS_ADDR": "3100 W PARKWOOD AVE", "ADDR_DESC": "3100 FM 528 BAY AREA BOULEVARD", "CITY": "FRIENDSWOOD", "COUNTY": "GALVESTON", "ZIP_CODE": "77546", "REGION": "REGION 12 - HOUSTON", "LAT_DD": 29.46558721, "LONG_DD": -95.22652114, "HORZ_METH": "ADDMAT_NUM", "HORZ_ACC": -9999, "HORZ_REF": "OTHER", "HORZ_DATE": "19981105", "HORZ_ORG": "TCEQ", "HORZ_DATUM": "NAD83", "HORZ_DESC": null, "dma_county": "Galveston", "tceq_program": "vcp"}}, {"type": "Feature", "id": 1461071, "geometry": {"type": "Point", "coordinates": [-95.406278, 29.63403]}, "properties": {"OBJECTID": 1461071, "REM_PROG": "Voluntary Cleanup Program (VCP)", "RN": "RN100572023", "VCP_ID": 1230, "SITE_NAME": "MAT CHEMICALS (ROBIN BOULEVARD", "PHYS_ADDR": "12233 ROBIN BLVD", "ADDR_DESC": "12233 Robin Blvd, Houston, TX", "CITY": "HOUSTON", "COUNTY": "HARRIS", "ZIP_CODE": "77045", "REGION": "REGION 12 - HOUSTON", "LAT_DD": 29.63402493, "LONG_DD": -95.40627051, "HORZ_METH": "ADDMAT_NUM", "HORZ_ACC": -9999, "HORZ_REF": "OTHER", "HORZ_DATE": "20000630", "HORZ_ORG": "TCEQ", "HORZ_DATUM": "NAD83", "HORZ_DESC": null, "dma_county": "Harris", "tceq_program": "vcp"}}, {"type": "Feature", "id": 1461072, "geometry": {"type": "Point", "coordinates": [-96.25233, 29.946546]}, "properties": {"OBJECTID": 1461072, "REM_PROG": "Voluntary Cleanup Program (VCP)", "RN": "RN100602572", "VCP_ID": 1542, "SITE_NAME": "PETROLEUM BULK TERMINAL", "PHYS_ADDR": "125 S FRONT ST", "ADDR_DESC": "1000 FEET SOUTH OF INTERSECTION OF SH 36 AND HWY 159 ON THE EAST SIDE OF SH 36 WEST OF THE RAILROAD TRACK", "CITY": "BELLVILLE", "COUNTY": "AUSTIN", "ZIP_CODE": "77418", "REGION": "REGION 12 - HOUSTON", "LAT_DD": 29.94654092, "LONG_DD": -96.25232288, "HORZ_METH": "ADDMAT_NUM", "HORZ_ACC": -9999, "HORZ_REF": "OTHER", "HORZ_DATE": "20021213", "HORZ_ORG": "TCEQ", "HORZ_DATUM": "NAD83", "HORZ_DESC": null, "dma_county": "Austin", "tceq_program": "vcp"}}, {"type": "Feature", "id": 1461077, "geometry": {"type": "Point", "coordinates": [-95.458455, 29.789836]}, "properties": {"OBJECTID": 1461077, "REM_PROG": "Voluntary Cleanup Program (VCP)", "RN": "RN100660075", "VCP_ID": 1982, "SITE_NAME": "KVAERNER OILFIELD EAST PLUME", "PHYS_ADDR": "1255 N POST OAK RD", "ADDR_DESC": "SW OF INTERSECTION OF N POST OAK AND W 12TH - EAST PLUME", "CITY": "HOUSTON", "COUNTY": "HARRIS", "ZIP_CODE": "77055", "REGION": "REGION 12 - HOUSTON", "LAT_DD": 29.78983076, "LONG_DD": -95.45844811, "HORZ_METH": "ADDMAT_NUM", "HORZ_ACC": -9999, "HORZ_REF": "OTHER", "HORZ_DATE": "20061024", "HORZ_ORG": "TCEQ", "HORZ_DATUM": "NAD83", "HORZ_DESC": null, "dma_county": "Harris", "tceq_program": "vcp"}}, {"type": "Feature", "id": 1461078, "geometry": {"type": "Point", "coordinates": [-95.458455, 29.789836]}, "properties": {"OBJECTID": 1461078, "REM_PROG": "Voluntary Cleanup Program (VCP)", "RN": "RN100660075", "VCP_ID": 1779, "SITE_NAME": "KVAERNER OILFIELD PRODUCTS", "PHYS_ADDR": "1255 N POST OAK RD", "ADDR_DESC": "SW OF INTERSECTION OF N POST OAK AND W 12TH - EAST PLUME\n", "CITY": "HOUSTON", "COUNTY": "HARRIS", "ZIP_CODE": "77055", "REGION": "REGION 12 - HOUSTON", "LAT_DD": 29.78983076, "LONG_DD": -95.45844811, "HORZ_METH": "ADDMAT_NUM", "HORZ_ACC": -9999, "HORZ_REF": "OTHER", "HORZ_DATE": "20050105", "HORZ_ORG": "TCEQ", "HORZ_DATUM": "NAD83", "HORZ_DESC": null, "dma_county": "Harris", "tceq_program": "vcp"}}, {"type": "Feature", "id": 1461080, "geometry": {"type": "Point", "coordinates": [-95.548295, 29.603034]}, "properties": {"OBJECTID": 1461080, "REM_PROG": "Voluntary Cleanup Program (VCP)", "RN": "RN102153004", "VCP_ID": 2271, "SITE_NAME": "NATIONAL COUPLING", "PHYS_ADDR": "1316 STAFFORDSHIRE RD", "ADDR_DESC": "1316 STAFFORDSHIRE RD STAFFORD TX 77477-6321", "CITY": "STAFFORD", "COUNTY": "FORT BEND", "ZIP_CODE": "77477", "REGION": "REGION 12 - HOUSTON", "LAT_DD": 29.60302899, "LONG_DD": -95.54828803, "HORZ_METH": "ADDMAT_NUM", "HORZ_ACC": -9999, "HORZ_REF": "OTHER", "HORZ_DATE": "20090605", "HORZ_ORG": "TCEQ", "HORZ_DATUM": "NAD83", "HORZ_DESC": null, "dma_county": "Fort Bend", "tceq_program": "vcp"}}, {"type": "Feature", "id": 1461081, "geometry": {"type": "Point", "coordinates": [-95.565496, 29.599722]}, "properties": {"OBJECTID": 1461081, "REM_PROG": "Voluntary Cleanup Program (VCP)", "RN": "RN100579473", "VCP_ID": 2430, "SITE_NAME": "ANODIZING GRAPHICS OF TEXAS", "PHYS_ADDR": "1306 FM 1092 RD STE 506", "ADDR_DESC": "1306 FM 1092, Ste 506, Missouri City, TX", "CITY": "MISSOURI CITY", "COUNTY": "FORT BEND", "ZIP_CODE": "77459", "REGION": "REGION 12 - HOUSTON", "LAT_DD": 29.59971721, "LONG_DD": -95.56548904, "HORZ_METH": "ADDMAT_NUM", "HORZ_ACC": -9999, "HORZ_REF": "OTHER", "HORZ_DATE": "20110715", "HORZ_ORG": "TCEQ", "HORZ_DATUM": "NAD83", "HORZ_DESC": null, "dma_county": "Fort Bend", "tceq_program": "vcp"}}, {"type": "Feature", "id": 1461088, "geometry": {"type": "Point", "coordinates": [-95.36657, 29.556616]}, "properties": {"OBJECTID": 1461088, "REM_PROG": "Voluntary Cleanup Program (VCP)", "RN": "RN104510862", "VCP_ID": 2338, "SITE_NAME": "SUPER DRY CLEANER PEARLAND", "PHYS_ADDR": "9430 BROADWAY ST STE 100", "ADDR_DESC": null, "CITY": "PEARLAND", "COUNTY": "BRAZORIA", "ZIP_CODE": "77584", "REGION": "REGION 12 - HOUSTON", "LAT_DD": 29.55661097, "LONG_DD": -95.36656342, "HORZ_METH": "ADDMAT_NUM", "HORZ_ACC": -9999, "HORZ_REF": "OTHER", "HORZ_DATE": "20100802", "HORZ_ORG": "TCEQ", "HORZ_DATUM": "NAD83", "HORZ_DESC": null, "dma_county": "Brazoria", "tceq_program": "vcp"}}, {"type": "Feature", "id": 1461089, "geometry": {"type": "Point", "coordinates": [-95.078737, 29.76482]}, "properties": {"OBJECTID": 1461089, "REM_PROG": "Voluntary Cleanup Program (VCP)", "RN": "RN100218429", "VCP_ID": 317, "SITE_NAME": "CHANNEL SHIPYARD, INC.", "PHYS_ADDR": "999 INDEPENDENCE PKWY N", "ADDR_DESC": "999 S Lynchburg Rd, Baytown, TX", "CITY": "BAYTOWN", "COUNTY": "HARRIS", "ZIP_CODE": "77520", "REGION": "REGION 12 - HOUSTON", "LAT_DD": 29.76481454, "LONG_DD": -95.07872975, "HORZ_METH": "ADDMAT_NUM", "HORZ_ACC": -9999, "HORZ_REF": "OTHER", "HORZ_DATE": "19960809", "HORZ_ORG": "TCEQ", "HORZ_DATUM": "NAD83", "HORZ_DESC": null, "dma_county": "Harris", "tceq_program": "vcp"}}, {"type": "Feature", "id": 1461090, "geometry": {"type": "Point", "coordinates": [-95.247407, 29.648234]}, "properties": {"OBJECTID": 1461090, "REM_PROG": "Voluntary Cleanup Program (VCP)", "RN": "RN100598705", "VCP_ID": 730, "SITE_NAME": "9997 GULF FREEWAY (ANI AMERICA", "PHYS_ADDR": "9997 GULF FWY", "ADDR_DESC": "9997 GULF FREEWAY", "CITY": "HOUSTON", "COUNTY": "HARRIS", "ZIP_CODE": "77034", "REGION": "REGION 12 - HOUSTON", "LAT_DD": 29.64822915, "LONG_DD": -95.2474, "HORZ_METH": "ADDMAT_NUM", "HORZ_ACC": -9999, "HORZ_REF": "OTHER", "HORZ_DATE": "19980327", "HORZ_ORG": "TCEQ", "HORZ_DATUM": "NAD83", "HORZ_DESC": null, "dma_county": "Harris", "tceq_program": "vcp"}}, {"type": "Feature", "id": 1461091, "geometry": {"type": "Point", "coordinates": [-95.526268, 29.918477]}, "properties": {"OBJECTID": 1461091, "REM_PROG": "Voluntary Cleanup Program (VCP)", "RN": "RN100869957", "VCP_ID": 969, "SITE_NAME": "SUPERIOR EQUIPMENT AND SUPPLY", "PHYS_ADDR": "9523 FAIRBANKS N HOUSTON RD", "ADDR_DESC": "9523 FAIRBANKS - NORTH HOUSTON ROAD", "CITY": "HOUSTON", "COUNTY": "HARRIS", "ZIP_CODE": "77064", "REGION": "REGION 12 - HOUSTON", "LAT_DD": 29.9184719, "LONG_DD": -95.52626064, "HORZ_METH": "ADDMAT_NUM", "HORZ_ACC": -9999, "HORZ_REF": "OTHER", "HORZ_DATE": "19990430", "HORZ_ORG": "TCEQ", "HORZ_DATUM": "NAD83", "HORZ_DESC": null, "dma_county": "Harris", "tceq_program": "vcp"}}, {"type": "Feature", "id": 1461102, "geometry": {"type": "Point", "coordinates": [-95.445242, 29.794745]}, "properties": {"OBJECTID": 1461102, "REM_PROG": "Voluntary Cleanup Program (VCP)", "RN": "RN111542197", "VCP_ID": 3231, "SITE_NAME": "7200 WYNNPARK", "PHYS_ADDR": "7200 WYNNPARK DR", "ADDR_DESC": null, "CITY": "HOUSTON", "COUNTY": "HARRIS", "ZIP_CODE": "77008", "REGION": "REGION 12 - HOUSTON", "LAT_DD": 29.79474029, "LONG_DD": -95.44523521, "HORZ_METH": "DOQ", "HORZ_ACC": 5, "HORZ_REF": "STRUC_CEN", "HORZ_DATE": "20220714", "HORZ_ORG": "TCEQ", "HORZ_DATUM": "NAD83", "HORZ_DESC": null, "dma_county": "Harris", "tceq_program": "vcp"}}, {"type": "Feature", "id": 1461107, "geometry": {"type": "Point", "coordinates": [-95.290436, 29.735876]}, "properties": {"OBJECTID": 1461107, "REM_PROG": "Voluntary Cleanup Program (VCP)", "RN": "RN111567160", "VCP_ID": 3242, "SITE_NAME": "AVENUE F TRACTS", "PHYS_ADDR": null, "ADDR_DESC": "7450 AND 7503 AVE F", "CITY": "HOUSTON", "COUNTY": "HARRIS", "ZIP_CODE": null, "REGION": "REGION 12 - HOUSTON", "LAT_DD": 29.73587125, "LONG_DD": -95.29042869, "HORZ_METH": "DOQ", "HORZ_ACC": 5, "HORZ_REF": "OTHER", "HORZ_DATE": "20220830", "HORZ_ORG": "TCEQ", "HORZ_DATUM": "NAD83", "HORZ_DESC": null, "dma_county": "Harris", "tceq_program": "vcp"}}, {"type": "Feature", "id": 1461108, "geometry": {"type": "Point", "coordinates": [-95.522054, 29.738542]}, "properties": {"OBJECTID": 1461108, "REM_PROG": "Voluntary Cleanup Program (VCP)", "RN": "RN111572616", "VCP_ID": 3240, "SITE_NAME": "PINEY POINT SHOPPING CENTER PROPERTY", "PHYS_ADDR": "2532 FONDREN RD", "ADDR_DESC": null, "CITY": "HOUSTON", "COUNTY": "HARRIS", "ZIP_CODE": "77063", "REGION": "REGION 12 - HOUSTON", "LAT_DD": 29.73853693, "LONG_DD": -95.52204683, "HORZ_METH": "DOQ", "HORZ_ACC": 5, "HORZ_REF": "FAC_CEN", "HORZ_DATE": "20220826", "HORZ_ORG": "TCEQ", "HORZ_DATUM": "NAD83", "HORZ_DESC": null, "dma_county": "Harris", "tceq_program": "vcp"}}, {"type": "Feature", "id": 1461115, "geometry": {"type": "Point", "coordinates": [-95.391253, 29.764857]}, "properties": {"OBJECTID": 1461115, "REM_PROG": "Voluntary Cleanup Program (VCP)", "RN": "RN100584424", "VCP_ID": 364, "SITE_NAME": "AMERICAN RICE", "PHYS_ADDR": "3000 BUTLER ST", "ADDR_DESC": "3000 BUTLER STREET", "CITY": "HOUSTON", "COUNTY": "HARRIS", "ZIP_CODE": "77007", "REGION": "REGION 12 - HOUSTON", "LAT_DD": 29.76485194, "LONG_DD": -95.39124573, "HORZ_METH": "ADDMAT_NUM", "HORZ_ACC": -9999, "HORZ_REF": "OTHER", "HORZ_DATE": "19960923", "HORZ_ORG": "TCEQ", "HORZ_DATUM": "NAD83", "HORZ_DESC": null, "dma_county": "Harris", "tceq_program": "vcp"}}, {"type": "Feature", "id": 1461130, "geometry": {"type": "Point", "coordinates": [-95.184316, 29.845301]}, "properties": {"OBJECTID": 1461130, "REM_PROG": "Voluntary Cleanup Program (VCP)", "RN": "RN100604057", "VCP_ID": 2325, "SITE_NAME": "COVALENCE SPECIALTY ADHESIVES- HOUSTON PLANT", "PHYS_ADDR": "13835 BEAUMONT HWY", "ADDR_DESC": "13835 Beaumont Highway, Houston, TX", "CITY": "HOUSTON", "COUNTY": "HARRIS", "ZIP_CODE": "77049", "REGION": "REGION 12 - HOUSTON", "LAT_DD": 29.84529605, "LONG_DD": -95.18430864, "HORZ_METH": "ADDMAT_NUM", "HORZ_ACC": -9999, "HORZ_REF": "STRUC_CEN", "HORZ_DATE": "20100609", "HORZ_ORG": "TCEQ", "HORZ_DATUM": "NAD83", "HORZ_DESC": null, "dma_county": "Harris", "tceq_program": "vcp"}}, {"type": "Feature", "id": 1461133, "geometry": {"type": "Point", "coordinates": [-95.455255, 29.79307]}, "properties": {"OBJECTID": 1461133, "REM_PROG": "Voluntary Cleanup Program (VCP)", "RN": "RN100657998", "VCP_ID": 2001, "SITE_NAME": "MCKINLEY PAPER", "PHYS_ADDR": "1300 N POST OAK RD", "ADDR_DESC": "SE OF INTERSECTION OF N POST OAK AND WESTVIEW", "CITY": "HOUSTON", "COUNTY": "HARRIS", "ZIP_CODE": "77055", "REGION": "REGION 12 - HOUSTON", "LAT_DD": 29.79306509, "LONG_DD": -95.45524825, "HORZ_METH": "ADDMAT_NUM", "HORZ_ACC": -9999, "HORZ_REF": "FAC_CEN", "HORZ_DATE": "20061120", "HORZ_ORG": "TCEQ", "HORZ_DATUM": "NAD83", "HORZ_DESC": null, "dma_county": "Harris", "tceq_program": "vcp"}}, {"type": "Feature", "id": 1461135, "geometry": {"type": "Point", "coordinates": [-95.407077, 29.808454]}, "properties": {"OBJECTID": 1461135, "REM_PROG": "Voluntary Cleanup Program (VCP)", "RN": "RN105120216", "VCP_ID": 2588, "SITE_NAME": "BLOCK 39", "PHYS_ADDR": "502 W 25TH ST", "ADDR_DESC": null, "CITY": "HOUSTON", "COUNTY": "HARRIS", "ZIP_CODE": "77008", "REGION": "REGION 12 - HOUSTON", "LAT_DD": 29.80844853, "LONG_DD": -95.40707015, "HORZ_METH": "ADDMAT_NUM", "HORZ_ACC": -9999, "HORZ_REF": "OTHER", "HORZ_DATE": "20130613", "HORZ_ORG": "TCEQ", "HORZ_DATUM": "NAD83", "HORZ_DESC": null, "dma_county": "Harris", "tceq_program": "vcp"}}, {"type": "Feature", "id": 1461136, "geometry": {"type": "Point", "coordinates": [-95.352443, 29.760856]}, "properties": {"OBJECTID": 1461136, "REM_PROG": "Voluntary Cleanup Program (VCP)", "RN": "RN101054013", "VCP_ID": 688, "SITE_NAME": "MKT FREIGHT FACILITY", "PHYS_ADDR": "1700 RUIZ ST", "ADDR_DESC": "1700 BLOCK RUIZ STREET AT MCKEE STREET", "CITY": "HOUSTON", "COUNTY": "HARRIS", "ZIP_CODE": "77002", "REGION": "REGION 12 - HOUSTON", "LAT_DD": 29.76085088, "LONG_DD": -95.35243575, "HORZ_METH": "ADDMAT_NUM", "HORZ_ACC": -9999, "HORZ_REF": "STRUC_CEN", "HORZ_DATE": "19980129", "HORZ_ORG": "TCEQ", "HORZ_DATUM": "NAD83", "HORZ_DESC": null, "dma_county": "Harris", "tceq_program": "vcp"}}, {"type": "Feature", "id": 1461137, "geometry": {"type": "Point", "coordinates": [-95.388557, 29.691876]}, "properties": {"OBJECTID": 1461137, "REM_PROG": "Voluntary Cleanup Program (VCP)", "RN": "RN105271878", "VCP_ID": 2076, "SITE_NAME": "HEART HOME HEALTH CARE AGENCY", "PHYS_ADDR": "7405 ALMEDA RD", "ADDR_DESC": "ALMEDA RD ACROSS HEPBURN ST", "CITY": "HOUSTON", "COUNTY": "HARRIS", "ZIP_CODE": "77054", "REGION": "REGION 12 - HOUSTON", "LAT_DD": 29.69187086, "LONG_DD": -95.38854971, "HORZ_METH": "ADDMAT_NUM", "HORZ_ACC": -9999, "HORZ_REF": "OTHER", "HORZ_DATE": "20070622", "HORZ_ORG": "TCEQ", "HORZ_DATUM": "NAD83", "HORZ_DESC": null, "dma_county": "Harris", "tceq_program": "vcp"}}, {"type": "Feature", "id": 1461141, "geometry": {"type": "Point", "coordinates": [-95.086087, 29.788935]}, "properties": {"OBJECTID": 1461141, "REM_PROG": "Voluntary Cleanup Program (VCP)", "RN": "RN100210483", "VCP_ID": 159, "SITE_NAME": "NESTE/WRIGHT ASPHALT PRODUCTS", "PHYS_ADDR": "17310 MARKET ST", "ADDR_DESC": "17310 MARKET ST RD CHANNELVIEW TX 77530", "CITY": "CHANNELVIEW", "COUNTY": "HARRIS", "ZIP_CODE": "77530", "REGION": "REGION 12 - HOUSTON", "LAT_DD": 29.78892989, "LONG_DD": -95.08608055, "HORZ_METH": "ADDMAT_NUM", "HORZ_ACC": -9999, "HORZ_REF": "OTHER", "HORZ_DATE": "19960318", "HORZ_ORG": "TCEQ", "HORZ_DATUM": "NAD83", "HORZ_DESC": null, "dma_county": "Harris", "tceq_program": "vcp"}}, {"type": "Feature", "id": 1461142, "geometry": {"type": "Point", "coordinates": [-95.494271, 29.786534]}, "properties": {"OBJECTID": 1461142, "REM_PROG": "Voluntary Cleanup Program (VCP)", "RN": "RN104517651", "VCP_ID": 1778, "SITE_NAME": "SPRING VALLEY HOME DEPOT", "PHYS_ADDR": null, "ADDR_DESC": "NO ADDRESS CENTRAL MEMORIAL PARK DR AND IH-10", "CITY": "HOUSTON", "COUNTY": "HARRIS", "ZIP_CODE": null, "REGION": "REGION 12 - HOUSTON", "LAT_DD": 29.78652849, "LONG_DD": -95.49426428, "HORZ_METH": "DOQ", "HORZ_ACC": 5, "HORZ_REF": "STRUC_CEN", "HORZ_DATE": "20050105", "HORZ_ORG": "TCEQ", "HORZ_DATUM": "NAD83", "HORZ_DESC": null, "dma_county": "Harris", "tceq_program": "vcp"}}, {"type": "Feature", "id": 1461145, "geometry": {"type": "Point", "coordinates": [-95.387759, 29.772203]}, "properties": {"OBJECTID": 1461145, "REM_PROG": "Voluntary Cleanup Program (VCP)", "RN": "RN104776604", "VCP_ID": 1868, "SITE_NAME": "GLAZIER FOODS WAREHOUSE", "PHYS_ADDR": null, "ADDR_DESC": "HISTORIC ADDRESS IS 1800 AND 1704 OLIVER ST. 200 FT WEST OF INTERSECTION OF OLIVER AND SUMMER STS WEST OF DOWNTOWN HOUSTON", "CITY": "HOUSTON", "COUNTY": "HARRIS", "ZIP_CODE": null, "REGION": "REGION 12 - HOUSTON", "LAT_DD": 29.77219782, "LONG_DD": -95.38775237, "HORZ_METH": "DOQ", "HORZ_ACC": 5, "HORZ_REF": "STRUC_CEN", "HORZ_DATE": "20050920", "HORZ_ORG": "TCEQ", "HORZ_DATUM": "NAD83", "HORZ_DESC": null, "dma_county": "Harris", "tceq_program": "vcp"}}, {"type": "Feature", "id": 1461148, "geometry": {"type": "Point", "coordinates": [-95.104558, 29.762959]}, "properties": {"OBJECTID": 1461148, "REM_PROG": "Voluntary Cleanup Program (VCP)", "RN": "RN102072758", "VCP_ID": 882, "SITE_NAME": "CHANNELVIEW REAL PROPERTY", "PHYS_ADDR": "16508 DE ZAVALLA RD", "ADDR_DESC": "16508 DEZAVALLA ROAD", "CITY": "CHANNELVIEW", "COUNTY": "HARRIS", "ZIP_CODE": "77530", "REGION": "REGION 12 - HOUSTON", "LAT_DD": 29.76295382, "LONG_DD": -95.10455089, "HORZ_METH": "ADDMAT_NUM", "HORZ_ACC": -9999, "HORZ_REF": "OTHER", "HORZ_DATE": "19981130", "HORZ_ORG": "TCEQ", "HORZ_DATUM": "NAD83", "HORZ_DESC": null, "dma_county": "Harris", "tceq_program": "vcp"}}, {"type": "Feature", "id": 1461149, "geometry": {"type": "Point", "coordinates": [-95.417293, 29.737361]}, "properties": {"OBJECTID": 1461149, "REM_PROG": "Voluntary Cleanup Program (VCP)", "RN": "RN104397898", "VCP_ID": 1734, "SITE_NAME": "D/J VENTURE", "PHYS_ADDR": "3131 ARGONNE ST", "ADDR_DESC": "LOCATED NE OF INTX OF ARGONNE ST & BRANARD ST", "CITY": "HOUSTON", "COUNTY": "HARRIS", "ZIP_CODE": "77098", "REGION": "REGION 12 - HOUSTON", "LAT_DD": 29.73735584, "LONG_DD": -95.41728565, "HORZ_METH": "ADDMAT_NUM", "HORZ_ACC": -9999, "HORZ_REF": "OTHER", "HORZ_DATE": "20040908", "HORZ_ORG": "TCEQ", "HORZ_DATUM": "NAD83", "HORZ_DESC": null, "dma_county": "Harris", "tceq_program": "vcp"}}, {"type": "Feature", "id": 1461152, "geometry": {"type": "Point", "coordinates": [-95.336916, 29.758287]}, "properties": {"OBJECTID": 1461152, "REM_PROG": "Voluntary Cleanup Program (VCP)", "RN": "RN100694041", "VCP_ID": 334, "SITE_NAME": "NORTH VELASCO ROAD PROPERTY L", "PHYS_ADDR": "709 N VELASCO ST", "ADDR_DESC": "709 N VELASCO HOUSTON TX", "CITY": "HOUSTON", "COUNTY": "HARRIS", "ZIP_CODE": "77003", "REGION": "REGION 12 - HOUSTON", "LAT_DD": 29.75828143, "LONG_DD": -95.33690854, "HORZ_METH": "DOQ", "HORZ_ACC": 5, "HORZ_REF": "STRUC_CEN", "HORZ_DATE": "19960905", "HORZ_ORG": "TCEQ", "HORZ_DATUM": "NAD83", "HORZ_DESC": "Lead Products Company", "dma_county": "Harris", "tceq_program": "vcp"}}, {"type": "Feature", "id": 1461154, "geometry": {"type": "Point", "coordinates": [-95.365103, 29.754308]}, "properties": {"OBJECTID": 1461154, "REM_PROG": "Voluntary Cleanup Program (VCP)", "RN": "RN104859897", "VCP_ID": 1877, "SITE_NAME": "BLOCK 273", "PHYS_ADDR": "1210 SAN JACINTO ST", "ADDR_DESC": null, "CITY": "HOUSTON", "COUNTY": "HARRIS", "ZIP_CODE": "77002", "REGION": "REGION 12 - HOUSTON", "LAT_DD": 29.75430313, "LONG_DD": -95.36509558, "HORZ_METH": "ADDMAT", "HORZ_ACC": -9999, "HORZ_REF": "OTHER", "HORZ_DATE": "20051021", "HORZ_ORG": "TCEQ", "HORZ_DATUM": "NAD83", "HORZ_DESC": null, "dma_county": "Harris", "tceq_program": "vcp"}}, {"type": "Feature", "id": 1461155, "geometry": {"type": "Point", "coordinates": [-95.44868, 29.786575]}, "properties": {"OBJECTID": 1461155, "REM_PROG": "Voluntary Cleanup Program (VCP)", "RN": "RN101475499", "VCP_ID": 139, "SITE_NAME": "AUSTIN STEEL", "PHYS_ADDR": "7110 OLD KATY RD", "ADDR_DESC": "7110 OLD KATY ROAD", "CITY": "HOUSTON", "COUNTY": "HARRIS", "ZIP_CODE": "77024", "REGION": "REGION 12 - HOUSTON", "LAT_DD": 29.78656972, "LONG_DD": -95.44867321, "HORZ_METH": "ADDMAT_NUM", "HORZ_ACC": -9999, "HORZ_REF": "STRUC_CEN", "HORZ_DATE": "19951222", "HORZ_ORG": "TCEQ", "HORZ_DATUM": "NAD83", "HORZ_DESC": null, "dma_county": "Harris", "tceq_program": "vcp"}}, {"type": "Feature", "id": 1461156, "geometry": {"type": "Point", "coordinates": [-95.315684, 29.738457]}, "properties": {"OBJECTID": 1461156, "REM_PROG": "Voluntary Cleanup Program (VCP)", "RN": "RN105662688", "VCP_ID": 2238, "SITE_NAME": "EAST END CORRIDOR - PARCEL EE 095", "PHYS_ADDR": "6400 HARRISBURG BLVD", "ADDR_DESC": null, "CITY": "HOUSTON", "COUNTY": "HARRIS", "ZIP_CODE": "77011", "REGION": "REGION 12 - HOUSTON", "LAT_DD": 29.738452080000002, "LONG_DD": -95.31567716, "HORZ_METH": "ADDMAT_NUM", "HORZ_ACC": -9999, "HORZ_REF": "OTHER", "HORZ_DATE": "20081211", "HORZ_ORG": "TCEQ", "HORZ_DATUM": "NAD83", "HORZ_DESC": null, "dma_county": "Harris", "tceq_program": "vcp"}}, {"type": "Feature", "id": 1461161, "geometry": {"type": "Point", "coordinates": [-95.464916, 29.738345]}, "properties": {"OBJECTID": 1461161, "REM_PROG": "Voluntary Cleanup Program (VCP)", "RN": "RN100641919", "VCP_ID": 659, "SITE_NAME": "THE WESTIN GALLERIA LAUNDRY RO", "PHYS_ADDR": "5060 W ALABAMA ST", "ADDR_DESC": "5060 W ALABAMA ST", "CITY": "HOUSTON", "COUNTY": "HARRIS", "ZIP_CODE": "77056", "REGION": "REGION 12 - HOUSTON", "LAT_DD": 29.73834015, "LONG_DD": -95.46490871, "HORZ_METH": "DOQ", "HORZ_ACC": 5, "HORZ_REF": "FAC_CEN", "HORZ_DATE": "19971121", "HORZ_ORG": "TCEQ", "HORZ_DATUM": "NAD83", "HORZ_DESC": null, "dma_county": "Harris", "tceq_program": "vcp"}}, {"type": "Feature", "id": 1461162, "geometry": {"type": "Point", "coordinates": [-95.23686, 29.732892]}, "properties": {"OBJECTID": 1461162, "REM_PROG": "Voluntary Cleanup Program (VCP)", "RN": "RN100650209", "VCP_ID": 162, "SITE_NAME": "WOODHOUSE TERMINAL - PORT OF H", "PHYS_ADDR": "1605 CLINTON DR", "ADDR_DESC": "1605 CLINTON DRIVE", "CITY": "GALENA PARK", "COUNTY": "HARRIS", "ZIP_CODE": "77547", "REGION": "REGION 12 - HOUSTON", "LAT_DD": 29.73288644, "LONG_DD": -95.23685318, "HORZ_METH": "ADDMAT_NUM", "HORZ_ACC": -9999, "HORZ_REF": "OTHER", "HORZ_DATE": "19960318", "HORZ_ORG": "TCEQ", "HORZ_DATUM": "NAD83", "HORZ_DESC": null, "dma_county": "Harris", "tceq_program": "vcp"}}, {"type": "Feature", "id": 1461163, "geometry": {"type": "Point", "coordinates": [-95.644602, 29.675129]}, "properties": {"OBJECTID": 1461163, "REM_PROG": "Voluntary Cleanup Program (VCP)", "RN": "RN102616935", "VCP_ID": 70, "SITE_NAME": "PROVIDENCE SHOPPING CENTER", "PHYS_ADDR": "9404 HIGHWAY 6 S", "ADDR_DESC": "9404 SOUTH STATE HIGHWAY 6", "CITY": "HOUSTON", "COUNTY": "FORT BEND", "ZIP_CODE": "77083", "REGION": "REGION 12 - HOUSTON", "LAT_DD": 29.6751243, "LONG_DD": -95.64459489, "HORZ_METH": "ADDMAT_NUM", "HORZ_ACC": -9999, "HORZ_REF": "STRUC_CEN", "HORZ_DATE": "19950406", "HORZ_ORG": "TCEQ", "HORZ_DATUM": "NAD83", "HORZ_DESC": null, "dma_county": "Fort Bend", "tceq_program": "vcp"}}, {"type": "Feature", "id": 1461164, "geometry": {"type": "Point", "coordinates": [-95.632005, 29.622025]}, "properties": {"OBJECTID": 1461164, "REM_PROG": "Voluntary Cleanup Program (VCP)", "RN": "RN101612372", "VCP_ID": 2522, "SITE_NAME": "SUGAR REFINERY PARCEL EAST", "PHYS_ADDR": "198 KEMPNER ST", "ADDR_DESC": "N OF HWY 90A AND EAST OF ST HWY 6", "CITY": "SUGAR LAND", "COUNTY": "FORT BEND", "ZIP_CODE": "77498", "REGION": "REGION 12 - HOUSTON", "LAT_DD": 29.62201959, "LONG_DD": -95.63199798, "HORZ_METH": "ADDMAT_NUM", "HORZ_ACC": -9999, "HORZ_REF": "FAC_CEN", "HORZ_DATE": "20120724", "HORZ_ORG": "TCEQ", "HORZ_DATUM": "NAD83", "HORZ_DESC": null, "dma_county": "Fort Bend", "tceq_program": "vcp"}}, {"type": "Feature", "id": 1461169, "geometry": {"type": "Point", "coordinates": [-95.584227, 29.920564]}, "properties": {"OBJECTID": 1461169, "REM_PROG": "Voluntary Cleanup Program (VCP)", "RN": "RN101484244", "VCP_ID": 48, "SITE_NAME": "PILGRIM CLEANERS 18", "PHYS_ADDR": "10154 JONES RD", "ADDR_DESC": "10154 JONES RD HOUSTON TX", "CITY": "HOUSTON", "COUNTY": "HARRIS", "ZIP_CODE": "77065", "REGION": "REGION 12 - HOUSTON", "LAT_DD": 29.92055842, "LONG_DD": -95.58421989, "HORZ_METH": "DOQ", "HORZ_ACC": 5, "HORZ_REF": "FAC_CEN", "HORZ_DATE": "19951214", "HORZ_ORG": "TCEQ", "HORZ_DATUM": "NAD83", "HORZ_DESC": null, "dma_county": "Harris", "tceq_program": "vcp"}}, {"type": "Feature", "id": 1461172, "geometry": {"type": "Point", "coordinates": [-95.387611, 29.678575]}, "properties": {"OBJECTID": 1461172, "REM_PROG": "Voluntary Cleanup Program (VCP)", "RN": "RN102743952", "VCP_ID": 960, "SITE_NAME": "FORMER WAUKESHA-PEARCE INDUSTR", "PHYS_ADDR": "825 S LOOP W # 610", "ADDR_DESC": "825 SOUTH LOOP 610 WEST", "CITY": "HOUSTON", "COUNTY": "HARRIS", "ZIP_CODE": "77054", "REGION": "REGION 12 - HOUSTON", "LAT_DD": 29.67856961, "LONG_DD": -95.38760443, "HORZ_METH": "DOQ", "HORZ_ACC": 5, "HORZ_REF": "FAC_CEN", "HORZ_DATE": "19990415", "HORZ_ORG": "TCEQ", "HORZ_DATUM": "NAD83", "HORZ_DESC": null, "dma_county": "Harris", "tceq_program": "vcp"}}, {"type": "Feature", "id": 1461173, "geometry": {"type": "Point", "coordinates": [-95.367008, 29.74592]}, "properties": {"OBJECTID": 1461173, "REM_PROG": "Voluntary Cleanup Program (VCP)", "RN": "RN106059132", "VCP_ID": 2368, "SITE_NAME": "GRAY STREET PROPERTY", "PHYS_ADDR": null, "ADDR_DESC": "1400 AND 1500 BLOCKS OF GRAY STREET CITY BLOCKS 437 AND 436 RESPECTIVELY BETWEEN AUSTIN AND CRAWFORD STREETS AN GRAY AND WEBSTER STREETS", "CITY": "HOUSTON", "COUNTY": "HARRIS", "ZIP_CODE": null, "REGION": "REGION 12 - HOUSTON", "LAT_DD": 29.745915, "LONG_DD": -95.367001, "HORZ_METH": "UNKNOWN", "HORZ_ACC": -9999, "HORZ_REF": "OTHER", "HORZ_DATE": "20101213", "HORZ_ORG": "TCEQ", "HORZ_DATUM": "NAD83", "HORZ_DESC": null, "dma_county": "Harris", "tceq_program": "vcp"}}, {"type": "Feature", "id": 1461174, "geometry": {"type": "Point", "coordinates": [-95.481898, 30.433485]}, "properties": {"OBJECTID": 1461174, "REM_PROG": "Voluntary Cleanup Program (VCP)", "RN": "RN100656149", "VCP_ID": 1072, "SITE_NAME": "FORMER TEXAS PUP SITE", "PHYS_ADDR": "640 HIGHWAY 75 N", "ADDR_DESC": "640 US HIGHWAY 75 NORTH", "CITY": "WILLIS", "COUNTY": "MONTGOMERY", "ZIP_CODE": "77378", "REGION": "REGION 12 - HOUSTON", "LAT_DD": 30.4334792, "LONG_DD": -95.48189047, "HORZ_METH": "DOQ", "HORZ_ACC": 5, "HORZ_REF": "STRUC_CEN", "HORZ_DATE": "19991018", "HORZ_ORG": "TCEQ", "HORZ_DATUM": "NAD83", "HORZ_DESC": null, "dma_county": "Montgomery", "tceq_program": "vcp"}}, {"type": "Feature", "id": 1461175, "geometry": {"type": "Point", "coordinates": [-95.393254, 29.770441]}, "properties": {"OBJECTID": 1461175, "REM_PROG": "Voluntary Cleanup Program (VCP)", "RN": "RN100894062", "VCP_ID": 2515, "SITE_NAME": "HISD DOGAN ELEMENTARY SCHOOL", "PHYS_ADDR": "3200 CENTER ST", "ADDR_DESC": "3200 CENTER ST", "CITY": "HOUSTON", "COUNTY": "HARRIS", "ZIP_CODE": "77007", "REGION": "REGION 12 - HOUSTON", "LAT_DD": 29.77043531, "LONG_DD": -95.39324691, "HORZ_METH": "ADDMAT_NUM", "HORZ_ACC": -9999, "HORZ_REF": "STRUC_CEN", "HORZ_DATE": "20120626", "HORZ_ORG": "TCEQ", "HORZ_DATUM": "NAD83", "HORZ_DESC": null, "dma_county": "Harris", "tceq_program": "vcp"}}, {"type": "Feature", "id": 1461176, "geometry": {"type": "Point", "coordinates": [-95.320902, 29.748576]}, "properties": {"OBJECTID": 1461176, "REM_PROG": "Voluntary Cleanup Program (VCP)", "RN": "RN101474617", "VCP_ID": 281, "SITE_NAME": "PENTRON", "PHYS_ADDR": null, "ADDR_DESC": "323 AVENUE J ABANDONED AUTO SERVICE CENTER", "CITY": "HOUSTON", "COUNTY": "HARRIS", "ZIP_CODE": null, "REGION": "REGION 12 - HOUSTON", "LAT_DD": 29.74857128, "LONG_DD": -95.32089512, "HORZ_METH": "ADDMAT_NUM", "HORZ_ACC": -9999, "HORZ_REF": "STRUC_CEN", "HORZ_DATE": "19960621", "HORZ_ORG": "TCEQ", "HORZ_DATUM": "NAD83", "HORZ_DESC": null, "dma_county": "Harris", "tceq_program": "vcp"}}, {"type": "Feature", "id": 1461183, "geometry": {"type": "Point", "coordinates": [-95.544299, 29.814829]}, "properties": {"OBJECTID": 1461183, "REM_PROG": "Voluntary Cleanup Program (VCP)", "RN": "RN104090931", "VCP_ID": 1202, "SITE_NAME": "2400 GESSNER SHOPPING CENTER", "PHYS_ADDR": "2418 GESSNER RD", "ADDR_DESC": "2418 GESSNER AK 2400 GESSNER SHOPPING CENTER", "CITY": "HOUSTON", "COUNTY": "HARRIS", "ZIP_CODE": "77080", "REGION": "REGION 12 - HOUSTON", "LAT_DD": 29.81482399, "LONG_DD": -95.54429212, "HORZ_METH": "DOQ", "HORZ_ACC": 5, "HORZ_REF": "STRUC_CEN", "HORZ_DATE": "20000428", "HORZ_ORG": "TCEQ", "HORZ_DATUM": "NAD83", "HORZ_DESC": null, "dma_county": "Harris", "tceq_program": "vcp"}}, {"type": "Feature", "id": 1461184, "geometry": {"type": "Point", "coordinates": [-96.209173, 29.037017]}, "properties": {"OBJECTID": 1461184, "REM_PROG": "Voluntary Cleanup Program (VCP)", "RN": "RN104643358", "VCP_ID": 2111, "SITE_NAME": "DANEVANG RELEASE SITE", "PHYS_ADDR": null, "ADDR_DESC": "HWY 71 AND CR 426 0.40 MILES SOUTH OF CR 426 ON WEST SIDE OF HWY 71", "CITY": "DANEVANG", "COUNTY": "WHARTON", "ZIP_CODE": null, "REGION": "REGION 12 - HOUSTON", "LAT_DD": 29.03701152, "LONG_DD": -96.20916608, "HORZ_METH": "DOQ", "HORZ_ACC": 5, "HORZ_REF": "OTHER", "HORZ_DATE": "20071102", "HORZ_ORG": "TCEQ", "HORZ_DATUM": "NAD83", "HORZ_DESC": null, "dma_county": "Wharton", "tceq_program": "vcp"}}, {"type": "Feature", "id": 1461188, "geometry": {"type": "Point", "coordinates": [-95.523617, 29.849725]}, "properties": {"OBJECTID": 1461188, "REM_PROG": "Voluntary Cleanup Program (VCP)", "RN": "RN102070141", "VCP_ID": 1113, "SITE_NAME": "JJS FASTRAC CONVENIENCE STORE", "PHYS_ADDR": null, "ADDR_DESC": "NWC BELTWAY 8 AND TANNER ROAD PROPOSED CONVENIENCE STORE", "CITY": "HOUSTON", "COUNTY": "HARRIS", "ZIP_CODE": null, "REGION": "REGION 12 - HOUSTON", "LAT_DD": 29.849719999999998, "LONG_DD": -95.52360999999999, "HORZ_METH": "UNKNOWN", "HORZ_ACC": -9999, "HORZ_REF": "OTHER", "HORZ_DATE": "20000113", "HORZ_ORG": "TCEQ", "HORZ_DATUM": "NAD83", "HORZ_DESC": null, "dma_county": "Harris", "tceq_program": "vcp"}}, {"type": "Feature", "id": 1461197, "geometry": {"type": "Point", "coordinates": [-95.496539, 29.737215]}, "properties": {"OBJECTID": 1461197, "REM_PROG": "Voluntary Cleanup Program (VCP)", "RN": "RN103369179", "VCP_ID": 903, "SITE_NAME": "MARINER VILLAGE SHOPPING CENTE", "PHYS_ADDR": "6347 WESTHEIMER RD", "ADDR_DESC": "6347 - 6467 WESTHEIMER ROAD @ WINROCK", "CITY": "HOUSTON", "COUNTY": "HARRIS", "ZIP_CODE": "77057", "REGION": "REGION 12 - HOUSTON", "LAT_DD": 29.73720989, "LONG_DD": -95.4965315, "HORZ_METH": "ADDMAT_NUM", "HORZ_ACC": -9999, "HORZ_REF": "STRUC_CEN", "HORZ_DATE": "19981222", "HORZ_ORG": "TCEQ", "HORZ_DATUM": "NAD83", "HORZ_DESC": null, "dma_county": "Harris", "tceq_program": "vcp"}}, {"type": "Feature", "id": 1461200, "geometry": {"type": "Point", "coordinates": [-95.534084, 29.690052]}, "properties": {"OBJECTID": 1461200, "REM_PROG": "Voluntary Cleanup Program (VCP)", "RN": "RN100698919", "VCP_ID": 1409, "SITE_NAME": "DRY CLEAN USA - SOUTHWAY SHOPPING CENTER", "PHYS_ADDR": "8058 S GESSNER RD", "ADDR_DESC": "CORNER OF S GESSNER & US 59 AT SOUTHWAY SHOPPING CENTER", "CITY": "HOUSTON", "COUNTY": "HARRIS", "ZIP_CODE": "77036", "REGION": "REGION 12 - HOUSTON", "LAT_DD": 29.690047, "LONG_DD": -95.5340765, "HORZ_METH": "ADDMAT_NUM", "HORZ_ACC": -9999, "HORZ_REF": "OTHER", "HORZ_DATE": "20011119", "HORZ_ORG": "TCEQ", "HORZ_DATUM": "NAD83", "HORZ_DESC": null, "dma_county": "Harris", "tceq_program": "vcp"}}, {"type": "Feature", "id": 1461203, "geometry": {"type": "Point", "coordinates": [-95.269849, 29.721552]}, "properties": {"OBJECTID": 1461203, "REM_PROG": "Voluntary Cleanup Program (VCP)", "RN": "RN104648191", "VCP_ID": 2068, "SITE_NAME": "LONE STAR INDUSTRIES", "PHYS_ADDR": "8901 MANCHESTER ST", "ADDR_DESC": null, "CITY": "HOUSTON", "COUNTY": "HARRIS", "ZIP_CODE": "77012", "REGION": "REGION 12 - HOUSTON", "LAT_DD": 29.72154723, "LONG_DD": -95.26984188, "HORZ_METH": "DOQ", "HORZ_ACC": 5, "HORZ_REF": "STRUC_CEN", "HORZ_DATE": "20070601", "HORZ_ORG": "TCEQ", "HORZ_DATUM": "NAD83", "HORZ_DESC": null, "dma_county": "Harris", "tceq_program": "vcp"}}, {"type": "Feature", "id": 1461205, "geometry": {"type": "Point", "coordinates": [-95.307228, 29.806064]}, "properties": {"OBJECTID": 1461205, "REM_PROG": "Voluntary Cleanup Program (VCP)", "RN": "RN102612553", "VCP_ID": 2833, "SITE_NAME": "4847 BLAFFER", "PHYS_ADDR": "4847 BLAFFER ST", "ADDR_DESC": "4847 Blaffer St, Houston, TX", "CITY": "HOUSTON", "COUNTY": "HARRIS", "ZIP_CODE": "77026", "REGION": "REGION 12 - HOUSTON", "LAT_DD": 29.80605858, "LONG_DD": -95.30722151, "HORZ_METH": "ADDMAT_NUM", "HORZ_ACC": -9999, "HORZ_REF": "OTHER", "HORZ_DATE": "20160803", "HORZ_ORG": "TCEQ", "HORZ_DATUM": "NAD83", "HORZ_DESC": null, "dma_county": "Harris", "tceq_program": "vcp"}}, {"type": "Feature", "id": 1461212, "geometry": {"type": "Point", "coordinates": [-95.557197, 29.629191]}, "properties": {"OBJECTID": 1461212, "REM_PROG": "Voluntary Cleanup Program (VCP)", "RN": "RN101053874", "VCP_ID": 2681, "SITE_NAME": "BEDROCK ROCKS FACILITY", "PHYS_ADDR": "10130 CASH RD", "ADDR_DESC": "10130 CASH ROAD", "CITY": "STAFFORD", "COUNTY": "FORT BEND", "ZIP_CODE": "77477", "REGION": "REGION 12 - HOUSTON", "LAT_DD": 29.62918613, "LONG_DD": -95.55719038, "HORZ_METH": "DOQ", "HORZ_ACC": 5, "HORZ_REF": "STRUC_CEN", "HORZ_DATE": "20140626", "HORZ_ORG": "TCEQ", "HORZ_DATUM": "NAD83", "HORZ_DESC": null, "dma_county": "Fort Bend", "tceq_program": "vcp"}}, {"type": "Feature", "id": 1461213, "geometry": {"type": "Point", "coordinates": [-95.566897, 29.786174]}, "properties": {"OBJECTID": 1461213, "REM_PROG": "Voluntary Cleanup Program (VCP)", "RN": "RN100675230", "VCP_ID": 1137, "SITE_NAME": "WEATHERFORD FACILITY - OLD KAT", "PHYS_ADDR": "10802 KATY FWY", "ADDR_DESC": "10802 OLD KATY ROAD", "CITY": "HOUSTON", "COUNTY": "HARRIS", "ZIP_CODE": "77043", "REGION": "REGION 12 - HOUSTON", "LAT_DD": 29.78616839, "LONG_DD": -95.56688995, "HORZ_METH": "ADDMAT_NUM", "HORZ_ACC": -9999, "HORZ_REF": "OTHER", "HORZ_DATE": "20000207", "HORZ_ORG": "TCEQ", "HORZ_DATUM": "NAD83", "HORZ_DESC": null, "dma_county": "Harris", "tceq_program": "vcp"}}, {"type": "Feature", "id": 1461216, "geometry": {"type": "Point", "coordinates": [-95.508855, 29.65475]}, "properties": {"OBJECTID": 1461216, "REM_PROG": "Voluntary Cleanup Program (VCP)", "RN": "RN103013819", "VCP_ID": 116, "SITE_NAME": "PILGRIM CLEANERS 16", "PHYS_ADDR": "11322 FONDREN RD", "ADDR_DESC": "11322 FONDREN RD", "CITY": "HOUSTON", "COUNTY": "HARRIS", "ZIP_CODE": "77035", "REGION": "REGION 12 - HOUSTON", "LAT_DD": 29.65474456, "LONG_DD": -95.50884762, "HORZ_METH": "ADDMAT_NUM", "HORZ_ACC": -9999, "HORZ_REF": "STRUC_CEN", "HORZ_DATE": "19951214", "HORZ_ORG": "TCEQ", "HORZ_DATUM": "NAD83", "HORZ_DESC": null, "dma_county": "Harris", "tceq_program": "vcp"}}, {"type": "Feature", "id": 1461219, "geometry": {"type": "Point", "coordinates": [-95.203422, 29.742551]}, "properties": {"OBJECTID": 1461219, "REM_PROG": "Voluntary Cleanup Program (VCP)", "RN": "RN102180486", "VCP_ID": 1811, "SITE_NAME": "MAGELLAN TERMINALS HOLDINGS GALENA PARK TERMINAL", "PHYS_ADDR": "12901 AMERICAN PETROLEUM RD", "ADDR_DESC": "12901 AMERICAN PETROLEUM ROAD", "CITY": "GALENA PARK", "COUNTY": "HARRIS", "ZIP_CODE": "77547", "REGION": "REGION 12 - HOUSTON", "LAT_DD": 29.74254607, "LONG_DD": -95.2034147, "HORZ_METH": "ADDMAT_NUM", "HORZ_ACC": -9999, "HORZ_REF": "OTHER", "HORZ_DATE": "20050407", "HORZ_ORG": "TCEQ", "HORZ_DATUM": "NAD83", "HORZ_DESC": null, "dma_county": "Harris", "tceq_program": "vcp"}}, {"type": "Feature", "id": 1461223, "geometry": {"type": "Point", "coordinates": [-95.418162, 29.719435]}, "properties": {"OBJECTID": 1461223, "REM_PROG": "Voluntary Cleanup Program (VCP)", "RN": "RN106891724", "VCP_ID": 2627, "SITE_NAME": "FELIX CENTER ON KIRBY", "PHYS_ADDR": "5829 KIRBY DR", "ADDR_DESC": "5819 AND 5829 KIRBY DR", "CITY": "HOUSTON", "COUNTY": "HARRIS", "ZIP_CODE": "77005", "REGION": "REGION 12 - HOUSTON", "LAT_DD": 29.71943028, "LONG_DD": -95.41815467, "HORZ_METH": "ADDMAT_NUM", "HORZ_ACC": -9999, "HORZ_REF": "OTHER", "HORZ_DATE": "20131108", "HORZ_ORG": "TCEQ", "HORZ_DATUM": "NAD83", "HORZ_DESC": null, "dma_county": "Harris", "tceq_program": "vcp"}}, {"type": "Feature", "id": 1461225, "geometry": {"type": "Point", "coordinates": [-95.373703, 29.745442]}, "properties": {"OBJECTID": 1461225, "REM_PROG": "Voluntary Cleanup Program (VCP)", "RN": "RN106601743", "VCP_ID": 2572, "SITE_NAME": "SURFACE PARKING LOT", "PHYS_ADDR": "2519 MAIN ST", "ADDR_DESC": null, "CITY": "HOUSTON", "COUNTY": "HARRIS", "ZIP_CODE": "77002", "REGION": "REGION 12 - HOUSTON", "LAT_DD": 29.74543653, "LONG_DD": -95.37369613, "HORZ_METH": "ADDMAT_NUM", "HORZ_ACC": -9999, "HORZ_REF": "OTHER", "HORZ_DATE": "20130221", "HORZ_ORG": "TCEQ", "HORZ_DATUM": "NAD83", "HORZ_DESC": null, "dma_county": "Harris", "tceq_program": "vcp"}}, {"type": "Feature", "id": 1461228, "geometry": {"type": "Point", "coordinates": [-95.430473, 29.779335]}, "properties": {"OBJECTID": 1461228, "REM_PROG": "Voluntary Cleanup Program (VCP)", "RN": "RN101052389", "VCP_ID": 1290, "SITE_NAME": "LUMBER PROCESSING/VACANT LOT", "PHYS_ADDR": "7502 WASHINGTON AVE", "ADDR_DESC": "7502 WASHINGTON AVENUE", "CITY": "HOUSTON", "COUNTY": "HARRIS", "ZIP_CODE": "77007", "REGION": "REGION 12 - HOUSTON", "LAT_DD": 29.77932993, "LONG_DD": -95.4304656, "HORZ_METH": "DOQ", "HORZ_ACC": 5, "HORZ_REF": "FAC_CEN", "HORZ_DATE": "20001128", "HORZ_ORG": "TCEQ", "HORZ_DATUM": "NAD83", "HORZ_DESC": null, "dma_county": "Harris", "tceq_program": "vcp"}}, {"type": "Feature", "id": 1461233, "geometry": {"type": "Point", "coordinates": [-95.124167, 29.777905]}, "properties": {"OBJECTID": 1461233, "REM_PROG": "Voluntary Cleanup Program (VCP)", "RN": "RN102045564", "VCP_ID": 353, "SITE_NAME": "FORNAX INDUSTRIES, INC.", "PHYS_ADDR": "400 SHELDON RD", "ADDR_DESC": "402 SOUTH SHELDON ROAD", "CITY": "CHANNELVIEW", "COUNTY": "HARRIS", "ZIP_CODE": "77530", "REGION": "REGION 12 - HOUSTON", "LAT_DD": 29.777900000000002, "LONG_DD": -95.12415999999999, "HORZ_METH": "ADDMAT_NUM", "HORZ_ACC": -9999, "HORZ_REF": "OTHER", "HORZ_DATE": "19960920", "HORZ_ORG": "TCEQ", "HORZ_DATUM": "NAD83", "HORZ_DESC": null, "dma_county": "Harris", "tceq_program": "vcp"}}, {"type": "Feature", "id": 1461241, "geometry": {"type": "Point", "coordinates": [-95.142574, 29.71349]}, "properties": {"OBJECTID": 1461241, "REM_PROG": "Voluntary Cleanup Program (VCP)", "RN": "RN102518065", "VCP_ID": 102, "SITE_NAME": "TENNECO OCCIDENTAL CHEMICAL", "PHYS_ADDR": "4403 PASADENA FWY", "ADDR_DESC": "4403 PASADENA FREEWAY", "CITY": "PASADENA", "COUNTY": "HARRIS", "ZIP_CODE": "77503", "REGION": "REGION 12 - HOUSTON", "LAT_DD": 29.71348502, "LONG_DD": -95.14256702, "HORZ_METH": "ADDMAT_NUM", "HORZ_ACC": -9999, "HORZ_REF": "OTHER", "HORZ_DATE": "19960111", "HORZ_ORG": "TCEQ", "HORZ_DATUM": "NAD83", "HORZ_DESC": null, "dma_county": "Harris", "tceq_program": "vcp"}}, {"type": "Feature", "id": 1461247, "geometry": {"type": "Point", "coordinates": [-95.506909, 29.840682]}, "properties": {"OBJECTID": 1461247, "REM_PROG": "Voluntary Cleanup Program (VCP)", "RN": "RN100644863", "VCP_ID": 1186, "SITE_NAME": "FORMER ITT HILDEBRANDT SITE", "PHYS_ADDR": "7707 PINEMONT DR", "ADDR_DESC": "7707 Pinemont Dr, Houston, TX", "CITY": "HOUSTON", "COUNTY": "HARRIS", "ZIP_CODE": "77040", "REGION": "REGION 12 - HOUSTON", "LAT_DD": 29.84067656, "LONG_DD": -95.50690185, "HORZ_METH": "ADDMAT_NUM", "HORZ_ACC": -9999, "HORZ_REF": "OTHER", "HORZ_DATE": "20000426", "HORZ_ORG": "TCEQ", "HORZ_DATUM": "NAD83", "HORZ_DESC": null, "dma_county": "Harris", "tceq_program": "vcp"}}, {"type": "Feature", "id": 1461250, "geometry": {"type": "Point", "coordinates": [-95.529145, 29.847246]}, "properties": {"OBJECTID": 1461250, "REM_PROG": "Voluntary Cleanup Program (VCP)", "RN": "RN100637263", "VCP_ID": 1288, "SITE_NAME": "VAN LEER FLEXIBLES", "PHYS_ADDR": "9505 BAMBOO RD", "ADDR_DESC": "9505 BAMBOO RD HOUSTON TX", "CITY": "HOUSTON", "COUNTY": "HARRIS", "ZIP_CODE": "77041", "REGION": "REGION 12 - HOUSTON", "LAT_DD": 29.84724058, "LONG_DD": -95.52913794, "HORZ_METH": "ADDMAT_NUM", "HORZ_ACC": -9999, "HORZ_REF": "STRUC_CEN", "HORZ_DATE": "20001128", "HORZ_ORG": "TCEQ", "HORZ_DATUM": "NAD83", "HORZ_DESC": null, "dma_county": "Harris", "tceq_program": "vcp"}}, {"type": "Feature", "id": 1461252, "geometry": {"type": "Point", "coordinates": [-95.29333, 29.799899]}, "properties": {"OBJECTID": 1461252, "REM_PROG": "Voluntary Cleanup Program (VCP)", "RN": "RN100712504", "VCP_ID": 1509, "SITE_NAME": "PROLER PROPERTIES", "PHYS_ADDR": "7501 LIBERTY RD", "ADDR_DESC": "3 500 FT NE OF INTERSECTION OF LIBERTY RD AND HOMESTEAD RD", "CITY": "HOUSTON", "COUNTY": "HARRIS", "ZIP_CODE": "77028", "REGION": "REGION 12 - HOUSTON", "LAT_DD": 29.79989425, "LONG_DD": -95.29332286, "HORZ_METH": "ADDMAT_NUM", "HORZ_ACC": -9999, "HORZ_REF": "FAC_CEN", "HORZ_DATE": "20020812", "HORZ_ORG": "TCEQ", "HORZ_DATUM": "NAD83", "HORZ_DESC": null, "dma_county": "Harris", "tceq_program": "vcp"}}, {"type": "Feature", "id": 1461253, "geometry": {"type": "Point", "coordinates": [-95.299905, 29.765073]}, "properties": {"OBJECTID": 1461253, "REM_PROG": "Voluntary Cleanup Program (VCP)", "RN": "RN101821478", "VCP_ID": 1297, "SITE_NAME": "FORMER PENNZOIL DISTRIBUTION FACILITY", "PHYS_ADDR": "1310 BOYLES ST", "ADDR_DESC": null, "CITY": "HOUSTON", "COUNTY": "HARRIS", "ZIP_CODE": "77020", "REGION": "REGION 12 - HOUSTON", "LAT_DD": 29.76506791, "LONG_DD": -95.29989777, "HORZ_METH": "ADDMAT_NUM", "HORZ_ACC": -9999, "HORZ_REF": "FAC_CEN", "HORZ_DATE": "20010110", "HORZ_ORG": "TCEQ", "HORZ_DATUM": "NAD83", "HORZ_DESC": null, "dma_county": "Harris", "tceq_program": "vcp"}}, {"type": "Feature", "id": 1461256, "geometry": {"type": "Point", "coordinates": [-95.348084, 29.751811]}, "properties": {"OBJECTID": 1461256, "REM_PROG": "Voluntary Cleanup Program (VCP)", "RN": "RN106273030", "VCP_ID": 2453, "SITE_NAME": "GOLDEN DUCK MEAT & POULTRY", "PHYS_ADDR": "2619 TEXAS ST", "ADDR_DESC": null, "CITY": "HOUSTON", "COUNTY": "HARRIS", "ZIP_CODE": "77003", "REGION": "REGION 12 - HOUSTON", "LAT_DD": 29.75180625, "LONG_DD": -95.34807727, "HORZ_METH": "DOQ", "HORZ_ACC": 5, "HORZ_REF": "FAC_CEN", "HORZ_DATE": "20111020", "HORZ_ORG": "TCEQ", "HORZ_DATUM": "NAD83", "HORZ_DESC": null, "dma_county": "Harris", "tceq_program": "vcp"}}, {"type": "Feature", "id": 1461258, "geometry": {"type": "Point", "coordinates": [-95.252878, 30.039624]}, "properties": {"OBJECTID": 1461258, "REM_PROG": "Voluntary Cleanup Program (VCP)", "RN": "RN100535558", "VCP_ID": 1892, "SITE_NAME": "FLAGSHIP KINGWOOD CAR WASH", "PHYS_ADDR": "22515 LOOP 494", "ADDR_DESC": "22515 LOOP 494", "CITY": "KINGWOOD", "COUNTY": "HARRIS", "ZIP_CODE": "77339", "REGION": "REGION 12 - HOUSTON", "LAT_DD": 30.03961911, "LONG_DD": -95.25287144, "HORZ_METH": "DOQ", "HORZ_ACC": 5, "HORZ_REF": "FAC_CEN", "HORZ_DATE": "20051228", "HORZ_ORG": "TCEQ", "HORZ_DATUM": "NAD83", "HORZ_DESC": null, "dma_county": "Harris", "tceq_program": "vcp"}}, {"type": "Feature", "id": 1461259, "geometry": {"type": "Point", "coordinates": [-95.403129, 29.809707]}, "properties": {"OBJECTID": 1461259, "REM_PROG": "Voluntary Cleanup Program (VCP)", "RN": "RN100663772", "VCP_ID": 2703, "SITE_NAME": "CORROSION PROTECTION SERVICES", "PHYS_ADDR": "340 W 26TH ST", "ADDR_DESC": "340 W 26th Street, Houston, TX", "CITY": "HOUSTON", "COUNTY": "HARRIS", "ZIP_CODE": "77008", "REGION": "REGION 12 - HOUSTON", "LAT_DD": 29.80970166, "LONG_DD": -95.40312211, "HORZ_METH": "ADDMAT_NUM", "HORZ_ACC": -9999, "HORZ_REF": "OTHER", "HORZ_DATE": "20141107", "HORZ_ORG": "TCEQ", "HORZ_DATUM": "NAD83", "HORZ_DESC": null, "dma_county": "Harris", "tceq_program": "vcp"}}, {"type": "Feature", "id": 1461263, "geometry": {"type": "Point", "coordinates": [-95.446343, 29.780071]}, "properties": {"OBJECTID": 1461263, "REM_PROG": "Voluntary Cleanup Program (VCP)", "RN": "RN101461770", "VCP_ID": 351, "SITE_NAME": "WESTPORT BUILDING NO. 9, SUITE", "PHYS_ADDR": "6767 PORTWEST DR", "ADDR_DESC": "6767 PORTWEST DRIVE", "CITY": "HOUSTON", "COUNTY": "HARRIS", "ZIP_CODE": "77024", "REGION": "REGION 12 - HOUSTON", "LAT_DD": 29.78006607, "LONG_DD": -95.44633554, "HORZ_METH": "ADDMAT_NUM", "HORZ_ACC": -9999, "HORZ_REF": "STRUC_CEN", "HORZ_DATE": "19960917", "HORZ_ORG": "TCEQ", "HORZ_DATUM": "NAD83", "HORZ_DESC": null, "dma_county": "Harris", "tceq_program": "vcp"}}, {"type": "Feature", "id": 1461265, "geometry": {"type": "Point", "coordinates": [-95.63027, 29.946426]}, "properties": {"OBJECTID": 1461265, "REM_PROG": "Voluntary Cleanup Program (VCP)", "RN": "RN103164067", "VCP_ID": 1594, "SITE_NAME": "CYPRESS JUNCTION SHOPPING CENTER", "PHYS_ADDR": "13815 CYPRESS NORTH HOUSTON RD", "ADDR_DESC": null, "CITY": "CYPRESS", "COUNTY": "HARRIS", "ZIP_CODE": "77429", "REGION": "REGION 12 - HOUSTON", "LAT_DD": 29.94642049, "LONG_DD": -95.63026286, "HORZ_METH": "ADDMAT_NUM", "HORZ_ACC": -9999, "HORZ_REF": "STRUC_CEN", "HORZ_DATE": "20030527", "HORZ_ORG": "TCEQ", "HORZ_DATUM": "NAD83", "HORZ_DESC": null, "dma_county": "Harris", "tceq_program": "vcp"}}, {"type": "Feature", "id": 1461271, "geometry": {"type": "Point", "coordinates": [-95.380774, 29.77255]}, "properties": {"OBJECTID": 1461271, "REM_PROG": "Voluntary Cleanup Program (VCP)", "RN": "RN102644523", "VCP_ID": 709, "SITE_NAME": "FORMER TURCO PRODUCTS SITE", "PHYS_ADDR": "1606 HENDERSON ST", "ADDR_DESC": "1606 HENDERSON STREET", "CITY": "HOUSTON", "COUNTY": "HARRIS", "ZIP_CODE": "77007", "REGION": "REGION 12 - HOUSTON", "LAT_DD": 29.77254454, "LONG_DD": -95.3807672, "HORZ_METH": "DOQ", "HORZ_ACC": 5, "HORZ_REF": "FAC_CEN", "HORZ_DATE": "19980223", "HORZ_ORG": "TCEQ", "HORZ_DATUM": "NAD83", "HORZ_DESC": null, "dma_county": "Harris", "tceq_program": "vcp"}}, {"type": "Feature", "id": 1461273, "geometry": {"type": "Point", "coordinates": [-95.375591, 29.76869]}, "properties": {"OBJECTID": 1461273, "REM_PROG": "Voluntary Cleanup Program (VCP)", "RN": "RN101753242", "VCP_ID": 1772, "SITE_NAME": "AFFORDABLE FEED AND TACK", "PHYS_ADDR": "1802 CENTER ST", "ADDR_DESC": "1200 FT WEST OF IH-45", "CITY": "HOUSTON", "COUNTY": "HARRIS", "ZIP_CODE": "77007", "REGION": "REGION 12 - HOUSTON", "LAT_DD": 29.76868458, "LONG_DD": -95.37558424, "HORZ_METH": "ADDMAT_NUM", "HORZ_ACC": -9999, "HORZ_REF": "OTHER", "HORZ_DATE": "20041221", "HORZ_ORG": "TCEQ", "HORZ_DATUM": "NAD83", "HORZ_DESC": null, "dma_county": "Harris", "tceq_program": "vcp"}}, {"type": "Feature", "id": 1461276, "geometry": {"type": "Point", "coordinates": [-95.369656, 29.964713]}, "properties": {"OBJECTID": 1461276, "REM_PROG": "Voluntary Cleanup Program (VCP)", "RN": "RN100578145", "VCP_ID": 1585, "SITE_NAME": "DRAINAGE DITCH/STORMWATER POND", "PHYS_ADDR": "1902 RANKIN RD", "ADDR_DESC": "1902 RANKIN RD, HOUSTON, TX", "CITY": "HOUSTON", "COUNTY": "HARRIS", "ZIP_CODE": "77073", "REGION": "REGION 12 - HOUSTON", "LAT_DD": 29.9647076, "LONG_DD": -95.36964914, "HORZ_METH": "ADDMAT_NUM", "HORZ_ACC": -9999, "HORZ_REF": "STRUC_CEN", "HORZ_DATE": "20030417", "HORZ_ORG": "TCEQ", "HORZ_DATUM": "NAD83", "HORZ_DESC": null, "dma_county": "Harris", "tceq_program": "vcp"}}, {"type": "Feature", "id": 1461277, "geometry": {"type": "Point", "coordinates": [-95.091443, 29.732469]}, "properties": {"OBJECTID": 1461277, "REM_PROG": "Voluntary Cleanup Program (VCP)", "RN": "RN100210806", "VCP_ID": 1269, "SITE_NAME": "INTERCONTINENTAL TERMINALS", "PHYS_ADDR": "1943 INDEPENDENCE PKWY S", "ADDR_DESC": "1943 BATTLEGROUND RD", "CITY": "LA PORTE", "COUNTY": "HARRIS", "ZIP_CODE": "77571", "REGION": "REGION 12 - HOUSTON", "LAT_DD": 29.7324641, "LONG_DD": -95.09143629, "HORZ_METH": "ADDMAT_NUM", "HORZ_ACC": -9999, "HORZ_REF": "OTHER", "HORZ_DATE": "20001017", "HORZ_ORG": "TCEQ", "HORZ_DATUM": "NAD83", "HORZ_DESC": null, "dma_county": "Harris", "tceq_program": "vcp"}}, {"type": "Feature", "id": 1461281, "geometry": {"type": "Point", "coordinates": [-95.449394, 29.474394]}, "properties": {"OBJECTID": 1461281, "REM_PROG": "Voluntary Cleanup Program (VCP)", "RN": "RN104801105", "VCP_ID": 2268, "SITE_NAME": "FORCE ROAD OIL & VACUUM TRUCK", "PHYS_ADDR": "1722 COUNTY ROAD 573", "ADDR_DESC": "FROM HOUSTON TAKE HWY 288 SOUTH EXIT HWY 6 TURN RIGHT WEST TURN LEFT AT CR 48 FIRST LIGHT TURN RIGHT ON CR 190 TURN LEFT ON CR 383 TURN RIGHT ON CR 573 THE FORCE RAD SITE IS NEAR THE END OF CR 573 ON THE LEFT", "CITY": "ARCOLA", "COUNTY": "BRAZORIA", "ZIP_CODE": "77583", "REGION": "REGION 12 - HOUSTON", "LAT_DD": 29.47438878, "LONG_DD": -95.44938734, "HORZ_METH": "ADDMAT", "HORZ_ACC": -9999, "HORZ_REF": "OTHER", "HORZ_DATE": "20090518", "HORZ_ORG": "TCEQ", "HORZ_DATUM": "NAD83", "HORZ_DESC": null, "dma_county": "Brazoria", "tceq_program": "vcp"}}, {"type": "Feature", "id": 1461284, "geometry": {"type": "Point", "coordinates": [-95.281103, 29.728758]}, "properties": {"OBJECTID": 1461284, "REM_PROG": "Voluntary Cleanup Program (VCP)", "RN": "RN101897726", "VCP_ID": 841, "SITE_NAME": "TEXAS MARINE SUPPLY", "PHYS_ADDR": "8050 HARRISBURG BLVD", "ADDR_DESC": null, "CITY": "HOUSTON", "COUNTY": "HARRIS", "ZIP_CODE": "77012", "REGION": "REGION 12 - HOUSTON", "LAT_DD": 29.72875329, "LONG_DD": -95.28109606, "HORZ_METH": "ADDMAT_NUM", "HORZ_ACC": -9999, "HORZ_REF": "FAC_CEN", "HORZ_DATE": "19980918", "HORZ_ORG": "TCEQ", "HORZ_DATUM": "NAD83", "HORZ_DESC": null, "dma_county": "Harris", "tceq_program": "vcp"}}, {"type": "Feature", "id": 1461286, "geometry": {"type": "Point", "coordinates": [-95.330807, 28.948905]}, "properties": {"OBJECTID": 1461286, "REM_PROG": "Voluntary Cleanup Program (VCP)", "RN": "RN101645869", "VCP_ID": 2173, "SITE_NAME": "M-1 SWACO FREEPORT", "PHYS_ADDR": "1200 E BRAZOS ST", "ADDR_DESC": "SOUTH OF THE OLD BRAZOS RIVER, N OF EAST BRAZOS ST, 0.4 MI NE OF INTERSECTION OF E BRAZOS AND E SECOND", "CITY": "FREEPORT", "COUNTY": "BRAZORIA", "ZIP_CODE": "77541", "REGION": "REGION 12 - HOUSTON", "LAT_DD": 28.948900000000002, "LONG_DD": -95.33080000000001, "HORZ_METH": "UNKNOWN", "HORZ_ACC": -9999, "HORZ_REF": "OTHER", "HORZ_DATE": "20080522", "HORZ_ORG": "TCEQ", "HORZ_DATUM": "NAD83", "HORZ_DESC": null, "dma_county": "Brazoria", "tceq_program": "vcp"}}, {"type": "Feature", "id": 1461287, "geometry": {"type": "Point", "coordinates": [-95.368337, 29.803725]}, "properties": {"OBJECTID": 1461287, "REM_PROG": "Voluntary Cleanup Program (VCP)", "RN": "RN105632111", "VCP_ID": 2227, "SITE_NAME": "NORTH ROUTE CORRIDOR - PARCELS 333 & 334", "PHYS_ADDR": null, "ADDR_DESC": "4812 AND 4822 FULTON STREET", "CITY": "HOUSTON", "COUNTY": "HARRIS", "ZIP_CODE": null, "REGION": "REGION 12 - HOUSTON", "LAT_DD": 29.80372, "LONG_DD": -95.36833, "HORZ_METH": "UNKNOWN", "HORZ_ACC": -9999, "HORZ_REF": "OTHER", "HORZ_DATE": "20081006", "HORZ_ORG": "TCEQ", "HORZ_DATUM": "NAD83", "HORZ_DESC": null, "dma_county": "Harris", "tceq_program": "vcp"}}, {"type": "Feature", "id": 1461292, "geometry": {"type": "Point", "coordinates": [-95.218531, 29.703671]}, "properties": {"OBJECTID": 1461292, "REM_PROG": "Voluntary Cleanup Program (VCP)", "RN": "RN105733562", "VCP_ID": 2266, "SITE_NAME": "BRYTON HILL MANOR APARTMENTS", "PHYS_ADDR": "519 RICHEY ST", "ADDR_DESC": "519 RICHEY ST PASADENA TX 77506-1992", "CITY": "PASADENA", "COUNTY": "HARRIS", "ZIP_CODE": "77506", "REGION": "REGION 12 - HOUSTON", "LAT_DD": 29.70366555, "LONG_DD": -95.2185245, "HORZ_METH": "DOQ", "HORZ_ACC": 5, "HORZ_REF": "FAC_CEN", "HORZ_DATE": "20090430", "HORZ_ORG": "TCEQ", "HORZ_DATUM": "NAD83", "HORZ_DESC": null, "dma_county": "Harris", "tceq_program": "vcp"}}, {"type": "Feature", "id": 1461295, "geometry": {"type": "Point", "coordinates": [-95.342036, 29.765154]}, "properties": {"OBJECTID": 1461295, "REM_PROG": "Voluntary Cleanup Program (VCP)", "RN": "RN100874379", "VCP_ID": 2531, "SITE_NAME": "STANDCO INDUSTRIES", "PHYS_ADDR": "2701 CLINTON DR", "ADDR_DESC": "2701 Clinton Dr, Houston, TX", "CITY": "HOUSTON", "COUNTY": "HARRIS", "ZIP_CODE": "77020", "REGION": "REGION 12 - HOUSTON", "LAT_DD": 29.76514838, "LONG_DD": -95.34202906, "HORZ_METH": "ADDMAT_NUM", "HORZ_ACC": -9999, "HORZ_REF": "OTHER", "HORZ_DATE": "20120823", "HORZ_ORG": "TCEQ", "HORZ_DATUM": "NAD83", "HORZ_DESC": null, "dma_county": "Harris", "tceq_program": "vcp"}}, {"type": "Feature", "id": 1461299, "geometry": {"type": "Point", "coordinates": [-95.52822, 29.97256]}, "properties": {"OBJECTID": 1461299, "REM_PROG": "Voluntary Cleanup Program (VCP)", "RN": "RN103945085", "VCP_ID": 1641, "SITE_NAME": "SHOPPING CENTER", "PHYS_ADDR": "6500 FM 1960 RD W", "ADDR_DESC": "NWC OF FM 1960 W AND CHAMPION DRIVE", "CITY": "HOUSTON", "COUNTY": "HARRIS", "ZIP_CODE": "77069", "REGION": "REGION 12 - HOUSTON", "LAT_DD": 29.97255446, "LONG_DD": -95.52821275, "HORZ_METH": "ADDMAT_NUM", "HORZ_ACC": -9999, "HORZ_REF": "OTHER", "HORZ_DATE": "20030925", "HORZ_ORG": "TCEQ", "HORZ_DATUM": "NAD83", "HORZ_DESC": null, "dma_county": "Harris", "tceq_program": "vcp"}}, {"type": "Feature", "id": 1461313, "geometry": {"type": "Point", "coordinates": [-95.365735, 29.795629]}, "properties": {"OBJECTID": 1461313, "REM_PROG": "Voluntary Cleanup Program (VCP)", "RN": "RN105620082", "VCP_ID": 2219, "SITE_NAME": "NORTH ROUTE CORRIDOR - PARCELS 250 & 251", "PHYS_ADDR": "3822 FULTON ST", "ADDR_DESC": "3822 AND 3824 FULTON STREET", "CITY": "HOUSTON", "COUNTY": "HARRIS", "ZIP_CODE": "77009", "REGION": "REGION 12 - HOUSTON", "LAT_DD": 29.79562344, "LONG_DD": -95.36572839, "HORZ_METH": "ADDMAT_NUM", "HORZ_ACC": -9999, "HORZ_REF": "FAC_CEN", "HORZ_DATE": "20080910", "HORZ_ORG": "TCEQ", "HORZ_DATUM": "NAD83", "HORZ_DESC": null, "dma_county": "Harris", "tceq_program": "vcp"}}, {"type": "Feature", "id": 1461316, "geometry": {"type": "Point", "coordinates": [-95.389501, 29.686787]}, "properties": {"OBJECTID": 1461316, "REM_PROG": "Voluntary Cleanup Program (VCP)", "RN": "RN105327449", "VCP_ID": 2545, "SITE_NAME": "8020 EL RIO PROPERTY", "PHYS_ADDR": "8020 EL RIO ST", "ADDR_DESC": null, "CITY": "HOUSTON", "COUNTY": "HARRIS", "ZIP_CODE": "77054", "REGION": "REGION 12 - HOUSTON", "LAT_DD": 29.68678167, "LONG_DD": -95.38949409, "HORZ_METH": "ADDMAT_NUM", "HORZ_ACC": -9999, "HORZ_REF": "OTHER", "HORZ_DATE": "20121101", "HORZ_ORG": "TCEQ", "HORZ_DATUM": "NAD83", "HORZ_DESC": null, "dma_county": "Harris", "tceq_program": "vcp"}}, {"type": "Feature", "id": 1461321, "geometry": {"type": "Point", "coordinates": [-95.391285, 29.670148]}, "properties": {"OBJECTID": 1461321, "REM_PROG": "Voluntary Cleanup Program (VCP)", "RN": "RN100692219", "VCP_ID": 2000, "SITE_NAME": "COOK COMPOSITE AND POLYMERS", "PHYS_ADDR": "2434 HOLMES RD", "ADDR_DESC": null, "CITY": "HOUSTON", "COUNTY": "HARRIS", "ZIP_CODE": "77051", "REGION": "REGION 12 - HOUSTON", "LAT_DD": 29.67014236, "LONG_DD": -95.39127772, "HORZ_METH": "ADDMAT_NUM", "HORZ_ACC": -9999, "HORZ_REF": "OTHER", "HORZ_DATE": "20061206", "HORZ_ORG": "TCEQ", "HORZ_DATUM": "NAD83", "HORZ_DESC": null, "dma_county": "Harris", "tceq_program": "vcp"}}, {"type": "Feature", "id": 1461323, "geometry": {"type": "Point", "coordinates": [-95.468833, 29.79072]}, "properties": {"OBJECTID": 1461323, "REM_PROG": "Voluntary Cleanup Program (VCP)", "RN": "RN100682285", "VCP_ID": 2050, "SITE_NAME": "WEST SILBER SITE", "PHYS_ADDR": "1127 SILBER RD", "ADDR_DESC": "1119, 1127 AND 1201 SILBER", "CITY": "HOUSTON", "COUNTY": "HARRIS", "ZIP_CODE": "77055", "REGION": "REGION 12 - HOUSTON", "LAT_DD": 29.79071483, "LONG_DD": -95.4688262, "HORZ_METH": "ADDMAT_NUM", "HORZ_ACC": -9999, "HORZ_REF": "FAC_CEN", "HORZ_DATE": "20070419", "HORZ_ORG": "TCEQ", "HORZ_DATUM": "NAD83", "HORZ_DESC": null, "dma_county": "Harris", "tceq_program": "vcp"}}, {"type": "Feature", "id": 1461326, "geometry": {"type": "Point", "coordinates": [-95.383187, 29.768064]}, "properties": {"OBJECTID": 1461326, "REM_PROG": "Voluntary Cleanup Program (VCP)", "RN": "RN100685940", "VCP_ID": 1760, "SITE_NAME": "C F LOTTMAN  SONS", "PHYS_ADDR": "2411 WASHINGTON AVE", "ADDR_DESC": "2411 Washington Avenue, Houston, TX", "CITY": "HOUSTON", "COUNTY": "HARRIS", "ZIP_CODE": "77007", "REGION": "REGION 12 - HOUSTON", "LAT_DD": 29.76805898, "LONG_DD": -95.38317975, "HORZ_METH": "ADDMAT_NUM", "HORZ_ACC": -9999, "HORZ_REF": "OTHER", "HORZ_DATE": "20041123", "HORZ_ORG": "TCEQ", "HORZ_DATUM": "NAD83", "HORZ_DESC": null, "dma_county": "Harris", "tceq_program": "vcp"}}, {"type": "Feature", "id": 1461327, "geometry": {"type": "Point", "coordinates": [-95.346771, 29.753448]}, "properties": {"OBJECTID": 1461327, "REM_PROG": "Voluntary Cleanup Program (VCP)", "RN": "RN100927755", "VCP_ID": 1854, "SITE_NAME": "KREITER-GEARTECH", "PHYS_ADDR": "2530 GARROW ST", "ADDR_DESC": null, "CITY": "HOUSTON", "COUNTY": "HARRIS", "ZIP_CODE": "77003", "REGION": "REGION 12 - HOUSTON", "LAT_DD": 29.75344258, "LONG_DD": -95.34676378, "HORZ_METH": "DOQ", "HORZ_ACC": 5, "HORZ_REF": "STRUC_CEN", "HORZ_DATE": "20050818", "HORZ_ORG": "TCEQ", "HORZ_DATUM": "NAD83", "HORZ_DESC": null, "dma_county": "Harris", "tceq_program": "vcp"}}, {"type": "Feature", "id": 1461329, "geometry": {"type": "Point", "coordinates": [-95.7843, 29.531733]}, "properties": {"OBJECTID": 1461329, "REM_PROG": "Voluntary Cleanup Program (VCP)", "RN": "RN102148152", "VCP_ID": 1781, "SITE_NAME": "JIM JARD AUTOMOTIVE", "PHYS_ADDR": "26525 SOUTHWEST FWY", "ADDR_DESC": "26525 SOUTHWEST FREEWAY, ROSENBERG, TX", "CITY": "ROSENBERG", "COUNTY": "FORT BEND", "ZIP_CODE": "77471", "REGION": "REGION 12 - HOUSTON", "LAT_DD": 29.53172766, "LONG_DD": -95.78429317, "HORZ_METH": "ADDMAT_NUM", "HORZ_ACC": -9999, "HORZ_REF": "OTHER", "HORZ_DATE": "20050120", "HORZ_ORG": "TCEQ", "HORZ_DATUM": "NAD83", "HORZ_DESC": null, "dma_county": "Fort Bend", "tceq_program": "vcp"}}, {"type": "Feature", "id": 1461332, "geometry": {"type": "Point", "coordinates": [-95.422267, 29.989826]}, "properties": {"OBJECTID": 1461332, "REM_PROG": "Voluntary Cleanup Program (VCP)", "RN": "RN101312551", "VCP_ID": 1458, "SITE_NAME": "FORMER CELEBRITY CLEANERS HOUSTON", "PHYS_ADDR": "283 LOCKHAVEN DR", "ADDR_DESC": "283 LOCKHAVEN SUITE 303", "CITY": "HOUSTON", "COUNTY": "HARRIS", "ZIP_CODE": "77073", "REGION": "REGION 12 - HOUSTON", "LAT_DD": 29.98982082, "LONG_DD": -95.42225982, "HORZ_METH": "ADDMAT_NUM", "HORZ_ACC": -9999, "HORZ_REF": "STRUC_CEN", "HORZ_DATE": "20020409", "HORZ_ORG": "TCEQ", "HORZ_DATUM": "NAD83", "HORZ_DESC": null, "dma_county": "Harris", "tceq_program": "vcp"}}, {"type": "Feature", "id": 1461333, "geometry": {"type": "Point", "coordinates": [-95.422267, 29.989826]}, "properties": {"OBJECTID": 1461333, "REM_PROG": "Voluntary Cleanup Program (VCP)", "RN": "RN101312551", "VCP_ID": 965, "SITE_NAME": "FORMER CELEBRITY CLEANERS HOUSTON", "PHYS_ADDR": "283 LOCKHAVEN DR", "ADDR_DESC": "283 LOCKHAVEN SUITE 303", "CITY": "HOUSTON", "COUNTY": "HARRIS", "ZIP_CODE": "77073", "REGION": "REGION 12 - HOUSTON", "LAT_DD": 29.98982082, "LONG_DD": -95.42225982, "HORZ_METH": "ADDMAT_NUM", "HORZ_ACC": -9999, "HORZ_REF": "STRUC_CEN", "HORZ_DATE": "19990422", "HORZ_ORG": "TCEQ", "HORZ_DATUM": "NAD83", "HORZ_DESC": null, "dma_county": "Harris", "tceq_program": "vcp"}}, {"type": "Feature", "id": 1461334, "geometry": {"type": "Point", "coordinates": [-95.890847, 29.781454]}, "properties": {"OBJECTID": 1461334, "REM_PROG": "Voluntary Cleanup Program (VCP)", "RN": "RN101054633", "VCP_ID": 1233, "SITE_NAME": "PAVESTONE", "PHYS_ADDR": "30001 HIGHWAY BLVD", "ADDR_DESC": "30001 KATY BROOKSHIRE ROAD", "CITY": "KATY", "COUNTY": "WALLER", "ZIP_CODE": "77494", "REGION": "REGION 12 - HOUSTON", "LAT_DD": 29.78144878, "LONG_DD": -95.89083972, "HORZ_METH": "ADDMAT_NUM", "HORZ_ACC": -9999, "HORZ_REF": "STRUC_CEN", "HORZ_DATE": "20000706", "HORZ_ORG": "TCEQ", "HORZ_DATUM": "NAD83", "HORZ_DESC": null, "dma_county": "Waller", "tceq_program": "vcp"}}, {"type": "Feature", "id": 1461335, "geometry": {"type": "Point", "coordinates": [-95.313627, 29.736033]}, "properties": {"OBJECTID": 1461335, "REM_PROG": "Voluntary Cleanup Program (VCP)", "RN": "RN102923620", "VCP_ID": 2243, "SITE_NAME": "SPECTRUM METAL RECYCLING", "PHYS_ADDR": "308 HUGHES ST", "ADDR_DESC": "308 AND 320 HUGHES STREET", "CITY": "HOUSTON", "COUNTY": "HARRIS", "ZIP_CODE": "77023", "REGION": "REGION 12 - HOUSTON", "LAT_DD": 29.73602785, "LONG_DD": -95.3136199, "HORZ_METH": "ADDMAT_NUM", "HORZ_ACC": -9999, "HORZ_REF": "OTHER", "HORZ_DATE": "20090106", "HORZ_ORG": "TCEQ", "HORZ_DATUM": "NAD83", "HORZ_DESC": null, "dma_county": "Harris", "tceq_program": "vcp"}}, {"type": "Feature", "id": 1461336, "geometry": {"type": "Point", "coordinates": [-95.421511, 29.615708]}, "properties": {"OBJECTID": 1461336, "REM_PROG": "Voluntary Cleanup Program (VCP)", "RN": "RN102325859", "VCP_ID": 1709, "SITE_NAME": "WITCO RD LABORATORY", "PHYS_ADDR": "3200 BROOKFIELD DR", "ADDR_DESC": "NW INTERSECTION OF BROOKFIELD AND GOLDFARB RD    3200/3202 BROOKFIELD", "CITY": "HOUSTON", "COUNTY": "HARRIS", "ZIP_CODE": "77045", "REGION": "REGION 12 - HOUSTON", "LAT_DD": 29.61570299, "LONG_DD": -95.42150444, "HORZ_METH": "ADDMAT_NUM", "HORZ_ACC": -9999, "HORZ_REF": "STRUC_CEN", "HORZ_DATE": "20040618", "HORZ_ORG": "TCEQ", "HORZ_DATUM": "NAD83", "HORZ_DESC": null, "dma_county": "Harris", "tceq_program": "vcp"}}, {"type": "Feature", "id": 1461338, "geometry": {"type": "Point", "coordinates": [-95.411018, 29.734378]}, "properties": {"OBJECTID": 1461338, "REM_PROG": "Voluntary Cleanup Program (VCP)", "RN": "RN103034708", "VCP_ID": 1609, "SITE_NAME": "FORMER CRAIGS CLEANERS 4", "PHYS_ADDR": "3520 S SHEPHERD DR", "ADDR_DESC": "3520 S SHEPHERD DR HOUSTON TX", "CITY": "HOUSTON", "COUNTY": "HARRIS", "ZIP_CODE": "77098", "REGION": "REGION 12 - HOUSTON", "LAT_DD": 29.73437275, "LONG_DD": -95.41101072, "HORZ_METH": "DOQ", "HORZ_ACC": 5, "HORZ_REF": "STRUC_CEN", "HORZ_DATE": "20030718", "HORZ_ORG": "TCEQ", "HORZ_DATUM": "NAD83", "HORZ_DESC": null, "dma_county": "Harris", "tceq_program": "vcp"}}, {"type": "Feature", "id": 1461340, "geometry": {"type": "Point", "coordinates": [-95.33119, 29.764636]}, "properties": {"OBJECTID": 1461340, "REM_PROG": "Voluntary Cleanup Program (VCP)", "RN": "RN102294055", "VCP_ID": 1719, "SITE_NAME": "KBR TECHNICAL SERVICES", "PHYS_ADDR": "4100 CLINTON DR", "ADDR_DESC": "SOUTH OF CLINTON DR BETWEEN JENSEN DR AND HIRSCH ST", "CITY": "HOUSTON", "COUNTY": "HARRIS", "ZIP_CODE": "77020", "REGION": "REGION 12 - HOUSTON", "LAT_DD": 29.76463083, "LONG_DD": -95.33118303, "HORZ_METH": "ADDMAT_NUM", "HORZ_ACC": -9999, "HORZ_REF": "STRUC_CEN", "HORZ_DATE": "20040707", "HORZ_ORG": "TCEQ", "HORZ_DATUM": "NAD83", "HORZ_DESC": null, "dma_county": "Harris", "tceq_program": "vcp"}}, {"type": "Feature", "id": 1461343, "geometry": {"type": "Point", "coordinates": [-95.492006, 30.108302]}, "properties": {"OBJECTID": 1461343, "REM_PROG": "Voluntary Cleanup Program (VCP)", "RN": "RN109149047", "VCP_ID": 2805, "SITE_NAME": "TRACT 26 OF JAMES COOPER SURVEY", "PHYS_ADDR": "23601 ROTHWOOD RD", "ADDR_DESC": null, "CITY": "SPRING", "COUNTY": "HARRIS", "ZIP_CODE": "77389", "REGION": "REGION 12 - HOUSTON", "LAT_DD": 30.10829682, "LONG_DD": -95.49199937, "HORZ_METH": "ADDMAT_NUM", "HORZ_ACC": -9999, "HORZ_REF": "OTHER", "HORZ_DATE": "20160316", "HORZ_ORG": "TCEQ", "HORZ_DATUM": "NAD83", "HORZ_DESC": null, "dma_county": "Harris", "tceq_program": "vcp"}}, {"type": "Feature", "id": 1461344, "geometry": {"type": "Point", "coordinates": [-94.955189, 29.37881]}, "properties": {"OBJECTID": 1461344, "REM_PROG": "Voluntary Cleanup Program (VCP)", "RN": "RN100608785", "VCP_ID": 2460, "SITE_NAME": "ALFRED CONHAGEN OF TEXAS", "PHYS_ADDR": "213 TEXAS AVE", "ADDR_DESC": "203 Texas Avenue, La Marque, TX", "CITY": "LA MARQUE", "COUNTY": "GALVESTON", "ZIP_CODE": "77568", "REGION": "REGION 12 - HOUSTON", "LAT_DD": 29.37880461, "LONG_DD": -94.95518204, "HORZ_METH": "ADDMAT_NUM", "HORZ_ACC": -9999, "HORZ_REF": "STRUC_CEN", "HORZ_DATE": "20111108", "HORZ_ORG": "TCEQ", "HORZ_DATUM": "NAD83", "HORZ_DESC": null, "dma_county": "Galveston", "tceq_program": "vcp"}}, {"type": "Feature", "id": 1461345, "geometry": {"type": "Point", "coordinates": [-95.416935, 29.672482]}, "properties": {"OBJECTID": 1461345, "REM_PROG": "Voluntary Cleanup Program (VCP)", "RN": "RN104940572", "VCP_ID": 1910, "SITE_NAME": "FLOWSERVE", "PHYS_ADDR": "2525 W BELLFORT AVE", "ADDR_DESC": "2525 WEST BELLFORT SOUTH SIDE OF WEST BELLFORT 1 4 MI S OF IH 610 AND 1 4 MI W OF KIRBY DR", "CITY": "HOUSTON", "COUNTY": "HARRIS", "ZIP_CODE": "77054", "REGION": "REGION 12 - HOUSTON", "LAT_DD": 29.67247662, "LONG_DD": -95.41692837, "HORZ_METH": "ADDMAT_NUM", "HORZ_ACC": -9999, "HORZ_REF": "STRUC_CEN", "HORZ_DATE": "20060310", "HORZ_ORG": "TCEQ", "HORZ_DATUM": "NAD83", "HORZ_DESC": null, "dma_county": "Harris", "tceq_program": "vcp"}}, {"type": "Feature", "id": 1461346, "geometry": {"type": "Point", "coordinates": [-95.641997, 29.744544]}, "properties": {"OBJECTID": 1461346, "REM_PROG": "Voluntary Cleanup Program (VCP)", "RN": "RN100608579", "VCP_ID": 1977, "SITE_NAME": "DRESSER MEASUREMENT", "PHYS_ADDR": "2135 HIGHWAY 6 S", "ADDR_DESC": "HWY 6 S BETWEEN WESTHEIMER RD AND BRIAR FOREST DR", "CITY": "HOUSTON", "COUNTY": "HARRIS", "ZIP_CODE": "77077", "REGION": "REGION 12 - HOUSTON", "LAT_DD": 29.74453866, "LONG_DD": -95.64198958, "HORZ_METH": "ADDMAT_NUM", "HORZ_ACC": -9999, "HORZ_REF": "OTHER", "HORZ_DATE": "20061006", "HORZ_ORG": "TCEQ", "HORZ_DATUM": "NAD83", "HORZ_DESC": null, "dma_county": "Harris", "tceq_program": "vcp"}}, {"type": "Feature", "id": 1461348, "geometry": {"type": "Point", "coordinates": [-95.170602, 29.715507]}, "properties": {"OBJECTID": 1461348, "REM_PROG": "Voluntary Cleanup Program (VCP)", "RN": "RN102287364", "VCP_ID": 1079, "SITE_NAME": "PROTHERM SERVICES GROUP", "PHYS_ADDR": "218 N PRESTON AVE", "ADDR_DESC": "218 NORTH PRESTON ROAD", "CITY": "PASADENA", "COUNTY": "HARRIS", "ZIP_CODE": "77503", "REGION": "REGION 12 - HOUSTON", "LAT_DD": 29.71550215, "LONG_DD": -95.17059492, "HORZ_METH": "ADDMAT_NUM", "HORZ_ACC": -9999, "HORZ_REF": "OTHER", "HORZ_DATE": "19991103", "HORZ_ORG": "TCEQ", "HORZ_DATUM": "NAD83", "HORZ_DESC": null, "dma_county": "Harris", "tceq_program": "vcp"}}, {"type": "Feature", "id": 1461350, "geometry": {"type": "Point", "coordinates": [-95.716677, 29.400005]}, "properties": {"OBJECTID": 1461350, "REM_PROG": "Voluntary Cleanup Program (VCP)", "RN": "RN101461689", "VCP_ID": 728, "SITE_NAME": "NORTH AND SOUTH VATS", "PHYS_ADDR": null, "ADDR_DESC": "DAVIS ESTATES ROAD SULFUR MINE", "CITY": "FORT BEND", "COUNTY": "FORT BEND", "ZIP_CODE": null, "REGION": "REGION 12 - HOUSTON", "LAT_DD": 29.400000000000002, "LONG_DD": -95.71667, "HORZ_METH": "UNKNOWN", "HORZ_ACC": -9999, "HORZ_REF": "OTHER", "HORZ_DATE": "19980324", "HORZ_ORG": "TCEQ", "HORZ_DATUM": "NAD83", "HORZ_DESC": null, "dma_county": "Fort Bend", "tceq_program": "vcp"}}, {"type": "Feature", "id": 1461354, "geometry": {"type": "Point", "coordinates": [-95.43551, 29.657579]}, "properties": {"OBJECTID": 1461354, "REM_PROG": "Voluntary Cleanup Program (VCP)", "RN": "RN100664242", "VCP_ID": 145, "SITE_NAME": "HOUSTON LEAD", "PHYS_ADDR": "300 HOLMES RD", "ADDR_DESC": "300 HOLMES ROAD", "CITY": "HOUSTON", "COUNTY": "HARRIS", "ZIP_CODE": "77045", "REGION": "REGION 12 - HOUSTON", "LAT_DD": 29.657573460000002, "LONG_DD": -95.43550344, "HORZ_METH": "DOQ", "HORZ_ACC": 5, "HORZ_REF": "OTHER", "HORZ_DATE": "19960712", "HORZ_ORG": "TCEQ", "HORZ_DATUM": "NAD83", "HORZ_DESC": null, "dma_county": "Harris", "tceq_program": "vcp"}}, {"type": "Feature", "id": 1461359, "geometry": {"type": "Point", "coordinates": [-95.430276, 30.137043]}, "properties": {"OBJECTID": 1461359, "REM_PROG": "Voluntary Cleanup Program (VCP)", "RN": "RN102970738", "VCP_ID": 421, "SITE_NAME": "CHARLIE BURCH PITS", "PHYS_ADDR": "25529 RICHARDS RD", "ADDR_DESC": "25529 RICHARDS ROAD", "CITY": "SPRING", "COUNTY": "MONTGOMERY", "ZIP_CODE": "77386", "REGION": "REGION 12 - HOUSTON", "LAT_DD": 30.13703799, "LONG_DD": -95.43026862, "HORZ_METH": "DOQ", "HORZ_ACC": 5, "HORZ_REF": "FAC_CEN", "HORZ_DATE": "19961217", "HORZ_ORG": "TCEQ", "HORZ_DATUM": "NAD83", "HORZ_DESC": null, "dma_county": "Montgomery", "tceq_program": "vcp"}}, {"type": "Feature", "id": 1461360, "geometry": {"type": "Point", "coordinates": [-95.236139, 29.635605]}, "properties": {"OBJECTID": 1461360, "REM_PROG": "Voluntary Cleanup Program (VCP)", "RN": "RN101053437", "VCP_ID": 329, "SITE_NAME": "OXFORD APARTMENTS AND SURROUND", "PHYS_ADDR": "10909 GULF FWY", "ADDR_DESC": "10909 GULF FREEWAY", "CITY": "HOUSTON", "COUNTY": "HARRIS", "ZIP_CODE": "77034", "REGION": "REGION 12 - HOUSTON", "LAT_DD": 29.63559993, "LONG_DD": -95.23613189, "HORZ_METH": "ADDMAT_NUM", "HORZ_ACC": -9999, "HORZ_REF": "STRUC_CEN", "HORZ_DATE": "19960827", "HORZ_ORG": "TCEQ", "HORZ_DATUM": "NAD83", "HORZ_DESC": null, "dma_county": "Harris", "tceq_program": "vcp"}}, {"type": "Feature", "id": 1461361, "geometry": {"type": "Point", "coordinates": [-95.33537, 29.757865]}, "properties": {"OBJECTID": 1461361, "REM_PROG": "Voluntary Cleanup Program (VCP)", "RN": "RN108371097", "VCP_ID": 2748, "SITE_NAME": "NAVIGATION BUSINESS PARK", "PHYS_ADDR": null, "ADDR_DESC": "3401-3403 NAVIGATION BLVD", "CITY": "HOUSTON", "COUNTY": "HARRIS", "ZIP_CODE": null, "REGION": "REGION 12 - HOUSTON", "LAT_DD": 29.75785935, "LONG_DD": -95.33536266, "HORZ_METH": "DOQ", "HORZ_ACC": 5, "HORZ_REF": "STRUC_CEN", "HORZ_DATE": "20150511", "HORZ_ORG": "TCEQ", "HORZ_DATUM": "NAD83", "HORZ_DESC": null, "dma_county": "Harris", "tceq_program": "vcp"}}, {"type": "Feature", "id": 1461363, "geometry": {"type": "Point", "coordinates": [-95.350445, 29.752076]}, "properties": {"OBJECTID": 1461363, "REM_PROG": "Voluntary Cleanup Program (VCP)", "RN": "RN107065328", "VCP_ID": 2635, "SITE_NAME": "CAPITOL STREET TRACTS", "PHYS_ADDR": "2400 CAPITOL ST", "ADDR_DESC": "2400 BLK TEXAS AVE, 2400 BLK RUSK ST, 2400 BLK CAPITOL ST, 600-700 BLKS DOWLING ST, AND 600-700 BLKS ST CHARLES ST", "CITY": "HOUSTON", "COUNTY": "HARRIS", "ZIP_CODE": "77003", "REGION": "REGION 12 - HOUSTON", "LAT_DD": 29.75207053, "LONG_DD": -95.350438, "HORZ_METH": "DOQ", "HORZ_ACC": 5, "HORZ_REF": "OTHER", "HORZ_DATE": "20131212", "HORZ_ORG": "TCEQ", "HORZ_DATUM": "NAD83", "HORZ_DESC": null, "dma_county": "Harris", "tceq_program": "vcp"}}, {"type": "Feature", "id": 1461369, "geometry": {"type": "Point", "coordinates": [-95.474085, 29.809607]}, "properties": {"OBJECTID": 1461369, "REM_PROG": "Voluntary Cleanup Program (VCP)", "RN": "RN101123495", "VCP_ID": 1155, "SITE_NAME": "AIR LIQUIDE AMERICA", "PHYS_ADDR": "11101 TODD ST", "ADDR_DESC": "11101 TODD ROAD AKA AIR LIQUIDE AMERICA CORPORATION", "CITY": "HOUSTON", "COUNTY": "HARRIS", "ZIP_CODE": "77055", "REGION": "REGION 12 - HOUSTON", "LAT_DD": 29.80960211, "LONG_DD": -95.47407756, "HORZ_METH": "ADDMAT_NUM", "HORZ_ACC": -9999, "HORZ_REF": "STRUC_CEN", "HORZ_DATE": "20000118", "HORZ_ORG": "TCEQ", "HORZ_DATUM": "NAD83", "HORZ_DESC": null, "dma_county": "Harris", "tceq_program": "vcp"}}, {"type": "Feature", "id": 1461376, "geometry": {"type": "Point", "coordinates": [-95.360675, 29.751075]}, "properties": {"OBJECTID": 1461376, "REM_PROG": "Voluntary Cleanup Program (VCP)", "RN": "RN102072253", "VCP_ID": 1354, "SITE_NAME": "BLOCK 279", "PHYS_ADDR": null, "ADDR_DESC": "FORMER CHEMICAL STORAGE NWC JACKSON & POLK", "CITY": "HOUSTON", "COUNTY": "HARRIS", "ZIP_CODE": null, "REGION": "REGION 12 - HOUSTON", "LAT_DD": 29.75106984, "LONG_DD": -95.36066756, "HORZ_METH": "ADDMAT_INT", "HORZ_ACC": -9999, "HORZ_REF": "OTHER", "HORZ_DATE": "20010514", "HORZ_ORG": "TCEQ", "HORZ_DATUM": "NAD83", "HORZ_DESC": null, "dma_county": "Harris", "tceq_program": "vcp"}}, {"type": "Feature", "id": 1461378, "geometry": {"type": "Point", "coordinates": [-95.532207, 29.968305]}, "properties": {"OBJECTID": 1461378, "REM_PROG": "Voluntary Cleanup Program (VCP)", "RN": "RN104452909", "VCP_ID": 2410, "SITE_NAME": "COMMERCIAL PROPERTIES", "PHYS_ADDR": null, "ADDR_DESC": "COMMERCIAL PROPERTIES BETWEEN 6949 & 6817 FM 1960 (ODD #'S, INCLUDING FORMER MINKS DRY CLEAN).", "CITY": "HOUSTON", "COUNTY": "HARRIS", "ZIP_CODE": null, "REGION": "REGION 12 - HOUSTON", "LAT_DD": 29.968300000000003, "LONG_DD": -95.5322, "HORZ_METH": "ADDMAT_NUM", "HORZ_ACC": -9999, "HORZ_REF": "OTHER", "HORZ_DATE": "20110527", "HORZ_ORG": "TCEQ", "HORZ_DATUM": "NAD83", "HORZ_DESC": null, "dma_county": "Harris", "tceq_program": "vcp"}}, {"type": "Feature", "id": 1461385, "geometry": {"type": "Point", "coordinates": [-95.432705, 29.783045]}, "properties": {"OBJECTID": 1461385, "REM_PROG": "Voluntary Cleanup Program (VCP)", "RN": "RN100590413", "VCP_ID": 745, "SITE_NAME": "6200 KANSAS STREET", "PHYS_ADDR": "6200 KANSAS ST", "ADDR_DESC": "6200 KANSAS STREET AKA 6200 KANSAS ST PARTNERSHIP", "CITY": "HOUSTON", "COUNTY": "HARRIS", "ZIP_CODE": "77007", "REGION": "REGION 12 - HOUSTON", "LAT_DD": 29.78304002, "LONG_DD": -95.43269767, "HORZ_METH": "DOQ", "HORZ_ACC": 5, "HORZ_REF": "OTHER", "HORZ_DATE": "19980401", "HORZ_ORG": "TCEQ", "HORZ_DATUM": "NAD83", "HORZ_DESC": null, "dma_county": "Harris", "tceq_program": "vcp"}}, {"type": "Feature", "id": 1461386, "geometry": {"type": "Point", "coordinates": [-95.532157, 29.843299]}, "properties": {"OBJECTID": 1461386, "REM_PROG": "Voluntary Cleanup Program (VCP)", "RN": "RN102267481", "VCP_ID": 1087, "SITE_NAME": "TARRANT DISTRIBUTORS FACILITY", "PHYS_ADDR": "9835 GENARD RD", "ADDR_DESC": "9835  GENARD ROAD", "CITY": "HOUSTON", "COUNTY": "HARRIS", "ZIP_CODE": "77041", "REGION": "REGION 12 - HOUSTON", "LAT_DD": 29.843293590000002, "LONG_DD": -95.53215022, "HORZ_METH": "ADDMAT_NUM", "HORZ_ACC": -9999, "HORZ_REF": "STRUC_CEN", "HORZ_DATE": "19991129", "HORZ_ORG": "TCEQ", "HORZ_DATUM": "NAD83", "HORZ_DESC": null, "dma_county": "Harris", "tceq_program": "vcp"}}, {"type": "Feature", "id": 1461388, "geometry": {"type": "Point", "coordinates": [-95.257486, 30.037744]}, "properties": {"OBJECTID": 1461388, "REM_PROG": "Voluntary Cleanup Program (VCP)", "RN": "RN111118196", "VCP_ID": 528, "SITE_NAME": "EXXON LAND DEVELOPMENT", "PHYS_ADDR": "22511 EASTEX FWY", "ADDR_DESC": null, "CITY": "KINGWOOD", "COUNTY": "HARRIS", "ZIP_CODE": "77339", "REGION": "REGION 12 - HOUSTON", "LAT_DD": 30.03773868, "LONG_DD": -95.25747881, "HORZ_METH": "DOQ", "HORZ_ACC": 5, "HORZ_REF": "FAC_CEN", "HORZ_DATE": "19970514", "HORZ_ORG": "TCEQ", "HORZ_DATUM": "NAD83", "HORZ_DESC": null, "dma_county": "Montgomery", "tceq_program": "vcp"}}, {"type": "Feature", "id": 1461392, "geometry": {"type": "Point", "coordinates": [-95.430642, 29.792293]}, "properties": {"OBJECTID": 1461392, "REM_PROG": "Voluntary Cleanup Program (VCP)", "RN": "RN101462240", "VCP_ID": 1267, "SITE_NAME": "KOENIG KING WINCH", "PHYS_ADDR": "2902 W 12TH ST", "ADDR_DESC": "ADJACENT TO NWC OF INTERSECTION OF W 12TH AND ELLA BLVD", "CITY": "HOUSTON", "COUNTY": "HARRIS", "ZIP_CODE": "77008", "REGION": "REGION 12 - HOUSTON", "LAT_DD": 29.79228742, "LONG_DD": -95.43063537, "HORZ_METH": "ADDMAT_NUM", "HORZ_ACC": -9999, "HORZ_REF": "FAC_CEN", "HORZ_DATE": "20001011", "HORZ_ORG": "TCEQ", "HORZ_DATUM": "NAD83", "HORZ_DESC": null, "dma_county": "Harris", "tceq_program": "vcp"}}, {"type": "Feature", "id": 1461393, "geometry": {"type": "Point", "coordinates": [-95.642778, 29.70429]}, "properties": {"OBJECTID": 1461393, "REM_PROG": "Voluntary Cleanup Program (VCP)", "RN": "RN104212832", "VCP_ID": 1686, "SITE_NAME": "STAR CLEANERS", "PHYS_ADDR": "6763 HIGHWAY 6 S STE 1800", "ADDR_DESC": "6763 SH 6 S STE 1800", "CITY": "HOUSTON", "COUNTY": "HARRIS", "ZIP_CODE": "77083", "REGION": "REGION 12 - HOUSTON", "LAT_DD": 29.70428511, "LONG_DD": -95.64277086, "HORZ_METH": "ADDMAT_NUM", "HORZ_ACC": -9999, "HORZ_REF": "STRUC_CEN", "HORZ_DATE": "20040316", "HORZ_ORG": "TCEQ", "HORZ_DATUM": "NAD83", "HORZ_DESC": null, "dma_county": "Harris", "tceq_program": "vcp"}}, {"type": "Feature", "id": 1461395, "geometry": {"type": "Point", "coordinates": [-94.945007, 29.831395]}, "properties": {"OBJECTID": 1461395, "REM_PROG": "Voluntary Cleanup Program (VCP)", "RN": "RN102617453", "VCP_ID": 140, "SITE_NAME": "LESCO TRUCKING PROPERTY", "PHYS_ADDR": null, "ADDR_DESC": "INTERSECTION SJOLANDER AND WALLISVILLE ABANDONED COMMERCIAL PROPERTY 278 ACRES", "CITY": "BAYTOWN", "COUNTY": "HARRIS", "ZIP_CODE": null, "REGION": "REGION 12 - HOUSTON", "LAT_DD": 29.83139, "LONG_DD": -94.94500000000001, "HORZ_METH": "UNKNOWN", "HORZ_ACC": -9999, "HORZ_REF": "OTHER", "HORZ_DATE": "19951109", "HORZ_ORG": "TCEQ", "HORZ_DATUM": "NAD83", "HORZ_DESC": null, "dma_county": "Harris", "tceq_program": "vcp"}}, {"type": "Feature", "id": 1461396, "geometry": {"type": "Point", "coordinates": [-95.489716, 29.819476]}, "properties": {"OBJECTID": 1461396, "REM_PROG": "Voluntary Cleanup Program (VCP)", "RN": "RN104731237", "VCP_ID": 1899, "SITE_NAME": "AMERICAN DOOR PRODUCTS", "PHYS_ADDR": "7967 BLANKENSHIP DR", "ADDR_DESC": "SEC OF INTERSECTION OF BLANKSHIP AND SPENWICK", "CITY": "HOUSTON", "COUNTY": "HARRIS", "ZIP_CODE": "77055", "REGION": "REGION 12 - HOUSTON", "LAT_DD": 29.81947079, "LONG_DD": -95.48970887, "HORZ_METH": "ADDMAT_NUM", "HORZ_ACC": -9999, "HORZ_REF": "STRUC_CEN", "HORZ_DATE": "20060125", "HORZ_ORG": "TCEQ", "HORZ_DATUM": "NAD83", "HORZ_DESC": null, "dma_county": "Harris", "tceq_program": "vcp"}}, {"type": "Feature", "id": 1461398, "geometry": {"type": "Point", "coordinates": [-95.308492, 29.680244]}, "properties": {"OBJECTID": 1461398, "REM_PROG": "Voluntary Cleanup Program (VCP)", "RN": "RN108424706", "VCP_ID": 2755, "SITE_NAME": "UNITED RENTALS", "PHYS_ADDR": "6800 DIXIE DR", "ADDR_DESC": null, "CITY": "HOUSTON", "COUNTY": "HARRIS", "ZIP_CODE": "77087", "REGION": "REGION 12 - HOUSTON", "LAT_DD": 29.68023905, "LONG_DD": -95.30848502, "HORZ_METH": "ADDMAT_NUM", "HORZ_ACC": -9999, "HORZ_REF": "OTHER", "HORZ_DATE": "20150521", "HORZ_ORG": "TCEQ", "HORZ_DATUM": "NAD83", "HORZ_DESC": null, "dma_county": "Harris", "tceq_program": "vcp"}}, {"type": "Feature", "id": 1461399, "geometry": {"type": "Point", "coordinates": [-95.444547, 29.792333]}, "properties": {"OBJECTID": 1461399, "REM_PROG": "Voluntary Cleanup Program (VCP)", "RN": "RN100551621", "VCP_ID": 1691, "SITE_NAME": "CRANE VALVE SERVICE", "PHYS_ADDR": "3602 W 12TH ST", "ADDR_DESC": "3602 W 12TH ST HOUSTON TX", "CITY": "HOUSTON", "COUNTY": "HARRIS", "ZIP_CODE": "77008", "REGION": "REGION 12 - HOUSTON", "LAT_DD": 29.79232742, "LONG_DD": -95.4445404, "HORZ_METH": "DOQ", "HORZ_ACC": 5, "HORZ_REF": "STRUC_CEN", "HORZ_DATE": "20040407", "HORZ_ORG": "TCEQ", "HORZ_DATUM": "NAD83", "HORZ_DESC": null, "dma_county": "Harris", "tceq_program": "vcp"}}, {"type": "Feature", "id": 1461404, "geometry": {"type": "Point", "coordinates": [-95.531496, 29.672401]}, "properties": {"OBJECTID": 1461404, "REM_PROG": "Voluntary Cleanup Program (VCP)", "RN": "RN101053338", "VCP_ID": 1134, "SITE_NAME": "BRAESWOOD ATRIUM", "PHYS_ADDR": "8800 S BRAESWOOD BLVD", "ADDR_DESC": null, "CITY": "HOUSTON", "COUNTY": "HARRIS", "ZIP_CODE": "77031", "REGION": "REGION 12 - HOUSTON", "LAT_DD": 29.67239582, "LONG_DD": -95.53148881, "HORZ_METH": "ADDMAT_NUM", "HORZ_ACC": -9999, "HORZ_REF": "STRUC_CEN", "HORZ_DATE": "20000204", "HORZ_ORG": "TCEQ", "HORZ_DATUM": "NAD83", "HORZ_DESC": null, "dma_county": "Harris", "tceq_program": "vcp"}}, {"type": "Feature", "id": 1461411, "geometry": {"type": "Point", "coordinates": [-95.102494, 29.763572]}, "properties": {"OBJECTID": 1461411, "REM_PROG": "Voluntary Cleanup Program (VCP)", "RN": "RN100542489", "VCP_ID": 574, "SITE_NAME": "FORMER KOCH REFINING CHANNELVIEW TERMINAL", "PHYS_ADDR": "16514 DE ZAVALLA RD", "ADDR_DESC": null, "CITY": "CHANNELVIEW", "COUNTY": "HARRIS", "ZIP_CODE": "77530", "REGION": "REGION 12 - HOUSTON", "LAT_DD": 29.76356727, "LONG_DD": -95.10248742, "HORZ_METH": "ADDMAT_NUM", "HORZ_ACC": -9999, "HORZ_REF": "OTHER", "HORZ_DATE": "19970722", "HORZ_ORG": "TCEQ", "HORZ_DATUM": "NAD83", "HORZ_DESC": null, "dma_county": "Harris", "tceq_program": "vcp"}}, {"type": "Feature", "id": 1461413, "geometry": {"type": "Point", "coordinates": [-95.449278, 29.790641]}, "properties": {"OBJECTID": 1461413, "REM_PROG": "Voluntary Cleanup Program (VCP)", "RN": "RN100214113", "VCP_ID": 2265, "SITE_NAME": "WACKMAN PROPERTIES", "PHYS_ADDR": "3777 W 12TH ST", "ADDR_DESC": "3777 W 12TH ST", "CITY": "HOUSTON", "COUNTY": "HARRIS", "ZIP_CODE": "77055", "REGION": "REGION 12 - HOUSTON", "LAT_DD": 29.79063532, "LONG_DD": -95.4492714, "HORZ_METH": "ADDMAT_NUM", "HORZ_ACC": -9999, "HORZ_REF": "FAC_CEN", "HORZ_DATE": "20090430", "HORZ_ORG": "TCEQ", "HORZ_DATUM": "NAD83", "HORZ_DESC": null, "dma_county": "Harris", "tceq_program": "vcp"}}, {"type": "Feature", "id": 1461415, "geometry": {"type": "Point", "coordinates": [-95.317848, 29.691647]}, "properties": {"OBJECTID": 1461415, "REM_PROG": "Voluntary Cleanup Program (VCP)", "RN": "RN101054583", "VCP_ID": 572, "SITE_NAME": "PAULA AND HOWARD STANFORD", "PHYS_ADDR": "6300 LONG DR", "ADDR_DESC": "6300 LONG DRIVE", "CITY": "HOUSTON", "COUNTY": "HARRIS", "ZIP_CODE": "77087", "REGION": "REGION 12 - HOUSTON", "LAT_DD": 29.69164199, "LONG_DD": -95.31784056, "HORZ_METH": "ADDMAT_NUM", "HORZ_ACC": -9999, "HORZ_REF": "OTHER", "HORZ_DATE": "19970717", "HORZ_ORG": "TCEQ", "HORZ_DATUM": "NAD83", "HORZ_DESC": null, "dma_county": "Harris", "tceq_program": "vcp"}}, {"type": "Feature", "id": 1461424, "geometry": {"type": "Point", "coordinates": [-95.381735, 29.699302]}, "properties": {"OBJECTID": 1461424, "REM_PROG": "Voluntary Cleanup Program (VCP)", "RN": "RN105910665", "VCP_ID": 2326, "SITE_NAME": "ISBA-HOUSTON", "PHYS_ADDR": "3014 OLD SPANISH TRL", "ADDR_DESC": null, "CITY": "HOUSTON", "COUNTY": "HARRIS", "ZIP_CODE": "77054", "REGION": "REGION 12 - HOUSTON", "LAT_DD": 29.6992968, "LONG_DD": -95.38172842, "HORZ_METH": "ADDMAT_NUM", "HORZ_ACC": -9999, "HORZ_REF": "STRUC_CEN", "HORZ_DATE": "20100611", "HORZ_ORG": "TCEQ", "HORZ_DATUM": "NAD83", "HORZ_DESC": null, "dma_county": "Harris", "tceq_program": "vcp"}}, {"type": "Feature", "id": 1461429, "geometry": {"type": "Point", "coordinates": [-95.398338, 29.725255]}, "properties": {"OBJECTID": 1461429, "REM_PROG": "Voluntary Cleanup Program (VCP)", "RN": "RN101055846", "VCP_ID": 425, "SITE_NAME": "SOUTHHAMPTON APARTMENTS", "PHYS_ADDR": "1503 BISSONNET ST", "ADDR_DESC": "1503 AND 1515 BISSONNET", "CITY": "HOUSTON", "COUNTY": "HARRIS", "ZIP_CODE": "77005", "REGION": "REGION 12 - HOUSTON", "LAT_DD": 29.72524994, "LONG_DD": -95.39833055, "HORZ_METH": "ADDMAT_NUM", "HORZ_ACC": -9999, "HORZ_REF": "STRUC_CEN", "HORZ_DATE": "19961220", "HORZ_ORG": "TCEQ", "HORZ_DATUM": "NAD83", "HORZ_DESC": null, "dma_county": "Harris", "tceq_program": "vcp"}}, {"type": "Feature", "id": 1461430, "geometry": {"type": "Point", "coordinates": [-95.455837, 29.756115]}, "properties": {"OBJECTID": 1461430, "REM_PROG": "Voluntary Cleanup Program (VCP)", "RN": "RN102617412", "VCP_ID": 754, "SITE_NAME": "RESERVE B, SECTION 2, UPTOWN P", "PHYS_ADDR": null, "ADDR_DESC": "NEC UPTOWN PARK AND POST OAK BLVDS.  ABANDONED AUTO DEALERSHIP", "CITY": "HOUSTON", "COUNTY": "HARRIS", "ZIP_CODE": null, "REGION": "REGION 12 - HOUSTON", "LAT_DD": 29.75611, "LONG_DD": -95.45582999999999, "HORZ_METH": "UNKNOWN", "HORZ_ACC": -9999, "HORZ_REF": "OTHER", "HORZ_DATE": "19980407", "HORZ_ORG": "TCEQ", "HORZ_DATUM": "NAD83", "HORZ_DESC": null, "dma_county": "Harris", "tceq_program": "vcp"}}, {"type": "Feature", "id": 1461432, "geometry": {"type": "Point", "coordinates": [-95.336905, 29.746216]}, "properties": {"OBJECTID": 1461432, "REM_PROG": "Voluntary Cleanup Program (VCP)", "RN": "RN105586226", "VCP_ID": 2202, "SITE_NAME": "EAST END CORRIDOR", "PHYS_ADDR": null, "ADDR_DESC": "3829 3839 3845 & PART OF 3900 BLOCK OF HARRISBURG BLVD PARCELS 23 24 25", "CITY": "HOUSTON", "COUNTY": "HARRIS", "ZIP_CODE": null, "REGION": "REGION 12 - HOUSTON", "LAT_DD": 29.74621062, "LONG_DD": -95.33689758, "HORZ_METH": "ADDMAT_NUM", "HORZ_ACC": -9999, "HORZ_REF": "OTHER", "HORZ_DATE": "20080718", "HORZ_ORG": "TCEQ", "HORZ_DATUM": "NAD83", "HORZ_DESC": null, "dma_county": "Harris", "tceq_program": "vcp"}}, {"type": "Feature", "id": 1461436, "geometry": {"type": "Point", "coordinates": [-95.423238, 29.682555]}, "properties": {"OBJECTID": 1461436, "REM_PROG": "Voluntary Cleanup Program (VCP)", "RN": "RN102084985", "VCP_ID": 602, "SITE_NAME": "STOP N GO NO. 2567", "PHYS_ADDR": "9365 MAIN ST", "ADDR_DESC": "9365 SOUTH MAIN STREET", "CITY": "HOUSTON", "COUNTY": "HARRIS", "ZIP_CODE": "77025", "REGION": "REGION 12 - HOUSTON", "LAT_DD": 29.68255026, "LONG_DD": -95.42323124, "HORZ_METH": "ADDMAT_NUM", "HORZ_ACC": -9999, "HORZ_REF": "PST_PUMP", "HORZ_DATE": "19970903", "HORZ_ORG": "TCEQ", "HORZ_DATUM": "NAD83", "HORZ_DESC": null, "dma_county": "Harris", "tceq_program": "vcp"}}, {"type": "Feature", "id": 1461437, "geometry": {"type": "Point", "coordinates": [-95.988495, 30.094556]}, "properties": {"OBJECTID": 1461437, "REM_PROG": "Voluntary Cleanup Program (VCP)", "RN": "RN101056364", "VCP_ID": 1073, "SITE_NAME": "HOLLEY HALL PRAIRIE VIEW A&M", "PHYS_ADDR": "PO BOX 335", "ADDR_DESC": "PRAIRIE VIEW A&M UNIVERSITY", "CITY": "PRAIRIE VIEW", "COUNTY": "WALLER", "ZIP_CODE": "77446", "REGION": "REGION 12 - HOUSTON", "LAT_DD": 30.09455083, "LONG_DD": -95.98848783, "HORZ_METH": "ADDMAT", "HORZ_ACC": -9999, "HORZ_REF": "OTHER", "HORZ_DATE": "19991020", "HORZ_ORG": "TCEQ", "HORZ_DATUM": "NAD83", "HORZ_DESC": null, "dma_county": "Waller", "tceq_program": "vcp"}}, {"type": "Feature", "id": 1461439, "geometry": {"type": "Point", "coordinates": [-95.498274, 29.749541]}, "properties": {"OBJECTID": 1461439, "REM_PROG": "Voluntary Cleanup Program (VCP)", "RN": "RN102213873", "VCP_ID": 114, "SITE_NAME": "PILGRIM CLEANERS 4", "PHYS_ADDR": "6415 SAN FELIPE ST", "ADDR_DESC": "6415 SAN FELIPE HOUSTON TX", "CITY": "HOUSTON", "COUNTY": "HARRIS", "ZIP_CODE": "77057", "REGION": "REGION 12 - HOUSTON", "LAT_DD": 29.74953624, "LONG_DD": -95.49826701, "HORZ_METH": "DOQ", "HORZ_ACC": 5, "HORZ_REF": "FAC_CEN", "HORZ_DATE": "19951214", "HORZ_ORG": "TCEQ", "HORZ_DATUM": "NAD83", "HORZ_DESC": null, "dma_county": "Harris", "tceq_program": "vcp"}}, {"type": "Feature", "id": 1461442, "geometry": {"type": "Point", "coordinates": [-95.384195, 29.77343]}, "properties": {"OBJECTID": 1461442, "REM_PROG": "Voluntary Cleanup Program (VCP)", "RN": "RN101058048", "VCP_ID": 226, "SITE_NAME": "BOWTO, INC.", "PHYS_ADDR": "2429 CROCKETT ST", "ADDR_DESC": null, "CITY": "HOUSTON", "COUNTY": "HARRIS", "ZIP_CODE": "77007", "REGION": "REGION 12 - HOUSTON", "LAT_DD": 29.77342475, "LONG_DD": -95.38418844, "HORZ_METH": "DOQ", "HORZ_ACC": 5, "HORZ_REF": "OTHER", "HORZ_DATE": "19960408", "HORZ_ORG": "TCEQ", "HORZ_DATUM": "NAD83", "HORZ_DESC": null, "dma_county": "Harris", "tceq_program": "vcp"}}, {"type": "Feature", "id": 1461446, "geometry": {"type": "Point", "coordinates": [-95.467425, 29.788693]}, "properties": {"OBJECTID": 1461446, "REM_PROG": "Voluntary Cleanup Program (VCP)", "RN": "RN103371365", "VCP_ID": 1408, "SITE_NAME": "FORMER CAMERON IRON WORKS", "PHYS_ADDR": "1060 SILBER RD", "ADDR_DESC": "1060 SILBUR ROAD BUT ADDRESSES CHANGED TO KATY FRWY AFTER REDEVLOPMENT", "CITY": "HOUSTON", "COUNTY": "HARRIS", "ZIP_CODE": "77055", "REGION": "REGION 12 - HOUSTON", "LAT_DD": 29.78868785, "LONG_DD": -95.46741775, "HORZ_METH": "UNKNOWN", "HORZ_ACC": -9999, "HORZ_REF": "FAC_CEN", "HORZ_DATE": "20011116", "HORZ_ORG": "TCEQ", "HORZ_DATUM": "NAD83", "HORZ_DESC": null, "dma_county": "Harris", "tceq_program": "vcp"}}, {"type": "Feature", "id": 1461448, "geometry": {"type": "Point", "coordinates": [-95.31352, 29.621558]}, "properties": {"OBJECTID": 1461448, "REM_PROG": "Voluntary Cleanup Program (VCP)", "RN": "RN101475440", "VCP_ID": 1412, "SITE_NAME": "ASHLAND SPECIALTY CHEMICAL", "PHYS_ADDR": "6121 ALMEDA GENOA RD", "ADDR_DESC": "6121 ALMEDA GENOA RD HOUSTON TX", "CITY": "HOUSTON", "COUNTY": "HARRIS", "ZIP_CODE": "77048", "REGION": "REGION 12 - HOUSTON", "LAT_DD": 29.62155302, "LONG_DD": -95.31351349, "HORZ_METH": "ADDMAT_NUM", "HORZ_ACC": -9999, "HORZ_REF": "STRUC_CEN", "HORZ_DATE": "20011126", "HORZ_ORG": "TCEQ", "HORZ_DATUM": "NAD83", "HORZ_DESC": null, "dma_county": "Harris", "tceq_program": "vcp"}}, {"type": "Feature", "id": 1461449, "geometry": {"type": "Point", "coordinates": [-95.492429, 30.419305]}, "properties": {"OBJECTID": 1461449, "REM_PROG": "Voluntary Cleanup Program (VCP)", "RN": "RN102859568", "VCP_ID": 2420, "SITE_NAME": "EXXON", "PHYS_ADDR": "12310 OLD MONTGOMERY RD", "ADDR_DESC": null, "CITY": "WILLIS", "COUNTY": "MONTGOMERY", "ZIP_CODE": "77318", "REGION": "REGION 12 - HOUSTON", "LAT_DD": 30.41929959, "LONG_DD": -95.49242187, "HORZ_METH": "ADDMAT_NUM", "HORZ_ACC": -9999, "HORZ_REF": "OTHER", "HORZ_DATE": "20110608", "HORZ_ORG": "TCEQ", "HORZ_DATUM": "NAD83", "HORZ_DESC": null, "dma_county": "Montgomery", "tceq_program": "vcp"}}, {"type": "Feature", "id": 1461450, "geometry": {"type": "Point", "coordinates": [-95.386507, 29.773805]}, "properties": {"OBJECTID": 1461450, "REM_PROG": "Voluntary Cleanup Program (VCP)", "RN": "RN100707827", "VCP_ID": 1935, "SITE_NAME": "HARCROS CHEMICALS HOUSTON", "PHYS_ADDR": "1701 OLIVER ST", "ADDR_DESC": "1701 Oliver, Houston, TX", "CITY": "HOUSTON", "COUNTY": "HARRIS", "ZIP_CODE": "77007", "REGION": "REGION 12 - HOUSTON", "LAT_DD": 29.7738, "LONG_DD": -95.3865, "HORZ_METH": "ADDMAT_NUM", "HORZ_ACC": -9999, "HORZ_REF": "OTHER", "HORZ_DATE": "20060602", "HORZ_ORG": "TCEQ", "HORZ_DATUM": "NAD83", "HORZ_DESC": null, "dma_county": "Harris", "tceq_program": "vcp"}}, {"type": "Feature", "id": 1461454, "geometry": {"type": "Point", "coordinates": [-95.521804, 29.899844]}, "properties": {"OBJECTID": 1461454, "REM_PROG": "Voluntary Cleanup Program (VCP)", "RN": "RN100896216", "VCP_ID": 1681, "SITE_NAME": "OILFIELD EQUIPMENT", "PHYS_ADDR": "8204 FAIRBANKS N HOUSTON RD", "ADDR_DESC": null, "CITY": "HOUSTON", "COUNTY": "HARRIS", "ZIP_CODE": "77064", "REGION": "REGION 12 - HOUSTON", "LAT_DD": 29.89983834, "LONG_DD": -95.52179722, "HORZ_METH": "ADDMAT_NUM", "HORZ_ACC": -9999, "HORZ_REF": "OTHER", "HORZ_DATE": "20040211", "HORZ_ORG": "TCEQ", "HORZ_DATUM": "NAD83", "HORZ_DESC": null, "dma_county": "Harris", "tceq_program": "vcp"}}, {"type": "Feature", "id": 1461456, "geometry": {"type": "Point", "coordinates": [-95.506914, 29.706327]}, "properties": {"OBJECTID": 1461456, "REM_PROG": "Voluntary Cleanup Program (VCP)", "RN": "RN101890424", "VCP_ID": 2072, "SITE_NAME": "TARGET STORE T0016", "PHYS_ADDR": "7051 SOUTHWEST FWY", "ADDR_DESC": "ADJACENT TO NWC OF INTERSECTION OF HWY 59 AND BINTLIFF DR", "CITY": "HOUSTON", "COUNTY": "HARRIS", "ZIP_CODE": "77074", "REGION": "REGION 12 - HOUSTON", "LAT_DD": 29.70632221, "LONG_DD": -95.50690701, "HORZ_METH": "ADDMAT_NUM", "HORZ_ACC": -9999, "HORZ_REF": "STRUC_CEN", "HORZ_DATE": "20070611", "HORZ_ORG": "TCEQ", "HORZ_DATUM": "NAD83", "HORZ_DESC": null, "dma_county": "Harris", "tceq_program": "vcp"}}, {"type": "Feature", "id": 1461457, "geometry": {"type": "Point", "coordinates": [-95.334162, 29.828764]}, "properties": {"OBJECTID": 1461457, "REM_PROG": "Voluntary Cleanup Program (VCP)", "RN": "RN101052868", "VCP_ID": 599, "SITE_NAME": "CHEVRON FACILITY 60108031", "PHYS_ADDR": "7610 EASTEX FWY", "ADDR_DESC": "7610 EASTEX FWY US 95 CROSSTIMBERS", "CITY": "HOUSTON", "COUNTY": "HARRIS", "ZIP_CODE": "77093", "REGION": "REGION 12 - HOUSTON", "LAT_DD": 29.8287587, "LONG_DD": -95.3341549, "HORZ_METH": "ADDMAT_NUM", "HORZ_ACC": -9999, "HORZ_REF": "STRUC_CEN", "HORZ_DATE": "19970819", "HORZ_ORG": "TCEQ", "HORZ_DATUM": "NAD83", "HORZ_DESC": null, "dma_county": "Harris", "tceq_program": "vcp"}}, {"type": "Feature", "id": 1461458, "geometry": {"type": "Point", "coordinates": [-95.380528, 29.667059]}, "properties": {"OBJECTID": 1461458, "REM_PROG": "Voluntary Cleanup Program (VCP)", "RN": "RN102072105", "VCP_ID": 1452, "SITE_NAME": "HOLMES ROAD INCINERATOR", "PHYS_ADDR": "3100 BELLFORT ST", "ADDR_DESC": null, "CITY": "HOUSTON", "COUNTY": "HARRIS", "ZIP_CODE": "77051", "REGION": "REGION 12 - HOUSTON", "LAT_DD": 29.66705355, "LONG_DD": -95.38052138, "HORZ_METH": "UNKNOWN", "HORZ_ACC": -9999, "HORZ_REF": "FAC_CEN", "HORZ_DATE": "20020322", "HORZ_ORG": "TCEQ", "HORZ_DATUM": "NAD83", "HORZ_DESC": null, "dma_county": "Harris", "tceq_program": "vcp"}}, {"type": "Feature", "id": 1461459, "geometry": {"type": "Point", "coordinates": [-95.559277, 29.786308]}, "properties": {"OBJECTID": 1461459, "REM_PROG": "Voluntary Cleanup Program (VCP)", "RN": "RN100663921", "VCP_ID": 563, "SITE_NAME": "T  C LYNDISFARNE (FMC PROPERT", "PHYS_ADDR": "10516 KATY FWY", "ADDR_DESC": "10516 KATY FWY", "CITY": "HOUSTON", "COUNTY": "HARRIS", "ZIP_CODE": "77043", "REGION": "REGION 12 - HOUSTON", "LAT_DD": 29.7863028, "LONG_DD": -95.55927006, "HORZ_METH": "DOQ", "HORZ_ACC": 5, "HORZ_REF": "STRUC_CEN", "HORZ_DATE": "19970701", "HORZ_ORG": "TCEQ", "HORZ_DATUM": "NAD83", "HORZ_DESC": null, "dma_county": "Harris", "tceq_program": "vcp"}}, {"type": "Feature", "id": 1461461, "geometry": {"type": "Point", "coordinates": [-95.352099, 29.817073]}, "properties": {"OBJECTID": 1461461, "REM_PROG": "Voluntary Cleanup Program (VCP)", "RN": "RN100879154", "VCP_ID": 980, "SITE_NAME": "EAGLE-CORDELL CONCRETE PRODUCT", "PHYS_ADDR": "6415 W HARDY RD", "ADDR_DESC": "6415 HARDY STREET", "CITY": "HOUSTON", "COUNTY": "HARRIS", "ZIP_CODE": "77022", "REGION": "REGION 12 - HOUSTON", "LAT_DD": 29.81706816, "LONG_DD": -95.35209192, "HORZ_METH": "ADDMAT_NUM", "HORZ_ACC": -9999, "HORZ_REF": "OTHER", "HORZ_DATE": "19990512", "HORZ_ORG": "TCEQ", "HORZ_DATUM": "NAD83", "HORZ_DESC": null, "dma_county": "Harris", "tceq_program": "vcp"}}, {"type": "Feature", "id": 1461462, "geometry": {"type": "Point", "coordinates": [-95.351963, 29.756203]}, "properties": {"OBJECTID": 1461462, "REM_PROG": "Voluntary Cleanup Program (VCP)", "RN": "RN108630708", "VCP_ID": 2760, "SITE_NAME": "0.5 ACRE COMMERCIAL PROPERTY", "PHYS_ADDR": "2017 PRESTON ST", "ADDR_DESC": null, "CITY": "HOUSTON", "COUNTY": "HARRIS", "ZIP_CODE": "77002", "REGION": "REGION 12 - HOUSTON", "LAT_DD": 29.75619735, "LONG_DD": -95.35195566, "HORZ_METH": "ADDMAT_NUM", "HORZ_ACC": -9999, "HORZ_REF": "OTHER", "HORZ_DATE": "20150703", "HORZ_ORG": "TCEQ", "HORZ_DATUM": "NAD83", "HORZ_DESC": null, "dma_county": "Harris", "tceq_program": "vcp"}}, {"type": "Feature", "id": 1461464, "geometry": {"type": "Point", "coordinates": [-95.40235, 29.765068]}, "properties": {"OBJECTID": 1461464, "REM_PROG": "Voluntary Cleanup Program (VCP)", "RN": "RN101462075", "VCP_ID": 531, "SITE_NAME": "THERMO ELECTRON", "PHYS_ADDR": "411 JACKSON HILL ST", "ADDR_DESC": "411 JACKSON HILL STREET AND 4200 SCOTLAND ST", "CITY": "HOUSTON", "COUNTY": "HARRIS", "ZIP_CODE": "77007", "REGION": "REGION 12 - HOUSTON", "LAT_DD": 29.76506284, "LONG_DD": -95.40234318, "HORZ_METH": "DOQ", "HORZ_ACC": 5, "HORZ_REF": "FAC_CEN", "HORZ_DATE": "19970515", "HORZ_ORG": "TCEQ", "HORZ_DATUM": "NAD83", "HORZ_DESC": null, "dma_county": "Harris", "tceq_program": "vcp"}}, {"type": "Feature", "id": 1461471, "geometry": {"type": "Point", "coordinates": [-95.571173, 29.734776]}, "properties": {"OBJECTID": 1461471, "REM_PROG": "Voluntary Cleanup Program (VCP)", "RN": "RN105631410", "VCP_ID": 2226, "SITE_NAME": "WESTCHASE SHOPPING CENTER AT WILCREST", "PHYS_ADDR": null, "ADDR_DESC": "10945 - 11045 WESTHEIMER AND 2675 - 2691 WILCREST", "CITY": "HOUSTON", "COUNTY": "HARRIS", "ZIP_CODE": null, "REGION": "REGION 12 - HOUSTON", "LAT_DD": 29.73477073, "LONG_DD": -95.57116577, "HORZ_METH": "ADDMAT_NUM", "HORZ_ACC": -9999, "HORZ_REF": "OTHER", "HORZ_DATE": "20080909", "HORZ_ORG": "TCEQ", "HORZ_DATUM": "NAD83", "HORZ_DESC": null, "dma_county": "Harris", "tceq_program": "vcp"}}, {"type": "Feature", "id": 1461474, "geometry": {"type": "Point", "coordinates": [-95.280554, 29.545965]}, "properties": {"OBJECTID": 1461474, "REM_PROG": "Voluntary Cleanup Program (VCP)", "RN": "RN102248580", "VCP_ID": 1053, "SITE_NAME": "PEARLAND MANUFACTURING (WEATHE", "PHYS_ADDR": "3810 MAGNOLIA PKWY", "ADDR_DESC": "3810 MAGNOLIA", "CITY": "PEARLAND", "COUNTY": "BRAZORIA", "ZIP_CODE": "77584", "REGION": "REGION 12 - HOUSTON", "LAT_DD": 29.54595961, "LONG_DD": -95.28054683, "HORZ_METH": "ADDMAT_NUM", "HORZ_ACC": -9999, "HORZ_REF": "STRUC_CEN", "HORZ_DATE": "19990920", "HORZ_ORG": "TCEQ", "HORZ_DATUM": "NAD83", "HORZ_DESC": null, "dma_county": "Brazoria", "tceq_program": "vcp"}}, {"type": "Feature", "id": 1461476, "geometry": {"type": "Point", "coordinates": [-95.193848, 29.756886]}, "properties": {"OBJECTID": 1461476, "REM_PROG": "Voluntary Cleanup Program (VCP)", "RN": "RN100622679", "VCP_ID": 2254, "SITE_NAME": "HOUSTON OCTG", "PHYS_ADDR": "13500 INDUSTRIAL RD", "ADDR_DESC": "13500 INDUSTRIAL ROAD HOUSTON TX", "CITY": "HOUSTON", "COUNTY": "HARRIS", "ZIP_CODE": "77015", "REGION": "REGION 12 - HOUSTON", "LAT_DD": 29.75688124, "LONG_DD": -95.19384128, "HORZ_METH": "ADDMAT_NUM", "HORZ_ACC": -9999, "HORZ_REF": "STRUC_CEN", "HORZ_DATE": "20090304", "HORZ_ORG": "TCEQ", "HORZ_DATUM": "NAD83", "HORZ_DESC": null, "dma_county": "Harris", "tceq_program": "vcp"}}, {"type": "Feature", "id": 1461483, "geometry": {"type": "Point", "coordinates": [-96.357498, 29.588431]}, "properties": {"OBJECTID": 1461483, "REM_PROG": "Voluntary Cleanup Program (VCP)", "RN": "RN101055390", "VCP_ID": 982, "SITE_NAME": "EAGLE-CORDELL CONCRETE PRODUCT", "PHYS_ADDR": "5559 HIGHWAY 90A", "ADDR_DESC": "HIGHWAY 90A WEST ABANDONED CEMENT PLANT", "CITY": "EAGLE LAKE", "COUNTY": "COLORADO", "ZIP_CODE": "77434", "REGION": "REGION 12 - HOUSTON", "LAT_DD": 29.58842628, "LONG_DD": -96.35749065, "HORZ_METH": "ADDMAT_NUM", "HORZ_ACC": -9999, "HORZ_REF": "STRUC_CEN", "HORZ_DATE": "19990512", "HORZ_ORG": "TCEQ", "HORZ_DATUM": "NAD83", "HORZ_DESC": null, "dma_county": "Colorado", "tceq_program": "vcp"}}, {"type": "Feature", "id": 1461484, "geometry": {"type": "Point", "coordinates": [-95.173261, 29.997373]}, "properties": {"OBJECTID": 1461484, "REM_PROG": "Voluntary Cleanup Program (VCP)", "RN": "RN100241272", "VCP_ID": 819, "SITE_NAME": "ATASCOCITA TOWN CTR", "PHYS_ADDR": "6800 FM 1960 RD E", "ADDR_DESC": "6800 - 7000 FM 1960 EAST", "CITY": "HUMBLE", "COUNTY": "HARRIS", "ZIP_CODE": "77346", "REGION": "REGION 12 - HOUSTON", "LAT_DD": 29.99736797, "LONG_DD": -95.17325355, "HORZ_METH": "ADDMAT_NUM", "HORZ_ACC": -9999, "HORZ_REF": "OTHER", "HORZ_DATE": "19980814", "HORZ_ORG": "TCEQ", "HORZ_DATUM": "NAD83", "HORZ_DESC": null, "dma_county": "Harris", "tceq_program": "vcp"}}, {"type": "Feature", "id": 1461488, "geometry": {"type": "Point", "coordinates": [-95.521624, 29.783527]}, "properties": {"OBJECTID": 1461488, "REM_PROG": "Voluntary Cleanup Program (VCP)", "RN": "RN101055713", "VCP_ID": 487, "SITE_NAME": "ECHO LANE SHOPPING CENTER", "PHYS_ADDR": "9309 KATY FWY", "ADDR_DESC": "9309 - 9363 KATY FREEWAY", "CITY": "HOUSTON", "COUNTY": "HARRIS", "ZIP_CODE": "77024", "REGION": "REGION 12 - HOUSTON", "LAT_DD": 29.78352216, "LONG_DD": -95.52161716, "HORZ_METH": "ADDMAT_NUM", "HORZ_ACC": -9999, "HORZ_REF": "OTHER", "HORZ_DATE": "19970310", "HORZ_ORG": "TCEQ", "HORZ_DATUM": "NAD83", "HORZ_DESC": null, "dma_county": "Harris", "tceq_program": "vcp"}}, {"type": "Feature", "id": 1461489, "geometry": {"type": "Point", "coordinates": [-95.574657, 29.639375]}, "properties": {"OBJECTID": 1461489, "REM_PROG": "Voluntary Cleanup Program (VCP)", "RN": "RN101717999", "VCP_ID": 625, "SITE_NAME": "TEXAS INSTRUMENTS - STAFFORD FACILITY", "PHYS_ADDR": "12201 SOUTHWEST FWY", "ADDR_DESC": null, "CITY": "STAFFORD", "COUNTY": "FORT BEND", "ZIP_CODE": "77477", "REGION": "REGION 12 - HOUSTON", "LAT_DD": 29.63936986, "LONG_DD": -95.57465036, "HORZ_METH": "DOQ", "HORZ_ACC": 5, "HORZ_REF": "FAC_CEN", "HORZ_DATE": "19971002", "HORZ_ORG": "TCEQ", "HORZ_DATUM": "NAD83", "HORZ_DESC": null, "dma_county": "Fort Bend", "tceq_program": "vcp"}}, {"type": "Feature", "id": 1461492, "geometry": {"type": "Point", "coordinates": [-95.400701, 29.743244]}, "properties": {"OBJECTID": 1461492, "REM_PROG": "Voluntary Cleanup Program (VCP)", "RN": "RN101052827", "VCP_ID": 1141, "SITE_NAME": "1634 WESTHEIMER PROPERTY", "PHYS_ADDR": "1634 WESTHEIMER RD", "ADDR_DESC": "1634 WESTHEIMER", "CITY": "HOUSTON", "COUNTY": "HARRIS", "ZIP_CODE": "77006", "REGION": "REGION 12 - HOUSTON", "LAT_DD": 29.74323833, "LONG_DD": -95.40069423, "HORZ_METH": "ADDMAT_NUM", "HORZ_ACC": -9999, "HORZ_REF": "FAC_CEN", "HORZ_DATE": "20000210", "HORZ_ORG": "TCEQ", "HORZ_DATUM": "NAD83", "HORZ_DESC": null, "dma_county": "Harris", "tceq_program": "vcp"}}, {"type": "Feature", "id": 1461496, "geometry": {"type": "Point", "coordinates": [-95.187394, 29.788746]}, "properties": {"OBJECTID": 1461496, "REM_PROG": "Voluntary Cleanup Program (VCP)", "RN": "RN101485647", "VCP_ID": 770, "SITE_NAME": "RYANS EXPRESS DRY CLEANERS", "PHYS_ADDR": "480 UVALDE RD", "ADDR_DESC": "480 Uvalde, Houston, TX", "CITY": "HOUSTON", "COUNTY": "HARRIS", "ZIP_CODE": "77015", "REGION": "REGION 12 - HOUSTON", "LAT_DD": 29.78874097, "LONG_DD": -95.18738716, "HORZ_METH": "ADDMAT_NUM", "HORZ_ACC": -9999, "HORZ_REF": "STRUC_CEN", "HORZ_DATE": "19980515", "HORZ_ORG": "TCEQ", "HORZ_DATUM": "NAD83", "HORZ_DESC": null, "dma_county": "Harris", "tceq_program": "vcp"}}, {"type": "Feature", "id": 1461498, "geometry": {"type": "Point", "coordinates": [-95.37676, 29.775679]}, "properties": {"OBJECTID": 1461498, "REM_PROG": "Voluntary Cleanup Program (VCP)", "RN": "RN100904242", "VCP_ID": 2322, "SITE_NAME": "FORMER HARRIS MOVING & STORAGE", "PHYS_ADDR": "1824 SPRING ST", "ADDR_DESC": "1824 SPRING", "CITY": "HOUSTON", "COUNTY": "HARRIS", "ZIP_CODE": "77007", "REGION": "REGION 12 - HOUSTON", "LAT_DD": 29.7756735, "LONG_DD": -95.37675318, "HORZ_METH": "DOQ", "HORZ_ACC": 5, "HORZ_REF": "STRUC_CEN", "HORZ_DATE": "20100520", "HORZ_ORG": "TCEQ", "HORZ_DATUM": "NAD83", "HORZ_DESC": null, "dma_county": "Harris", "tceq_program": "vcp"}}, {"type": "Feature", "id": 1461499, "geometry": {"type": "Point", "coordinates": [-95.258624, 29.766946]}, "properties": {"OBJECTID": 1461499, "REM_PROG": "Voluntary Cleanup Program (VCP)", "RN": "RN106281355", "VCP_ID": 440, "SITE_NAME": "HOUSTON METAL PROCESSING COMPA", "PHYS_ADDR": "5225 FIDELITY ST", "ADDR_DESC": "5225 FIDELITY ST", "CITY": "HOUSTON", "COUNTY": "HARRIS", "ZIP_CODE": "77029", "REGION": "REGION 12 - HOUSTON", "LAT_DD": 29.76694065, "LONG_DD": -95.25861658, "HORZ_METH": "DOQ", "HORZ_ACC": 5, "HORZ_REF": "FAC_CEN", "HORZ_DATE": "19970117", "HORZ_ORG": "TCEQ", "HORZ_DATUM": "NAD83", "HORZ_DESC": null, "dma_county": "Harris", "tceq_program": "vcp"}}, {"type": "Feature", "id": 1461503, "geometry": {"type": "Point", "coordinates": [-95.474876, 29.731]}, "properties": {"OBJECTID": 1461503, "REM_PROG": "Voluntary Cleanup Program (VCP)", "RN": "RN100582766", "VCP_ID": 1094, "SITE_NAME": "LAMAR CLEANERS", "PHYS_ADDR": "5335 RICHMOND AVE", "ADDR_DESC": "5335 RICHMOND AVENUE", "CITY": "HOUSTON", "COUNTY": "HARRIS", "ZIP_CODE": "77056", "REGION": "REGION 12 - HOUSTON", "LAT_DD": 29.73099501, "LONG_DD": -95.47486871, "HORZ_METH": "DOQ", "HORZ_ACC": 5, "HORZ_REF": "OTHER", "HORZ_DATE": "19991206", "HORZ_ORG": "TCEQ", "HORZ_DATUM": "NAD83", "HORZ_DESC": null, "dma_county": "Harris", "tceq_program": "vcp"}}, {"type": "Feature", "id": 1461507, "geometry": {"type": "Point", "coordinates": [-95.275524, 29.638349]}, "properties": {"OBJECTID": 1461507, "REM_PROG": "Voluntary Cleanup Program (VCP)", "RN": "RN101868016", "VCP_ID": 2463, "SITE_NAME": "FLETCHER AVIATION", "PHYS_ADDR": "9000 RANDOLPH ST", "ADDR_DESC": null, "CITY": "HOUSTON", "COUNTY": "HARRIS", "ZIP_CODE": "77061", "REGION": "REGION 12 - HOUSTON", "LAT_DD": 29.63834393, "LONG_DD": -95.27551717, "HORZ_METH": "ADDMAT_NUM", "HORZ_ACC": -9999, "HORZ_REF": "OTHER", "HORZ_DATE": "20111114", "HORZ_ORG": "TCEQ", "HORZ_DATUM": "NAD83", "HORZ_DESC": null, "dma_county": "Harris", "tceq_program": "vcp"}}, {"type": "Feature", "id": 1461510, "geometry": {"type": "Point", "coordinates": [-95.267364, 29.721515]}, "properties": {"OBJECTID": 1461510, "REM_PROG": "Voluntary Cleanup Program (VCP)", "RN": "RN101474955", "VCP_ID": 940, "SITE_NAME": "TEXAS PORT PROPERTIES", "PHYS_ADDR": "8945 MANCHESTER ST", "ADDR_DESC": null, "CITY": "HOUSTON", "COUNTY": "HARRIS", "ZIP_CODE": "77012", "REGION": "REGION 12 - HOUSTON", "LAT_DD": 29.72150974, "LONG_DD": -95.26735658, "HORZ_METH": "ADDMAT_NUM", "HORZ_ACC": -9999, "HORZ_REF": "FAC_CEN", "HORZ_DATE": "19990303", "HORZ_ORG": "TCEQ", "HORZ_DATUM": "NAD83", "HORZ_DESC": null, "dma_county": "Harris", "tceq_program": "vcp"}}, {"type": "Feature", "id": 1461515, "geometry": {"type": "Point", "coordinates": [-95.286674, 29.770707]}, "properties": {"OBJECTID": 1461515, "REM_PROG": "Voluntary Cleanup Program (VCP)", "RN": "RN100679703", "VCP_ID": 615, "SITE_NAME": "WEATHERFORD ENTERRA - WELLCAT", "PHYS_ADDR": "950 MCCARTY ST", "ADDR_DESC": null, "CITY": "HOUSTON", "COUNTY": "HARRIS", "ZIP_CODE": "77029", "REGION": "REGION 12 - HOUSTON", "LAT_DD": 29.77070193, "LONG_DD": -95.28666712, "HORZ_METH": "ADDMAT_NUM", "HORZ_ACC": -9999, "HORZ_REF": "FAC_CEN", "HORZ_DATE": "19970922", "HORZ_ORG": "TCEQ", "HORZ_DATUM": "NAD83", "HORZ_DESC": null, "dma_county": "Harris", "tceq_program": "vcp"}}, {"type": "Feature", "id": 1461524, "geometry": {"type": "Point", "coordinates": [-95.169083, 29.522112]}, "properties": {"OBJECTID": 1461524, "REM_PROG": "Voluntary Cleanup Program (VCP)", "RN": "RN103008066", "VCP_ID": 1863, "SITE_NAME": "1.49 JET CLEANERS", "PHYS_ADDR": "3670 E FM 528 RD", "ADDR_DESC": "3670 FM 528 WEST IN FREINDSWOOD", "CITY": "FRIENDSWOOD", "COUNTY": "HARRIS", "ZIP_CODE": "77546", "REGION": "REGION 12 - HOUSTON", "LAT_DD": 29.52210727, "LONG_DD": -95.16907622, "HORZ_METH": "ADDMAT_NUM", "HORZ_ACC": -9999, "HORZ_REF": "STRUC_CEN", "HORZ_DATE": "20050907", "HORZ_ORG": "TCEQ", "HORZ_DATUM": "NAD83", "HORZ_DESC": null, "dma_county": "Harris", "tceq_program": "vcp"}}, {"type": "Feature", "id": 1461531, "geometry": {"type": "Point", "coordinates": [-94.838307, 29.288905]}, "properties": {"OBJECTID": 1461531, "REM_PROG": "Voluntary Cleanup Program (VCP)", "RN": "RN101992469", "VCP_ID": 1455, "SITE_NAME": "GALVEZ MALL", "PHYS_ADDR": null, "ADDR_DESC": "DEMOLISHED FORMER MALL UNDER REDEVELOPMENT", "CITY": "GALVESTON", "COUNTY": "GALVESTON", "ZIP_CODE": null, "REGION": "REGION 12 - HOUSTON", "LAT_DD": 29.2889, "LONG_DD": -94.8383, "HORZ_METH": "UNKNOWN", "HORZ_ACC": -9999, "HORZ_REF": "OTHER", "HORZ_DATE": "20020328", "HORZ_ORG": "TCEQ", "HORZ_DATUM": "NAD83", "HORZ_DESC": null, "dma_county": "Galveston", "tceq_program": "vcp"}}, {"type": "Feature", "id": 1461534, "geometry": {"type": "Point", "coordinates": [-95.578955, 29.878657]}, "properties": {"OBJECTID": 1461534, "REM_PROG": "Voluntary Cleanup Program (VCP)", "RN": "RN100588920", "VCP_ID": 1234, "SITE_NAME": "ELG IRELAND ALLOYS", "PHYS_ADDR": "11300 FM 529 RD", "ADDR_DESC": "11300 SPENCER ROAD", "CITY": "HOUSTON", "COUNTY": "HARRIS", "ZIP_CODE": "77041", "REGION": "REGION 12 - HOUSTON", "LAT_DD": 29.87865153, "LONG_DD": -95.57894772, "HORZ_METH": "DOQ", "HORZ_ACC": 5, "HORZ_REF": "FAC_CEN", "HORZ_DATE": "20000707", "HORZ_ORG": "TCEQ", "HORZ_DATUM": "NAD83", "HORZ_DESC": null, "dma_county": "Harris", "tceq_program": "vcp"}}, {"type": "Feature", "id": 1461536, "geometry": {"type": "Point", "coordinates": [-95.480418, 29.803469]}, "properties": {"OBJECTID": 1461536, "REM_PROG": "Voluntary Cleanup Program (VCP)", "RN": "RN100697978", "VCP_ID": 2823, "SITE_NAME": "MAACO 2092", "PHYS_ADDR": "1808 JACQUELYN DR", "ADDR_DESC": "1808 Jacquelyn, Houston, TX", "CITY": "HOUSTON", "COUNTY": "HARRIS", "ZIP_CODE": "77055", "REGION": "REGION 12 - HOUSTON", "LAT_DD": 29.80346372, "LONG_DD": -95.48041099, "HORZ_METH": "ADDMAT_NUM", "HORZ_ACC": -9999, "HORZ_REF": "STRUC_CEN", "HORZ_DATE": "20160610", "HORZ_ORG": "TCEQ", "HORZ_DATUM": "NAD83", "HORZ_DESC": null, "dma_county": "Harris", "tceq_program": "vcp"}}, {"type": "Feature", "id": 1461541, "geometry": {"type": "Point", "coordinates": [-95.43965, 29.677159]}, "properties": {"OBJECTID": 1461541, "REM_PROG": "Voluntary Cleanup Program (VCP)", "RN": "RN102071529", "VCP_ID": 1374, "SITE_NAME": "SUNNYS FOOD STORE", "PHYS_ADDR": "9715 STELLA LINK RD", "ADDR_DESC": null, "CITY": "HOUSTON", "COUNTY": "HARRIS", "ZIP_CODE": "77025", "REGION": "REGION 12 - HOUSTON", "LAT_DD": 29.67715357, "LONG_DD": -95.43964308, "HORZ_METH": "ADDMAT_NUM", "HORZ_ACC": -9999, "HORZ_REF": "PST_PUMP", "HORZ_DATE": "20010730", "HORZ_ORG": "TCEQ", "HORZ_DATUM": "NAD83", "HORZ_DESC": null, "dma_county": "Harris", "tceq_program": "vcp"}}, {"type": "Feature", "id": 1461545, "geometry": {"type": "Point", "coordinates": [-95.433931, 29.785062]}, "properties": {"OBJECTID": 1461545, "REM_PROG": "Voluntary Cleanup Program (VCP)", "RN": "RN100871516", "VCP_ID": 275, "SITE_NAME": "SMITH INDUSTRIES", "PHYS_ADDR": "8300 HEMPSTEAD RD", "ADDR_DESC": "8300 HEMPSTEAD HIGHWAY", "CITY": "HOUSTON", "COUNTY": "HARRIS", "ZIP_CODE": "77008", "REGION": "REGION 12 - HOUSTON", "LAT_DD": 29.78505701, "LONG_DD": -95.43392365, "HORZ_METH": "DOQ", "HORZ_ACC": -9999, "HORZ_REF": "STRUC_CEN", "HORZ_DATE": "19960612", "HORZ_ORG": "TCEQ", "HORZ_DATUM": "NAD83", "HORZ_DESC": null, "dma_county": "Harris", "tceq_program": "vcp"}}, {"type": "Feature", "id": 1461546, "geometry": {"type": "Point", "coordinates": [-95.339153, 29.756731]}, "properties": {"OBJECTID": 1461546, "REM_PROG": "Voluntary Cleanup Program (VCP)", "RN": "RN100593920", "VCP_ID": 495, "SITE_NAME": "DIXIE ELECTRO PLATING", "PHYS_ADDR": "3001 ENGELKE ST", "ADDR_DESC": null, "CITY": "HOUSTON", "COUNTY": "HARRIS", "ZIP_CODE": "77003", "REGION": "REGION 12 - HOUSTON", "LAT_DD": 29.75672571, "LONG_DD": -95.33914646, "HORZ_METH": "ADDMAT_NUM", "HORZ_ACC": -9999, "HORZ_REF": "FAC_CEN", "HORZ_DATE": "19970326", "HORZ_ORG": "TCEQ", "HORZ_DATUM": "NAD83", "HORZ_DESC": null, "dma_county": "Harris", "tceq_program": "vcp"}}, {"type": "Feature", "id": 1461547, "geometry": {"type": "Point", "coordinates": [-95.449046, 29.742044]}, "properties": {"OBJECTID": 1461547, "REM_PROG": "Voluntary Cleanup Program (VCP)", "RN": "RN101055127", "VCP_ID": 2370, "SITE_NAME": "AUTOHAUS PROPERTY WESTHEIMER OAKS OFFICE", "PHYS_ADDR": "4100 WESTHEIMER RD", "ADDR_DESC": "4100, 4150 AND 4200 WESTHEIMER ROAD", "CITY": "HOUSTON", "COUNTY": "HARRIS", "ZIP_CODE": "77027", "REGION": "REGION 12 - HOUSTON", "LAT_DD": 29.7420387, "LONG_DD": -95.44903901, "HORZ_METH": "ADDMAT_NUM", "HORZ_ACC": -9999, "HORZ_REF": "OTHER", "HORZ_DATE": "20101213", "HORZ_ORG": "TCEQ", "HORZ_DATUM": "NAD83", "HORZ_DESC": null, "dma_county": "Harris", "tceq_program": "vcp"}}, {"type": "Feature", "id": 1461548, "geometry": {"type": "Point", "coordinates": [-95.504931, 29.633484]}, "properties": {"OBJECTID": 1461548, "REM_PROG": "Voluntary Cleanup Program (VCP)", "RN": "RN101056232", "VCP_ID": 795, "SITE_NAME": "CENTRIMARC", "PHYS_ADDR": "11845 ORMANDY ST", "ADDR_DESC": "11845 ORMANDY STREET", "CITY": "HOUSTON", "COUNTY": "HARRIS", "ZIP_CODE": "77035", "REGION": "REGION 12 - HOUSTON", "LAT_DD": 29.63347873, "LONG_DD": -95.50492386, "HORZ_METH": "ADDMAT_NUM", "HORZ_ACC": -9999, "HORZ_REF": "OTHER", "HORZ_DATE": "19980624", "HORZ_ORG": "TCEQ", "HORZ_DATUM": "NAD83", "HORZ_DESC": null, "dma_county": "Harris", "tceq_program": "vcp"}}, {"type": "Feature", "id": 1461550, "geometry": {"type": "Point", "coordinates": [-95.358248, 29.760043]}, "properties": {"OBJECTID": 1461550, "REM_PROG": "Voluntary Cleanup Program (VCP)", "RN": "RN101628444", "VCP_ID": 378, "SITE_NAME": "SYSTEM PROPERTY DEVELOPMENT", "PHYS_ADDR": "1301 PRESTON ST", "ADDR_DESC": "1301 PRESTON ST", "CITY": "HOUSTON", "COUNTY": "HARRIS", "ZIP_CODE": "77002", "REGION": "REGION 12 - HOUSTON", "LAT_DD": 29.76003767, "LONG_DD": -95.35824125, "HORZ_METH": "ADDMAT_NUM", "HORZ_ACC": -9999, "HORZ_REF": "STRUC_CEN", "HORZ_DATE": "19961018", "HORZ_ORG": "TCEQ", "HORZ_DATUM": "NAD83", "HORZ_DESC": null, "dma_county": "Harris", "tceq_program": "vcp"}}, {"type": "Feature", "id": 1461552, "geometry": {"type": "Point", "coordinates": [-95.319502, 29.856162]}, "properties": {"OBJECTID": 1461552, "REM_PROG": "Voluntary Cleanup Program (VCP)", "RN": "RN102334075", "VCP_ID": 1116, "SITE_NAME": "GEORGIA PACIFIC", "PHYS_ADDR": "10120 HIRSCH RD", "ADDR_DESC": "10120 HIRSCH RD HOUSTON TX", "CITY": "HOUSTON", "COUNTY": "HARRIS", "ZIP_CODE": "77016", "REGION": "REGION 12 - HOUSTON", "LAT_DD": 29.85615678, "LONG_DD": -95.31949497, "HORZ_METH": "DOQ", "HORZ_ACC": 5, "HORZ_REF": "STRUC_CEN", "HORZ_DATE": "20000118", "HORZ_ORG": "TCEQ", "HORZ_DATUM": "NAD83", "HORZ_DESC": null, "dma_county": "Harris", "tceq_program": "vcp"}}, {"type": "Feature", "id": 1461554, "geometry": {"type": "Point", "coordinates": [-95.075031, 29.702493]}, "properties": {"OBJECTID": 1461554, "REM_PROG": "Voluntary Cleanup Program (VCP)", "RN": "RN105127476", "VCP_ID": 1478, "SITE_NAME": "VACANT INDUSTRIAL PROPERTY", "PHYS_ADDR": "9401 STRANG RD", "ADDR_DESC": "9400 Strang Rd, La Porte, TX", "CITY": "LA PORTE", "COUNTY": "HARRIS", "ZIP_CODE": "77571", "REGION": "REGION 12 - HOUSTON", "LAT_DD": 29.70248771, "LONG_DD": -95.07502455, "HORZ_METH": "ADDMAT_NUM", "HORZ_ACC": -9999, "HORZ_REF": "STRUC_CEN", "HORZ_DATE": "20020612", "HORZ_ORG": "TCEQ", "HORZ_DATUM": "NAD83", "HORZ_DESC": null, "dma_county": "Harris", "tceq_program": "vcp"}}, {"type": "Feature", "id": 1461555, "geometry": {"type": "Point", "coordinates": [-95.471584, 29.715686]}, "properties": {"OBJECTID": 1461555, "REM_PROG": "Voluntary Cleanup Program (VCP)", "RN": "RN104161054", "VCP_ID": 1060, "SITE_NAME": "TIME WARNER COMMUNICATIONS", "PHYS_ADDR": "6015 ROYALTON ST", "ADDR_DESC": "6015 ROYALTON STREET", "CITY": "HOUSTON", "COUNTY": "HARRIS", "ZIP_CODE": "77081", "REGION": "REGION 12 - HOUSTON", "LAT_DD": 29.71568043, "LONG_DD": -95.47157657, "HORZ_METH": "DOQ", "HORZ_ACC": 5, "HORZ_REF": "STRUC_CEN", "HORZ_DATE": "19990927", "HORZ_ORG": "TCEQ", "HORZ_DATUM": "NAD83", "HORZ_DESC": null, "dma_county": "Harris", "tceq_program": "vcp"}}, {"type": "Feature", "id": 1461557, "geometry": {"type": "Point", "coordinates": [-96.623504, 28.616202]}, "properties": {"OBJECTID": 1461557, "REM_PROG": "Voluntary Cleanup Program (VCP)", "RN": "RN104517644", "VCP_ID": 1776, "SITE_NAME": "NAUTICAL LANDINGS MARINA", "PHYS_ADDR": "106 S COMMERCE ST", "ADDR_DESC": "EAST ON COMMERCE 11/2 TENTHS OF A MILE, SITE IS ON LEFT INSIDE OF CABLE FENCE", "CITY": "PORT LAVACA", "COUNTY": "CALHOUN", "ZIP_CODE": "77979", "REGION": "REGION 14 - CORPUS CHRISTI", "LAT_DD": 28.616197, "LONG_DD": -96.62349683, "HORZ_METH": "ADDMAT_NUM", "HORZ_ACC": -9999, "HORZ_REF": "STRUC_CEN", "HORZ_DATE": "20041230", "HORZ_ORG": "TCEQ", "HORZ_DATUM": "NAD83", "HORZ_DESC": null, "dma_county": "Calhoun", "tceq_program": "vcp"}}, {"type": "Feature", "id": 1461563, "geometry": {"type": "Point", "coordinates": [-94.806973, 30.043852]}, "properties": {"OBJECTID": 1461563, "REM_PROG": "Voluntary Cleanup Program (VCP)", "RN": "RN101475127", "VCP_ID": 2195, "SITE_NAME": "BOOMERANG TUBE", "PHYS_ADDR": "1100 FM 3361 RD", "ADDR_DESC": "FM 3361", "CITY": "LIBERTY", "COUNTY": "LIBERTY", "ZIP_CODE": "77575", "REGION": "REGION 12 - HOUSTON", "LAT_DD": 30.04384719, "LONG_DD": -94.80696593, "HORZ_METH": "ADDMAT_NUM", "HORZ_ACC": -9999, "HORZ_REF": "STRUC_CEN", "HORZ_DATE": "20080709", "HORZ_ORG": "TCEQ", "HORZ_DATUM": "NAD83", "HORZ_DESC": null, "dma_county": "Liberty", "tceq_program": "vcp"}}, {"type": "Feature", "id": 1461571, "geometry": {"type": "Point", "coordinates": [-95.449046, 29.742044]}, "properties": {"OBJECTID": 1461571, "REM_PROG": "Voluntary Cleanup Program (VCP)", "RN": "RN101055127", "VCP_ID": 571, "SITE_NAME": "AUTOHAUS PROPERTY WESTHEIMER OAKS OFFICE", "PHYS_ADDR": "4100 WESTHEIMER RD", "ADDR_DESC": "4100 4150 AND 4200 WESTHEIMER ROAD", "CITY": "HOUSTON", "COUNTY": "HARRIS", "ZIP_CODE": "77027", "REGION": "REGION 12 - HOUSTON", "LAT_DD": 29.7420387, "LONG_DD": -95.44903901, "HORZ_METH": "ADDMAT_NUM", "HORZ_ACC": -9999, "HORZ_REF": "OTHER", "HORZ_DATE": "19970716", "HORZ_ORG": "TCEQ", "HORZ_DATUM": "NAD83", "HORZ_DESC": null, "dma_county": "Harris", "tceq_program": "vcp"}}, {"type": "Feature", "id": 1461576, "geometry": {"type": "Point", "coordinates": [-95.430861, 29.736656]}, "properties": {"OBJECTID": 1461576, "REM_PROG": "Voluntary Cleanup Program (VCP)", "RN": "RN100580828", "VCP_ID": 2868, "SITE_NAME": "3120 BUFFALO SPEEDWAY", "PHYS_ADDR": "3120 BUFFALO SPEEDWAY", "ADDR_DESC": null, "CITY": "HOUSTON", "COUNTY": "HARRIS", "ZIP_CODE": "77098", "REGION": "REGION 12 - HOUSTON", "LAT_DD": 29.73665078, "LONG_DD": -95.43085381, "HORZ_METH": "DOQ", "HORZ_ACC": 5, "HORZ_REF": "FAC_CEN", "HORZ_DATE": "20170202", "HORZ_ORG": "TCEQ", "HORZ_DATUM": "NAD83", "HORZ_DESC": null, "dma_county": "Harris", "tceq_program": "vcp"}}, {"type": "Feature", "id": 1461578, "geometry": {"type": "Point", "coordinates": [-95.455255, 29.79307]}, "properties": {"OBJECTID": 1461578, "REM_PROG": "Voluntary Cleanup Program (VCP)", "RN": "RN100657998", "VCP_ID": 2526, "SITE_NAME": "MCKINLEY PAPER", "PHYS_ADDR": "1300 N POST OAK RD", "ADDR_DESC": "SE OF INTERSECTION OF N POST OAK AND WESTVIEW", "CITY": "HOUSTON", "COUNTY": "HARRIS", "ZIP_CODE": "77055", "REGION": "REGION 12 - HOUSTON", "LAT_DD": 29.79306509, "LONG_DD": -95.45524825, "HORZ_METH": "ADDMAT_NUM", "HORZ_ACC": -9999, "HORZ_REF": "FAC_CEN", "HORZ_DATE": "20120806", "HORZ_ORG": "TCEQ", "HORZ_DATUM": "NAD83", "HORZ_DESC": null, "dma_county": "Harris", "tceq_program": "vcp"}}, {"type": "Feature", "id": 1461579, "geometry": {"type": "Point", "coordinates": [-95.595368, 29.636267]}, "properties": {"OBJECTID": 1461579, "REM_PROG": "Voluntary Cleanup Program (VCP)", "RN": "RN102925310", "VCP_ID": 585, "SITE_NAME": "ATEC COMMERCIAL SYSTEMS PROPER", "PHYS_ADDR": "12600 EXECUTIVE DR", "ADDR_DESC": "12600 EXECUTIVE DRIVE STAFFORD TX", "CITY": "STAFFORD", "COUNTY": "FORT BEND", "ZIP_CODE": "77477", "REGION": "REGION 12 - HOUSTON", "LAT_DD": 29.63626148, "LONG_DD": -95.59536069, "HORZ_METH": "ADDMAT_NUM", "HORZ_ACC": -9999, "HORZ_REF": "STRUC_CEN", "HORZ_DATE": "19970801", "HORZ_ORG": "TCEQ", "HORZ_DATUM": "NAD83", "HORZ_DESC": null, "dma_county": "Fort Bend", "tceq_program": "vcp"}}, {"type": "Feature", "id": 1461584, "geometry": {"type": "Point", "coordinates": [-95.729874, 29.775068]}, "properties": {"OBJECTID": 1461584, "REM_PROG": "Voluntary Cleanup Program (VCP)", "RN": "RN101056182", "VCP_ID": 719, "SITE_NAME": "NOTTINGHAM COUNTRY PROFESSIONAL CENTER NO 114", "PHYS_ADDR": "20701 KINGSLAND BLVD", "ADDR_DESC": "20701 KINGSLAND BLVD KATY TX", "CITY": "KATY", "COUNTY": "HARRIS", "ZIP_CODE": "77450", "REGION": "REGION 12 - HOUSTON", "LAT_DD": 29.77506235, "LONG_DD": -95.72986733, "HORZ_METH": "ADDMAT_NUM", "HORZ_ACC": -9999, "HORZ_REF": "OTHER", "HORZ_DATE": "19980305", "HORZ_ORG": "TCEQ", "HORZ_DATUM": "NAD83", "HORZ_DESC": null, "dma_county": "Harris", "tceq_program": "vcp"}}, {"type": "Feature", "id": 1461588, "geometry": {"type": "Point", "coordinates": [-95.433716, 29.840458]}, "properties": {"OBJECTID": 1461588, "REM_PROG": "Voluntary Cleanup Program (VCP)", "RN": "RN103208013", "VCP_ID": 2817, "SITE_NAME": "KIRKSEY MACHINE", "PHYS_ADDR": "3517 PINEMONT DR", "ADDR_DESC": null, "CITY": "HOUSTON", "COUNTY": "HARRIS", "ZIP_CODE": "77018", "REGION": "REGION 12 - HOUSTON", "LAT_DD": 29.84045251, "LONG_DD": -95.43370923, "HORZ_METH": "ADDMAT_NUM", "HORZ_ACC": -9999, "HORZ_REF": "STRUC_CEN", "HORZ_DATE": "20160513", "HORZ_ORG": "TCEQ", "HORZ_DATUM": "NAD83", "HORZ_DESC": null, "dma_county": "Harris", "tceq_program": "vcp"}}, {"type": "Feature", "id": 1461598, "geometry": {"type": "Point", "coordinates": [-95.350057, 29.754156]}, "properties": {"OBJECTID": 1461598, "REM_PROG": "Voluntary Cleanup Program (VCP)", "RN": "RN107410169", "VCP_ID": 2673, "SITE_NAME": "PEOPLES TRUST FEDERAL CREDIT UNION", "PHYS_ADDR": "413 BASTROP ST", "ADDR_DESC": null, "CITY": "HOUSTON", "COUNTY": "HARRIS", "ZIP_CODE": "77003", "REGION": "REGION 12 - HOUSTON", "LAT_DD": 29.75415095, "LONG_DD": -95.35004994, "HORZ_METH": "ADDMAT_NUM", "HORZ_ACC": -9999, "HORZ_REF": "OTHER", "HORZ_DATE": "20140528", "HORZ_ORG": "TCEQ", "HORZ_DATUM": "NAD83", "HORZ_DESC": null, "dma_county": "Harris", "tceq_program": "vcp"}}, {"type": "Feature", "id": 1461602, "geometry": {"type": "Point", "coordinates": [-95.39066, 29.736966]}, "properties": {"OBJECTID": 1461602, "REM_PROG": "Voluntary Cleanup Program (VCP)", "RN": "RN100865682", "VCP_ID": 2604, "SITE_NAME": "MORTGAGE RECOVERY FUND 3939 PROPERTY", "PHYS_ADDR": "3939 MONTROSE BLVD STE K", "ADDR_DESC": "3939 MONTROSE", "CITY": "HOUSTON", "COUNTY": "HARRIS", "ZIP_CODE": "77006", "REGION": "REGION 12 - HOUSTON", "LAT_DD": 29.73696116, "LONG_DD": -95.39065269, "HORZ_METH": "ADDMAT_NUM", "HORZ_ACC": -9999, "HORZ_REF": "OTHER", "HORZ_DATE": "20130819", "HORZ_ORG": "TCEQ", "HORZ_DATUM": "NAD83", "HORZ_DESC": null, "dma_county": "Harris", "tceq_program": "vcp"}}, {"type": "Feature", "id": 1461605, "geometry": {"type": "Point", "coordinates": [-95.390975, 29.677748]}, "properties": {"OBJECTID": 1461605, "REM_PROG": "Voluntary Cleanup Program (VCP)", "RN": "RN100581909", "VCP_ID": 1730, "SITE_NAME": "BALDWINS INDUSTRIAL SERVICES", "PHYS_ADDR": "925 S LOOP W", "ADDR_DESC": "LOCATED AT 925 S LOOP W JUST SOUTH OF ALMEDA RD", "CITY": "HOUSTON", "COUNTY": "HARRIS", "ZIP_CODE": "77054", "REGION": "REGION 12 - HOUSTON", "LAT_DD": 29.6777424, "LONG_DD": -95.39096849, "HORZ_METH": "DOQ", "HORZ_ACC": 5, "HORZ_REF": "FAC_CEN", "HORZ_DATE": "20040817", "HORZ_ORG": "TCEQ", "HORZ_DATUM": "NAD83", "HORZ_DESC": null, "dma_county": "Harris", "tceq_program": "vcp"}}, {"type": "Feature", "id": 1461606, "geometry": {"type": "Point", "coordinates": [-95.573231, 29.748366]}, "properties": {"OBJECTID": 1461606, "REM_PROG": "Voluntary Cleanup Program (VCP)", "RN": "RN102617164", "VCP_ID": 112, "SITE_NAME": "PILGRIM CLEANERS BRIAR FOREST", "PHYS_ADDR": "1498 WILCREST DR", "ADDR_DESC": "1498 WILCREST", "CITY": "HOUSTON", "COUNTY": "HARRIS", "ZIP_CODE": "77042", "REGION": "REGION 12 - HOUSTON", "LAT_DD": 29.74836095, "LONG_DD": -95.57322377, "HORZ_METH": "DOQ", "HORZ_ACC": 5, "HORZ_REF": "STRUC_CEN", "HORZ_DATE": "19991214", "HORZ_ORG": "TCEQ", "HORZ_DATUM": "NAD83", "HORZ_DESC": null, "dma_county": "Harris", "tceq_program": "vcp"}}, {"type": "Feature", "id": 1461607, "geometry": {"type": "Point", "coordinates": [-95.585975, 29.583725]}, "properties": {"OBJECTID": 1461607, "REM_PROG": "Voluntary Cleanup Program (VCP)", "RN": "RN104028584", "VCP_ID": 1831, "SITE_NAME": "PERFECT SHIRTS $1.75  CLEANERS", "PHYS_ADDR": "4411 HIGHWAY 6", "ADDR_DESC": null, "CITY": "SUGAR LAND", "COUNTY": "FORT BEND", "ZIP_CODE": "77478", "REGION": "REGION 12 - HOUSTON", "LAT_DD": 29.58371959, "LONG_DD": -95.5859678, "HORZ_METH": "ADDMAT_NUM", "HORZ_ACC": -9999, "HORZ_REF": "OTHER", "HORZ_DATE": "20050615", "HORZ_ORG": "TCEQ", "HORZ_DATUM": "NAD83", "HORZ_DESC": null, "dma_county": "Fort Bend", "tceq_program": "vcp"}}, {"type": "Feature", "id": 1461610, "geometry": {"type": "Point", "coordinates": [-95.526051, 29.878874]}, "properties": {"OBJECTID": 1461610, "REM_PROG": "Voluntary Cleanup Program (VCP)", "RN": "RN101627990", "VCP_ID": 2593, "SITE_NAME": "FORMER UNIVERSAL METAL FINISHING FACILITY", "PHYS_ADDR": "7235 FAIRBANKS N HOUSTON RD", "ADDR_DESC": "7235 Fairbanks N Houston Rd, Houston, TX", "CITY": "HOUSTON", "COUNTY": "HARRIS", "ZIP_CODE": "77040", "REGION": "REGION 12 - HOUSTON", "LAT_DD": 29.878869129999998, "LONG_DD": -95.52604439, "HORZ_METH": "ADDMAT_NUM", "HORZ_ACC": -9999, "HORZ_REF": "STRUC_CEN", "HORZ_DATE": "20130709", "HORZ_ORG": "TCEQ", "HORZ_DATUM": "NAD83", "HORZ_DESC": null, "dma_county": "Harris", "tceq_program": "vcp"}}, {"type": "Feature", "id": 1461611, "geometry": {"type": "Point", "coordinates": [-95.491818, 29.822118]}, "properties": {"OBJECTID": 1461611, "REM_PROG": "Voluntary Cleanup Program (VCP)", "RN": "RN100701812", "VCP_ID": 613, "SITE_NAME": "RECTORSEAL", "PHYS_ADDR": "2601 SPENWICK DR", "ADDR_DESC": "2601 SPENWICK ROAD", "CITY": "HOUSTON", "COUNTY": "HARRIS", "ZIP_CODE": "77055", "REGION": "REGION 12 - HOUSTON", "LAT_DD": 29.822112830000002, "LONG_DD": -95.4918109, "HORZ_METH": "ADDMAT_NUM", "HORZ_ACC": -9999, "HORZ_REF": "STRUC_CEN", "HORZ_DATE": "19970915", "HORZ_ORG": "TCEQ", "HORZ_DATUM": "NAD83", "HORZ_DESC": null, "dma_county": "Harris", "tceq_program": "vcp"}}, {"type": "Feature", "id": 1461615, "geometry": {"type": "Point", "coordinates": [-95.21766, 29.978804]}, "properties": {"OBJECTID": 1461615, "REM_PROG": "Voluntary Cleanup Program (VCP)", "RN": "RN101736379", "VCP_ID": 1521, "SITE_NAME": "ATASCOCITA TEXACO", "PHYS_ADDR": "10910 WILL CLAYTON PKWY", "ADDR_DESC": null, "CITY": "HUMBLE", "COUNTY": "HARRIS", "ZIP_CODE": "77396", "REGION": "REGION 12 - HOUSTON", "LAT_DD": 29.97879844, "LONG_DD": -95.21765264, "HORZ_METH": "ADDMAT_NUM", "HORZ_ACC": -9999, "HORZ_REF": "OTHER", "HORZ_DATE": "20020913", "HORZ_ORG": "TCEQ", "HORZ_DATUM": "NAD83", "HORZ_DESC": null, "dma_county": "Harris", "tceq_program": "vcp"}}, {"type": "Feature", "id": 1461620, "geometry": {"type": "Point", "coordinates": [-94.842285, 29.290651]}, "properties": {"OBJECTID": 1461620, "REM_PROG": "Voluntary Cleanup Program (VCP)", "RN": "RN101461697", "VCP_ID": 1434, "SITE_NAME": "HOME DEPOT TRACT - GALVESTON", "PHYS_ADDR": null, "ADDR_DESC": "NEC 1H-45 AND 65TH STREET VACANT DEMOLISHED PROPERTY", "CITY": "GALVESTON", "COUNTY": "GALVESTON", "ZIP_CODE": null, "REGION": "REGION 12 - HOUSTON", "LAT_DD": 29.29064543, "LONG_DD": -94.84227774, "HORZ_METH": "ADDMAT_INT", "HORZ_ACC": -9999, "HORZ_REF": "OTHER", "HORZ_DATE": "20020128", "HORZ_ORG": "TCEQ", "HORZ_DATUM": "NAD83", "HORZ_DESC": null, "dma_county": "Galveston", "tceq_program": "vcp"}}, {"type": "Feature", "id": 1461622, "geometry": {"type": "Point", "coordinates": [-95.524219, 29.719833]}, "properties": {"OBJECTID": 1461622, "REM_PROG": "Voluntary Cleanup Program (VCP)", "RN": "RN109365411", "VCP_ID": 2835, "SITE_NAME": "FORMER SUNDOWN AUTO STORAGE", "PHYS_ADDR": "4121 OSAGE ST", "ADDR_DESC": null, "CITY": "HOUSTON", "COUNTY": "HARRIS", "ZIP_CODE": "77036", "REGION": "REGION 12 - HOUSTON", "LAT_DD": 29.71982733, "LONG_DD": -95.52421196, "HORZ_METH": "ADDMAT_NUM", "HORZ_ACC": -9999, "HORZ_REF": "FAC_CEN", "HORZ_DATE": "20160809", "HORZ_ORG": "TCEQ", "HORZ_DATUM": "NAD83", "HORZ_DESC": null, "dma_county": "Harris", "tceq_program": "vcp"}}, {"type": "Feature", "id": 1461623, "geometry": {"type": "Point", "coordinates": [-95.335287, 29.458335]}, "properties": {"OBJECTID": 1461623, "REM_PROG": "Voluntary Cleanup Program (VCP)", "RN": "RN101628584", "VCP_ID": 388, "SITE_NAME": "ALCOA RECYCLING FACILITY", "PHYS_ADDR": "21340 HIGHWAY 6", "ADDR_DESC": "2134 MORRIS AVENUE, SH 6 NO ADDRESS RECYCLING FACILITY", "CITY": "MANVEL", "COUNTY": "BRAZORIA", "ZIP_CODE": "77578", "REGION": "REGION 12 - HOUSTON", "LAT_DD": 29.45833, "LONG_DD": -95.33528, "HORZ_METH": "ADDMAT_NUM", "HORZ_ACC": -9999, "HORZ_REF": "STRUC_CEN", "HORZ_DATE": "19961030", "HORZ_ORG": "TCEQ", "HORZ_DATUM": "NAD83", "HORZ_DESC": null, "dma_county": "Brazoria", "tceq_program": "vcp"}}, {"type": "Feature", "id": 1461627, "geometry": {"type": "Point", "coordinates": [-95.409972, 29.830252]}, "properties": {"OBJECTID": 1461627, "REM_PROG": "Voluntary Cleanup Program (VCP)", "RN": "RN100875905", "VCP_ID": 1001, "SITE_NAME": "PDQ AUTO SALVAGE", "PHYS_ADDR": "4530 N SHEPHERD DR", "ADDR_DESC": null, "CITY": "HOUSTON", "COUNTY": "HARRIS", "ZIP_CODE": "77018", "REGION": "REGION 12 - HOUSTON", "LAT_DD": 29.83024693, "LONG_DD": -95.4099654, "HORZ_METH": "ADDMAT_NUM", "HORZ_ACC": -9999, "HORZ_REF": "OTHER", "HORZ_DATE": "19990629", "HORZ_ORG": "TCEQ", "HORZ_DATUM": "NAD83", "HORZ_DESC": null, "dma_county": "Harris", "tceq_program": "vcp"}}, {"type": "Feature", "id": 1461631, "geometry": {"type": "Point", "coordinates": [-95.383933, 29.695149]}, "properties": {"OBJECTID": 1461631, "REM_PROG": "Voluntary Cleanup Program (VCP)", "RN": "RN102863354", "VCP_ID": 1489, "SITE_NAME": "7100 GRAND BLVD", "PHYS_ADDR": "7100 GRAND BLVD", "ADDR_DESC": null, "CITY": "HOUSTON", "COUNTY": "HARRIS", "ZIP_CODE": "77054", "REGION": "REGION 12 - HOUSTON", "LAT_DD": 29.69514386, "LONG_DD": -95.38392636, "HORZ_METH": "ADDMAT_NUM", "HORZ_ACC": -9999, "HORZ_REF": "STRUC_CEN", "HORZ_DATE": "20020709", "HORZ_ORG": "TCEQ", "HORZ_DATUM": "NAD83", "HORZ_DESC": null, "dma_county": "Harris", "tceq_program": "vcp"}}, {"type": "Feature", "id": 1461636, "geometry": {"type": "Point", "coordinates": [-95.402721, 29.722699]}, "properties": {"OBJECTID": 1461636, "REM_PROG": "Voluntary Cleanup Program (VCP)", "RN": "RN102863404", "VCP_ID": 1508, "SITE_NAME": "DOUGS AUTO SERVICE CENTER", "PHYS_ADDR": "1749 SUNSET BLVD", "ADDR_DESC": null, "CITY": "HOUSTON", "COUNTY": "HARRIS", "ZIP_CODE": "77005", "REGION": "REGION 12 - HOUSTON", "LAT_DD": 29.72269365, "LONG_DD": -95.40271431, "HORZ_METH": "ADDMAT_NUM", "HORZ_ACC": -9999, "HORZ_REF": "OTHER", "HORZ_DATE": "20020807", "HORZ_ORG": "TCEQ", "HORZ_DATUM": "NAD83", "HORZ_DESC": null, "dma_county": "Harris", "tceq_program": "vcp"}}, {"type": "Feature", "id": 1461644, "geometry": {"type": "Point", "coordinates": [-95.342413, 29.69722]}, "properties": {"OBJECTID": 1461644, "REM_PROG": "Voluntary Cleanup Program (VCP)", "RN": "RN108162520", "VCP_ID": 2729, "SITE_NAME": "FORMER JOY TABERNACLE CHURCH PROPERTY", "PHYS_ADDR": null, "ADDR_DESC": "4910 4912 4918 4922 4924 GRIGGS RD & 7 UNADDRESSED LOTS 0 GRACE LN", "CITY": "HOUSTON", "COUNTY": "HARRIS", "ZIP_CODE": null, "REGION": "REGION 12 - HOUSTON", "LAT_DD": 29.69721433, "LONG_DD": -95.3424057, "HORZ_METH": "DOQ", "HORZ_ACC": 5, "HORZ_REF": "FAC_CEN", "HORZ_DATE": "20150225", "HORZ_ORG": "TCEQ", "HORZ_DATUM": "NAD83", "HORZ_DESC": null, "dma_county": "Harris", "tceq_program": "vcp"}}, {"type": "Feature", "id": 1461653, "geometry": {"type": "Point", "coordinates": [-95.527437, 30.022392]}, "properties": {"OBJECTID": 1461653, "REM_PROG": "Voluntary Cleanup Program (VCP)", "RN": "RN102863289", "VCP_ID": 1514, "SITE_NAME": "KLEINWOOD SHOPPING CENTER", "PHYS_ADDR": "7312 LOUETTA RD", "ADDR_DESC": null, "CITY": "SPRING", "COUNTY": "HARRIS", "ZIP_CODE": "77379", "REGION": "REGION 12 - HOUSTON", "LAT_DD": 30.02238651, "LONG_DD": -95.52742973, "HORZ_METH": "ADDMAT_NUM", "HORZ_ACC": -9999, "HORZ_REF": "STRUC_CEN", "HORZ_DATE": "20020828", "HORZ_ORG": "TCEQ", "HORZ_DATUM": "NAD83", "HORZ_DESC": null, "dma_county": "Harris", "tceq_program": "vcp"}}, {"type": "Feature", "id": 1461662, "geometry": {"type": "Point", "coordinates": [-95.238721, 29.800134]}, "properties": {"OBJECTID": 1461662, "REM_PROG": "Voluntary Cleanup Program (VCP)", "RN": "RN102548476", "VCP_ID": 2327, "SITE_NAME": "GENERAL CRANE", "PHYS_ADDR": "4000 OATES RD", "ADDR_DESC": "4000 OATES RD", "CITY": "HOUSTON", "COUNTY": "HARRIS", "ZIP_CODE": "77013", "REGION": "REGION 12 - HOUSTON", "LAT_DD": 29.80012862, "LONG_DD": -95.23871435, "HORZ_METH": "ADDMAT_NUM", "HORZ_ACC": -9999, "HORZ_REF": "OTHER", "HORZ_DATE": "20100614", "HORZ_ORG": "TCEQ", "HORZ_DATUM": "NAD83", "HORZ_DESC": null, "dma_county": "Harris", "tceq_program": "vcp"}}, {"type": "Feature", "id": 1461666, "geometry": {"type": "Point", "coordinates": [-95.415671, 29.740755]}, "properties": {"OBJECTID": 1461666, "REM_PROG": "Voluntary Cleanup Program (VCP)", "RN": "RN101056497", "VCP_ID": 448, "SITE_NAME": "OAK LANE APARTMENTS", "PHYS_ADDR": "2701 REVERE ST", "ADDR_DESC": "2701 REVERE", "CITY": "HOUSTON", "COUNTY": "HARRIS", "ZIP_CODE": "77098", "REGION": "REGION 12 - HOUSTON", "LAT_DD": 29.74074986, "LONG_DD": -95.4156637, "HORZ_METH": "ADDMAT_NUM", "HORZ_ACC": -9999, "HORZ_REF": "FAC_CEN", "HORZ_DATE": "19970122", "HORZ_ORG": "TCEQ", "HORZ_DATUM": "NAD83", "HORZ_DESC": null, "dma_county": "Harris", "tceq_program": "vcp"}}, {"type": "Feature", "id": 1461668, "geometry": {"type": "Point", "coordinates": [-95.258868, 29.64656]}, "properties": {"OBJECTID": 1461668, "REM_PROG": "Voluntary Cleanup Program (VCP)", "RN": "RN100645894", "VCP_ID": 527, "SITE_NAME": "VACUUM TANKS", "PHYS_ADDR": "8420 HANSEN RD", "ADDR_DESC": "8420 HANSEN ROAD CLEAR WATER PIT", "CITY": "HOUSTON", "COUNTY": "HARRIS", "ZIP_CODE": "77075", "REGION": "REGION 12 - HOUSTON", "LAT_DD": 29.64655441, "LONG_DD": -95.2588614, "HORZ_METH": "ADDMAT_NUM", "HORZ_ACC": -9999, "HORZ_REF": "STRUC_CEN", "HORZ_DATE": "19970512", "HORZ_ORG": "TCEQ", "HORZ_DATUM": "NAD83", "HORZ_DESC": null, "dma_county": "Harris", "tceq_program": "vcp"}}, {"type": "Feature", "id": 1461669, "geometry": {"type": "Point", "coordinates": [-95.400475, 29.773192]}, "properties": {"OBJECTID": 1461669, "REM_PROG": "Voluntary Cleanup Program (VCP)", "RN": "RN100224476", "VCP_ID": 2031, "SITE_NAME": "WASHINGTON POINTE", "PHYS_ADDR": "3910 WASHINGTON AVE", "ADDR_DESC": "NEC OF WASHINGTON AVE AND LEVERKUHN ST", "CITY": "HOUSTON", "COUNTY": "HARRIS", "ZIP_CODE": "77007", "REGION": "REGION 12 - HOUSTON", "LAT_DD": 29.77318639, "LONG_DD": -95.40046805, "HORZ_METH": "ADDMAT_NUM", "HORZ_ACC": -9999, "HORZ_REF": "FAC_CEN", "HORZ_DATE": "20070214", "HORZ_ORG": "TCEQ", "HORZ_DATUM": "NAD83", "HORZ_DESC": null, "dma_county": "Harris", "tceq_program": "vcp"}}, {"type": "Feature", "id": 1461670, "geometry": {"type": "Point", "coordinates": [-95.556593, 29.788023]}, "properties": {"OBJECTID": 1461670, "REM_PROG": "Voluntary Cleanup Program (VCP)", "RN": "RN101461838", "VCP_ID": 1262, "SITE_NAME": "PIPE STORAGE AND THREADING", "PHYS_ADDR": "10440 KATY FWY", "ADDR_DESC": null, "CITY": "HOUSTON", "COUNTY": "HARRIS", "ZIP_CODE": "77043", "REGION": "REGION 12 - HOUSTON", "LAT_DD": 29.78801776, "LONG_DD": -95.55658587, "HORZ_METH": "DOQ", "HORZ_ACC": 5, "HORZ_REF": "STRUC_CEN", "HORZ_DATE": "20000922", "HORZ_ORG": "TCEQ", "HORZ_DATUM": "NAD83", "HORZ_DESC": null, "dma_county": "Harris", "tceq_program": "vcp"}}, {"type": "Feature", "id": 1461671, "geometry": {"type": "Point", "coordinates": [-95.37041, 29.750898]}, "properties": {"OBJECTID": 1461671, "REM_PROG": "Voluntary Cleanup Program (VCP)", "RN": "RN108193111", "VCP_ID": 2774, "SITE_NAME": "902 JEFFERSON STREET PARKING LOT", "PHYS_ADDR": "902 JEFFERSON ST", "ADDR_DESC": null, "CITY": "HOUSTON", "COUNTY": "HARRIS", "ZIP_CODE": "77002", "REGION": "REGION 12 - HOUSTON", "LAT_DD": 29.75089232, "LONG_DD": -95.37040312, "HORZ_METH": "ADDMAT_NUM", "HORZ_ACC": -9999, "HORZ_REF": "FAC_CEN", "HORZ_DATE": "20150904", "HORZ_ORG": "TCEQ", "HORZ_DATUM": "NAD83", "HORZ_DESC": null, "dma_county": "Harris", "tceq_program": "vcp"}}, {"type": "Feature", "id": 1461677, "geometry": {"type": "Point", "coordinates": [-95.418922, 29.721597]}, "properties": {"OBJECTID": 1461677, "REM_PROG": "Voluntary Cleanup Program (VCP)", "RN": "RN100241256", "VCP_ID": 655, "SITE_NAME": "DEERCO", "PHYS_ADDR": "5600 KIRBY DR", "ADDR_DESC": "5600 BLOCK KIRBY/2600 BLOCK NOTTINGHAM", "CITY": "HOUSTON", "COUNTY": "HARRIS", "ZIP_CODE": "77005", "REGION": "REGION 12 - HOUSTON", "LAT_DD": 29.72159197, "LONG_DD": -95.41891508, "HORZ_METH": "ADDMAT_NUM", "HORZ_ACC": -9999, "HORZ_REF": "STRUC_CEN", "HORZ_DATE": "19971118", "HORZ_ORG": "TCEQ", "HORZ_DATUM": "NAD83", "HORZ_DESC": null, "dma_county": "Harris", "tceq_program": "vcp"}}, {"type": "Feature", "id": 1461679, "geometry": {"type": "Point", "coordinates": [-94.787954, 29.308387]}, "properties": {"OBJECTID": 1461679, "REM_PROG": "Voluntary Cleanup Program (VCP)", "RN": "RN106847437", "VCP_ID": 2590, "SITE_NAME": "MAGNOLIA HOMES", "PHYS_ADDR": null, "ADDR_DESC": "NEC 18TH ST AND MECHANIC ST", "CITY": "GALVESTON", "COUNTY": "GALVESTON", "ZIP_CODE": null, "REGION": "REGION 12 - HOUSTON", "LAT_DD": 29.30838205, "LONG_DD": -94.78794746, "HORZ_METH": "ADDMAT_INT", "HORZ_ACC": -9999, "HORZ_REF": "OTHER", "HORZ_DATE": "20130628", "HORZ_ORG": "TCEQ", "HORZ_DATUM": "NAD83", "HORZ_DESC": null, "dma_county": "Galveston", "tceq_program": "vcp"}}, {"type": "Feature", "id": 1461681, "geometry": {"type": "Point", "coordinates": [-95.47554, 29.660972]}, "properties": {"OBJECTID": 1461681, "REM_PROG": "Voluntary Cleanup Program (VCP)", "RN": "RN105453690", "VCP_ID": 2139, "SITE_NAME": "WESTBURY CENTER", "PHYS_ADDR": "10901 CHIMNEY ROCK RD", "ADDR_DESC": "NE OF INTERSECTION OF CHIMNEY ROCK AND W BELLFORT RDS", "CITY": "HOUSTON", "COUNTY": "HARRIS", "ZIP_CODE": "77096", "REGION": "REGION 12 - HOUSTON", "LAT_DD": 29.66096711, "LONG_DD": -95.47553262, "HORZ_METH": "DOQ", "HORZ_ACC": 5, "HORZ_REF": "FAC_CEN", "HORZ_DATE": "20080208", "HORZ_ORG": "TCEQ", "HORZ_DATUM": "NAD83", "HORZ_DESC": null, "dma_county": "Harris", "tceq_program": "vcp"}}, {"type": "Feature", "id": 1461684, "geometry": {"type": "Point", "coordinates": [-95.410481, 29.740208]}, "properties": {"OBJECTID": 1461684, "REM_PROG": "Voluntary Cleanup Program (VCP)", "RN": "RN100686773", "VCP_ID": 1117, "SITE_NAME": "FORMER MONARCH CLEANERS", "PHYS_ADDR": "2815 S SHEPHERD DR", "ADDR_DESC": "2815 SOUTH SHEPHERD DRIVE", "CITY": "HOUSTON", "COUNTY": "HARRIS", "ZIP_CODE": "77098", "REGION": "REGION 12 - HOUSTON", "LAT_DD": 29.74020252, "LONG_DD": -95.41047387, "HORZ_METH": "DOQ", "HORZ_ACC": 5, "HORZ_REF": "STRUC_CEN", "HORZ_DATE": "20000118", "HORZ_ORG": "TCEQ", "HORZ_DATUM": "NAD83", "HORZ_DESC": null, "dma_county": "Harris", "tceq_program": "vcp"}}, {"type": "Feature", "id": 1461694, "geometry": {"type": "Point", "coordinates": [-95.485669, 29.71703]}, "properties": {"OBJECTID": 1461694, "REM_PROG": "Voluntary Cleanup Program (VCP)", "RN": "RN100649151", "VCP_ID": 2108, "SITE_NAME": "ORCHARD GREEN NEW WAY CLEANERS", "PHYS_ADDR": "5980 RENWICK DR", "ADDR_DESC": "INTERSECTION OF RENWICK DR AND GULFTON DR", "CITY": "HOUSTON", "COUNTY": "HARRIS", "ZIP_CODE": "77081", "REGION": "REGION 12 - HOUSTON", "LAT_DD": 29.7170245, "LONG_DD": -95.4856619, "HORZ_METH": "ADDMAT_NUM", "HORZ_ACC": -9999, "HORZ_REF": "STRUC_CEN", "HORZ_DATE": "20071018", "HORZ_ORG": "TCEQ", "HORZ_DATUM": "NAD83", "HORZ_DESC": null, "dma_county": "Harris", "tceq_program": "vcp"}}, {"type": "Feature", "id": 1461695, "geometry": {"type": "Point", "coordinates": [-95.506306, 29.712102]}, "properties": {"OBJECTID": 1461695, "REM_PROG": "Voluntary Cleanup Program (VCP)", "RN": "RN102601861", "VCP_ID": 130, "SITE_NAME": "METRO SHARPTOWN BUS OPERATING", "PHYS_ADDR": "6890 SOUTHWEST FWY", "ADDR_DESC": "6890 SOUTHWEST FREEWAY", "CITY": "HOUSTON", "COUNTY": "HARRIS", "ZIP_CODE": "77074", "REGION": "REGION 12 - HOUSTON", "LAT_DD": 29.71209666, "LONG_DD": -95.50629847, "HORZ_METH": "ADDMAT_NUM", "HORZ_ACC": -9999, "HORZ_REF": "STRUC_CEN", "HORZ_DATE": "19951109", "HORZ_ORG": "TCEQ", "HORZ_DATUM": "NAD83", "HORZ_DESC": null, "dma_county": "Harris", "tceq_program": "vcp"}}, {"type": "Feature", "id": 1461696, "geometry": {"type": "Point", "coordinates": [-95.507411, 29.68815]}, "properties": {"OBJECTID": 1461696, "REM_PROG": "Voluntary Cleanup Program (VCP)", "RN": "RN102000841", "VCP_ID": 1395, "SITE_NAME": "DRY CLEANERS 150", "PHYS_ADDR": "7042 BISSONNET ST", "ADDR_DESC": null, "CITY": "HOUSTON", "COUNTY": "HARRIS", "ZIP_CODE": "77074", "REGION": "REGION 12 - HOUSTON", "LAT_DD": 29.68814513, "LONG_DD": -95.50740363, "HORZ_METH": "ADDMAT_NUM", "HORZ_ACC": -9999, "HORZ_REF": "FAC_CEN", "HORZ_DATE": "20010928", "HORZ_ORG": "TCEQ", "HORZ_DATUM": "NAD83", "HORZ_DESC": null, "dma_county": "Harris", "tceq_program": "vcp"}}, {"type": "Feature", "id": 1461697, "geometry": {"type": "Point", "coordinates": [-95.479095, 29.802461]}, "properties": {"OBJECTID": 1461697, "REM_PROG": "Voluntary Cleanup Program (VCP)", "RN": "RN101460723", "VCP_ID": 1353, "SITE_NAME": "THE NGUYENERS", "PHYS_ADDR": "7555 LONG POINT RD", "ADDR_DESC": null, "CITY": "HOUSTON", "COUNTY": "HARRIS", "ZIP_CODE": "77055", "REGION": "REGION 12 - HOUSTON", "LAT_DD": 29.80245611, "LONG_DD": -95.47908815, "HORZ_METH": "ADDMAT_NUM", "HORZ_ACC": -9999, "HORZ_REF": "STRUC_CEN", "HORZ_DATE": "20010511", "HORZ_ORG": "TCEQ", "HORZ_DATUM": "NAD83", "HORZ_DESC": null, "dma_county": "Harris", "tceq_program": "vcp"}}, {"type": "Feature", "id": 1461700, "geometry": {"type": "Point", "coordinates": [-95.413563, 29.887407]}, "properties": {"OBJECTID": 1461700, "REM_PROG": "Voluntary Cleanup Program (VCP)", "RN": "RN100578905", "VCP_ID": 2169, "SITE_NAME": "ARCHER MOTOR SALES", "PHYS_ADDR": "8711 NORTH FWY", "ADDR_DESC": null, "CITY": "HOUSTON", "COUNTY": "HARRIS", "ZIP_CODE": "77037", "REGION": "REGION 12 - HOUSTON", "LAT_DD": 29.8874013, "LONG_DD": -95.41355642, "HORZ_METH": "DOQ", "HORZ_ACC": 5, "HORZ_REF": "STRUC_CEN", "HORZ_DATE": "20080509", "HORZ_ORG": "TCEQ", "HORZ_DATUM": "NAD83", "HORZ_DESC": null, "dma_county": "Harris", "tceq_program": "vcp"}}, {"type": "Feature", "id": 1461702, "geometry": {"type": "Point", "coordinates": [-95.535787, 29.683571]}, "properties": {"OBJECTID": 1461702, "REM_PROG": "Voluntary Cleanup Program (VCP)", "RN": "RN100611722", "VCP_ID": 2146, "SITE_NAME": "DAVID TAYLOR CADILLAC", "PHYS_ADDR": "9120 SOUTHWEST FWY", "ADDR_DESC": "SW OF THE INTERSECTION OF SOUTHWEST FWY (US 59) AND COMMERCE PARK DR", "CITY": "HOUSTON", "COUNTY": "HARRIS", "ZIP_CODE": "77074", "REGION": "REGION 12 - HOUSTON", "LAT_DD": 29.6835655, "LONG_DD": -95.5357803, "HORZ_METH": "ADDMAT_NUM", "HORZ_ACC": -9999, "HORZ_REF": "STRUC_CEN", "HORZ_DATE": "20080303", "HORZ_ORG": "TCEQ", "HORZ_DATUM": "NAD83", "HORZ_DESC": null, "dma_county": "Harris", "tceq_program": "vcp"}}, {"type": "Feature", "id": 1461704, "geometry": {"type": "Point", "coordinates": [-95.620053, 29.63434]}, "properties": {"OBJECTID": 1461704, "REM_PROG": "Voluntary Cleanup Program (VCP)", "RN": "RN100557578", "VCP_ID": 1840, "SITE_NAME": "SUGAR MILL PLAZA SHOPPING CENTER SUGARLAND", "PHYS_ADDR": "953 ELDRIDGE RD", "ADDR_DESC": "SOUTHWEST CORNER OF ELDRIDGE RD AND JESS PIRTLE BLVD", "CITY": "SUGAR LAND", "COUNTY": "FORT BEND", "ZIP_CODE": "77478", "REGION": "REGION 12 - HOUSTON", "LAT_DD": 29.63433522, "LONG_DD": -95.62004556, "HORZ_METH": "ADDMAT_NUM", "HORZ_ACC": -9999, "HORZ_REF": "STRUC_CEN", "HORZ_DATE": "20050719", "HORZ_ORG": "TCEQ", "HORZ_DATUM": "NAD83", "HORZ_DESC": null, "dma_county": "Fort Bend", "tceq_program": "vcp"}}, {"type": "Feature", "id": 1461707, "geometry": {"type": "Point", "coordinates": [-95.43503, 29.737468]}, "properties": {"OBJECTID": 1461707, "REM_PROG": "Voluntary Cleanup Program (VCP)", "RN": "RN110965100", "VCP_ID": 2873, "SITE_NAME": "DOERNER INDUSTRIES", "PHYS_ADDR": null, "ADDR_DESC": "3609 3611 3615 3617 3619 3621 W ALABAMA ST", "CITY": "HOUSTON", "COUNTY": "HARRIS", "ZIP_CODE": null, "REGION": "REGION 12 - HOUSTON", "LAT_DD": 29.73746266, "LONG_DD": -95.43502324, "HORZ_METH": "DOQ", "HORZ_ACC": 5, "HORZ_REF": "OTHER", "HORZ_DATE": "20170216", "HORZ_ORG": "TCEQ", "HORZ_DATUM": "NAD83", "HORZ_DESC": null, "dma_county": "Harris", "tceq_program": "vcp"}}, {"type": "Feature", "id": 1461711, "geometry": {"type": "Point", "coordinates": [-95.314398, 29.747415]}, "properties": {"OBJECTID": 1461711, "REM_PROG": "Voluntary Cleanup Program (VCP)", "RN": "RN109965756", "VCP_ID": 2905, "SITE_NAME": "5910 NAVIGATION", "PHYS_ADDR": "5910 NAVIGATION BLVD", "ADDR_DESC": null, "CITY": "HOUSTON", "COUNTY": "HARRIS", "ZIP_CODE": "77011", "REGION": "REGION 12 - HOUSTON", "LAT_DD": 29.74740982, "LONG_DD": -95.31439115, "HORZ_METH": "DOQ", "HORZ_ACC": 5, "HORZ_REF": "STRUC_CEN", "HORZ_DATE": "20170906", "HORZ_ORG": "TCEQ", "HORZ_DATUM": "NAD83", "HORZ_DESC": null, "dma_county": "Harris", "tceq_program": "vcp"}}, {"type": "Feature", "id": 1461720, "geometry": {"type": "Point", "coordinates": [-95.387672, 29.798269]}, "properties": {"OBJECTID": 1461720, "REM_PROG": "Voluntary Cleanup Program (VCP)", "RN": "RN100653021", "VCP_ID": 2663, "SITE_NAME": "KWIK WASH", "PHYS_ADDR": "1436 STUDEWOOD ST", "ADDR_DESC": "1436 STUDEWOOD HOUSTON TX", "CITY": "HOUSTON", "COUNTY": "HARRIS", "ZIP_CODE": "77008", "REGION": "REGION 12 - HOUSTON", "LAT_DD": 29.79826365, "LONG_DD": -95.38766527, "HORZ_METH": "ADDMAT_NUM", "HORZ_ACC": -9999, "HORZ_REF": "STRUC_CEN", "HORZ_DATE": "20140328", "HORZ_ORG": "TCEQ", "HORZ_DATUM": "NAD83", "HORZ_DESC": null, "dma_county": "Harris", "tceq_program": "vcp"}}, {"type": "Feature", "id": 1461723, "geometry": {"type": "Point", "coordinates": [-95.429198, 29.786828]}, "properties": {"OBJECTID": 1461723, "REM_PROG": "Voluntary Cleanup Program (VCP)", "RN": "RN108384934", "VCP_ID": 2752, "SITE_NAME": "3214 MAXROY STREET", "PHYS_ADDR": "3214 MAXROY ST", "ADDR_DESC": null, "CITY": "HOUSTON", "COUNTY": "HARRIS", "ZIP_CODE": "77008", "REGION": "REGION 12 - HOUSTON", "LAT_DD": 29.78682318, "LONG_DD": -95.42919102, "HORZ_METH": "DOQ", "HORZ_ACC": 5, "HORZ_REF": "FAC_CEN", "HORZ_DATE": "20150518", "HORZ_ORG": "TCEQ", "HORZ_DATUM": "NAD83", "HORZ_DESC": null, "dma_county": "Harris", "tceq_program": "vcp"}}, {"type": "Feature", "id": 1461726, "geometry": {"type": "Point", "coordinates": [-95.381947, 29.768065]}, "properties": {"OBJECTID": 1461726, "REM_PROG": "Voluntary Cleanup Program (VCP)", "RN": "RN101992402", "VCP_ID": 1261, "SITE_NAME": "BLOCK 75, WR BAKER SSBB, FOURT", "PHYS_ADDR": null, "ADDR_DESC": "BLOCK 75, WR BAKER SSBB VACANT LAND FORMER DRY CLEANERS", "CITY": "HOUSTON", "COUNTY": "HARRIS", "ZIP_CODE": null, "REGION": "REGION 12 - HOUSTON", "LAT_DD": 29.76806, "LONG_DD": -95.38194, "HORZ_METH": "UNKNOWN", "HORZ_ACC": -9999, "HORZ_REF": "OTHER", "HORZ_DATE": "20000908", "HORZ_ORG": "TCEQ", "HORZ_DATUM": "NAD83", "HORZ_DESC": null, "dma_county": "Harris", "tceq_program": "vcp"}}, {"type": "Feature", "id": 1461728, "geometry": {"type": "Point", "coordinates": [-95.449858, 29.794532]}, "properties": {"OBJECTID": 1461728, "REM_PROG": "Voluntary Cleanup Program (VCP)", "RN": "RN102617354", "VCP_ID": 1007, "SITE_NAME": "WEST LOOP BUSINESS PLAZA", "PHYS_ADDR": "1500 WEST LOOP N", "ADDR_DESC": "1500 WEST LOOP", "CITY": "HOUSTON", "COUNTY": "HARRIS", "ZIP_CODE": "77008", "REGION": "REGION 12 - HOUSTON", "LAT_DD": 29.79452714, "LONG_DD": -95.44985075, "HORZ_METH": "ADDMAT_NUM", "HORZ_ACC": -9999, "HORZ_REF": "STRUC_CEN", "HORZ_DATE": "19990707", "HORZ_ORG": "TCEQ", "HORZ_DATUM": "NAD83", "HORZ_DESC": null, "dma_county": "Harris", "tceq_program": "vcp"}}, {"type": "Feature", "id": 1461730, "geometry": {"type": "Point", "coordinates": [-95.389165, 29.690468]}, "properties": {"OBJECTID": 1461730, "REM_PROG": "Voluntary Cleanup Program (VCP)", "RN": "RN105508709", "VCP_ID": 2163, "SITE_NAME": "BOARD OF REGENTS UNIVERSITY OF TEXAS", "PHYS_ADDR": "7615 ALMEDA RD", "ADDR_DESC": "7605, 7609, 7615 AND 7619 ALMEDA", "CITY": "HOUSTON", "COUNTY": "HARRIS", "ZIP_CODE": "77054", "REGION": "REGION 12 - HOUSTON", "LAT_DD": 29.69046293, "LONG_DD": -95.38915751, "HORZ_METH": "ADDMAT_NUM", "HORZ_ACC": -9999, "HORZ_REF": "FAC_CEN", "HORZ_DATE": "20080421", "HORZ_ORG": "TCEQ", "HORZ_DATUM": "NAD83", "HORZ_DESC": null, "dma_county": "Harris", "tceq_program": "vcp"}}, {"type": "Feature", "id": 1461733, "geometry": {"type": "Point", "coordinates": [-95.621213, 30.095271]}, "properties": {"OBJECTID": 1461733, "REM_PROG": "Voluntary Cleanup Program (VCP)", "RN": "RN100708189", "VCP_ID": 289, "SITE_NAME": "JRS CLEANERS", "PHYS_ADDR": "706 W MAIN ST", "ADDR_DESC": "706 W Main St, Tomball, TX", "CITY": "TOMBALL", "COUNTY": "HARRIS", "ZIP_CODE": "77375", "REGION": "REGION 12 - HOUSTON", "LAT_DD": 30.09526559, "LONG_DD": -95.62120622, "HORZ_METH": "ADDMAT_NUM", "HORZ_ACC": -9999, "HORZ_REF": "OTHER", "HORZ_DATE": "19960701", "HORZ_ORG": "TCEQ", "HORZ_DATUM": "NAD83", "HORZ_DESC": null, "dma_county": "Harris", "tceq_program": "vcp"}}, {"type": "Feature", "id": 1461734, "geometry": {"type": "Point", "coordinates": [-95.513029, 29.723866]}, "properties": {"OBJECTID": 1461734, "REM_PROG": "Voluntary Cleanup Program (VCP)", "RN": "RN100602325", "VCP_ID": 2117, "SITE_NAME": "LITTON RESOURCES SYSTEMS", "PHYS_ADDR": "3930 WESTHOLME DR", "ADDR_DESC": null, "CITY": "HOUSTON", "COUNTY": "HARRIS", "ZIP_CODE": "77063", "REGION": "REGION 12 - HOUSTON", "LAT_DD": 29.72386067, "LONG_DD": -95.51302218, "HORZ_METH": "DOQ", "HORZ_ACC": 5, "HORZ_REF": "STRUC_CEN", "HORZ_DATE": "20071129", "HORZ_ORG": "TCEQ", "HORZ_DATUM": "NAD83", "HORZ_DESC": null, "dma_county": "Harris", "tceq_program": "vcp"}}, {"type": "Feature", "id": 1461735, "geometry": {"type": "Point", "coordinates": [-94.933683, 29.356699]}, "properties": {"OBJECTID": 1461735, "REM_PROG": "Voluntary Cleanup Program (VCP)", "RN": "RN103795316", "VCP_ID": 220, "SITE_NAME": "AMOCO CHEMICAL", "PHYS_ADDR": "2800 FM 519 E", "ADDR_DESC": "ACROSS FROM 2800 ON FM 519 E", "CITY": "TEXAS CITY", "COUNTY": "GALVESTON", "ZIP_CODE": "77592", "REGION": "REGION 12 - HOUSTON", "LAT_DD": 29.35669408, "LONG_DD": -94.93367654, "HORZ_METH": "DOQ", "HORZ_ACC": 5, "HORZ_REF": "FAC_CEN", "HORZ_DATE": "19960329", "HORZ_ORG": "TCEQ", "HORZ_DATUM": "NAD83", "HORZ_DESC": null, "dma_county": "Galveston", "tceq_program": "vcp"}}, {"type": "Feature", "id": 1461738, "geometry": {"type": "Point", "coordinates": [-95.524919, 29.810615]}, "properties": {"OBJECTID": 1461738, "REM_PROG": "Voluntary Cleanup Program (VCP)", "RN": "RN100911544", "VCP_ID": 2106, "SITE_NAME": "TOP STAR CLEANERS", "PHYS_ADDR": "9474 HAMMERLY BLVD", "ADDR_DESC": "INTERSECTION OF HAMMERLY AND BLALOCK RD", "CITY": "HOUSTON", "COUNTY": "HARRIS", "ZIP_CODE": "77080", "REGION": "REGION 12 - HOUSTON", "LAT_DD": 29.81060997, "LONG_DD": -95.5249118, "HORZ_METH": "ADDMAT_NUM", "HORZ_ACC": -9999, "HORZ_REF": "STRUC_CEN", "HORZ_DATE": "20071018", "HORZ_ORG": "TCEQ", "HORZ_DATUM": "NAD83", "HORZ_DESC": null, "dma_county": "Harris", "tceq_program": "vcp"}}, {"type": "Feature", "id": 1461748, "geometry": {"type": "Point", "coordinates": [-95.37667, 29.754728]}, "properties": {"OBJECTID": 1461748, "REM_PROG": "Voluntary Cleanup Program (VCP)", "RN": "RN101460798", "VCP_ID": 1357, "SITE_NAME": "LOT 7 OF BLOCK 46 WR BAKER ADDITION", "PHYS_ADDR": null, "ADDR_DESC": "VACANT RESIDENTIAL PROPERTY", "CITY": "HOUSTON", "COUNTY": "HARRIS", "ZIP_CODE": null, "REGION": "REGION 12 - HOUSTON", "LAT_DD": 29.75472322, "LONG_DD": -95.37666297, "HORZ_METH": "ADDMAT_NUM", "HORZ_ACC": -9999, "HORZ_REF": "OTHER", "HORZ_DATE": "20010522", "HORZ_ORG": "TCEQ", "HORZ_DATUM": "NAD83", "HORZ_DESC": null, "dma_county": "Harris", "tceq_program": "vcp"}}, {"type": "Feature", "id": 1461751, "geometry": {"type": "Point", "coordinates": [-95.465028, 29.723016]}, "properties": {"OBJECTID": 1461751, "REM_PROG": "Voluntary Cleanup Program (VCP)", "RN": "RN102082112", "VCP_ID": 845, "SITE_NAME": "ANDERSON GREENWOOD HOUSTON", "PHYS_ADDR": "5425 S RICE AVE", "ADDR_DESC": "5425 SOUTH RICE AVENUE AKA ANDERSON GREENWOOD & CO", "CITY": "HOUSTON", "COUNTY": "HARRIS", "ZIP_CODE": "77081", "REGION": "REGION 12 - HOUSTON", "LAT_DD": 29.72301099, "LONG_DD": -95.46502104, "HORZ_METH": "DOQ", "HORZ_ACC": 5, "HORZ_REF": "STRUC_CEN", "HORZ_DATE": "19981006", "HORZ_ORG": "TCEQ", "HORZ_DATUM": "NAD83", "HORZ_DESC": null, "dma_county": "Harris", "tceq_program": "vcp"}}, {"type": "Feature", "id": 1461753, "geometry": {"type": "Point", "coordinates": [-95.403561, 29.707236]}, "properties": {"OBJECTID": 1461753, "REM_PROG": "Voluntary Cleanup Program (VCP)", "RN": "RN101053155", "VCP_ID": 1163, "SITE_NAME": "METHODIST PARKING LOT", "PHYS_ADDR": "6761 MAIN ST", "ADDR_DESC": "6761 SOUTH MAIN", "CITY": "HOUSTON", "COUNTY": "HARRIS", "ZIP_CODE": "77030", "REGION": "REGION 12 - HOUSTON", "LAT_DD": 29.70723081, "LONG_DD": -95.40355388, "HORZ_METH": "ADDMAT_NUM", "HORZ_ACC": -9999, "HORZ_REF": "OTHER", "HORZ_DATE": "20000327", "HORZ_ORG": "TCEQ", "HORZ_DATUM": "NAD83", "HORZ_DESC": null, "dma_county": "Harris", "tceq_program": "vcp"}}, {"type": "Feature", "id": 1461755, "geometry": {"type": "Point", "coordinates": [-94.837047, 29.291351]}, "properties": {"OBJECTID": 1461755, "REM_PROG": "Voluntary Cleanup Program (VCP)", "RN": "RN102450095", "VCP_ID": 1962, "SITE_NAME": "CITY OF GALVESTON OLD MUNICIPAL INCINERATOR", "PHYS_ADDR": " 3 LENNOX AVE", "ADDR_DESC": "3 LENNOX AVE", "CITY": "GALVESTON", "COUNTY": "GALVESTON", "ZIP_CODE": "77551", "REGION": "REGION 12 - HOUSTON", "LAT_DD": 29.29134587, "LONG_DD": -94.83704044, "HORZ_METH": "DOQ", "HORZ_ACC": 5, "HORZ_REF": "FAC_CEN", "HORZ_DATE": "20060818", "HORZ_ORG": "TCEQ", "HORZ_DATUM": "NAD83", "HORZ_DESC": null, "dma_county": "Galveston", "tceq_program": "vcp"}}, {"type": "Feature", "id": 1461756, "geometry": {"type": "Point", "coordinates": [-95.536735, 30.012362]}, "properties": {"OBJECTID": 1461756, "REM_PROG": "Voluntary Cleanup Program (VCP)", "RN": "RN101052322", "VCP_ID": 288, "SITE_NAME": "CHAMPION FOREST SHOPPING CENTE", "PHYS_ADDR": "16616 CHAMPION FOREST DR", "ADDR_DESC": "16616 CHAMPION FOREST", "CITY": "SPRING", "COUNTY": "HARRIS", "ZIP_CODE": "77379", "REGION": "REGION 12 - HOUSTON", "LAT_DD": 30.01235712, "LONG_DD": -95.5367276, "HORZ_METH": "ADDMAT_NUM", "HORZ_ACC": -9999, "HORZ_REF": "OTHER", "HORZ_DATE": "19960701", "HORZ_ORG": "TCEQ", "HORZ_DATUM": "NAD83", "HORZ_DESC": null, "dma_county": "Harris", "tceq_program": "vcp"}}, {"type": "Feature", "id": 1461759, "geometry": {"type": "Point", "coordinates": [-95.375931, 29.743866]}, "properties": {"OBJECTID": 1461759, "REM_PROG": "Voluntary Cleanup Program (VCP)", "RN": "RN100241199", "VCP_ID": 1291, "SITE_NAME": "HARGEST COLLEGE", "PHYS_ADDR": "2800 MAIN ST", "ADDR_DESC": "2800 MAIN STREET", "CITY": "HOUSTON", "COUNTY": "HARRIS", "ZIP_CODE": "77002", "REGION": "REGION 12 - HOUSTON", "LAT_DD": 29.74386115, "LONG_DD": -95.37592397, "HORZ_METH": "ADDMAT_NUM", "HORZ_ACC": -9999, "HORZ_REF": "STRUC_CEN", "HORZ_DATE": "20001106", "HORZ_ORG": "TCEQ", "HORZ_DATUM": "NAD83", "HORZ_DESC": null, "dma_county": "Harris", "tceq_program": "vcp"}}, {"type": "Feature", "id": 1461760, "geometry": {"type": "Point", "coordinates": [-95.313627, 29.736033]}, "properties": {"OBJECTID": 1461760, "REM_PROG": "Voluntary Cleanup Program (VCP)", "RN": "RN107070724", "VCP_ID": 2636, "SITE_NAME": "GMY DBA SPECTRUM RECYCLING", "PHYS_ADDR": null, "ADDR_DESC": "6502 RUSK ST & 0 SUPPLY ROW HOUSTON TX 77011", "CITY": "HOUSTON", "COUNTY": "HARRIS", "ZIP_CODE": null, "REGION": "REGION 12 - HOUSTON", "LAT_DD": 29.73602785, "LONG_DD": -95.3136199, "HORZ_METH": "ADDMAT_NUM", "HORZ_ACC": -9999, "HORZ_REF": "OTHER", "HORZ_DATE": "20131212", "HORZ_ORG": "TCEQ", "HORZ_DATUM": "NAD83", "HORZ_DESC": null, "dma_county": "Harris", "tceq_program": "vcp"}}, {"type": "Feature", "id": 1461761, "geometry": {"type": "Point", "coordinates": [-95.164099, 31.07469]}, "properties": {"OBJECTID": 1461761, "REM_PROG": "Voluntary Cleanup Program (VCP)", "RN": "RN101461127", "VCP_ID": 652, "SITE_NAME": "C-L RESINS, INC.", "PHYS_ADDR": null, "ADDR_DESC": "3 MILES WEST OF GROVETON ON HWY 287 FORMER PLASTICS MFG", "CITY": "GROVETON", "COUNTY": "TRINITY", "ZIP_CODE": null, "REGION": "REGION 10 - BEAUMONT", "LAT_DD": 31.07468477, "LONG_DD": -95.16409177, "HORZ_METH": "ADDMAT", "HORZ_ACC": -9999, "HORZ_REF": "OTHER", "HORZ_DATE": "19971113", "HORZ_ORG": "TCEQ", "HORZ_DATUM": "NAD83", "HORZ_DESC": null, "dma_county": "Trinity", "tceq_program": "vcp"}}, {"type": "Feature", "id": 1461765, "geometry": {"type": "Point", "coordinates": [-95.363908, 29.948193]}, "properties": {"OBJECTID": 1461765, "REM_PROG": "Voluntary Cleanup Program (VCP)", "RN": "RN100697747", "VCP_ID": 1875, "SITE_NAME": "HALLIBURTON ENERGY SERVICES", "PHYS_ADDR": "15815 WAVERLY DR", "ADDR_DESC": "15815 Waverly Rd, Houston, TX", "CITY": "HOUSTON", "COUNTY": "HARRIS", "ZIP_CODE": "77032", "REGION": "REGION 12 - HOUSTON", "LAT_DD": 29.94818746, "LONG_DD": -95.36390147, "HORZ_METH": "ADDMAT_NUM", "HORZ_ACC": -9999, "HORZ_REF": "OTHER", "HORZ_DATE": "20051012", "HORZ_ORG": "TCEQ", "HORZ_DATUM": "NAD83", "HORZ_DESC": null, "dma_county": "Harris", "tceq_program": "vcp"}}, {"type": "Feature", "id": 1461767, "geometry": {"type": "Point", "coordinates": [-95.369656, 29.964713]}, "properties": {"OBJECTID": 1461767, "REM_PROG": "Voluntary Cleanup Program (VCP)", "RN": "RN100578145", "VCP_ID": 246, "SITE_NAME": "WESTERN WASTE INDUSTRIES", "PHYS_ADDR": "1902 RANKIN RD", "ADDR_DESC": "1902 RANKIN ROAD", "CITY": "HOUSTON", "COUNTY": "HARRIS", "ZIP_CODE": "77073", "REGION": "REGION 12 - HOUSTON", "LAT_DD": 29.9647076, "LONG_DD": -95.36964914, "HORZ_METH": "ADDMAT_NUM", "HORZ_ACC": -9999, "HORZ_REF": "STRUC_CEN", "HORZ_DATE": "19960429", "HORZ_ORG": "TCEQ", "HORZ_DATUM": "NAD83", "HORZ_DESC": null, "dma_county": "Harris", "tceq_program": "vcp"}}, {"type": "Feature", "id": 1461769, "geometry": {"type": "Point", "coordinates": [-95.405924, 29.753844]}, "properties": {"OBJECTID": 1461769, "REM_PROG": "Voluntary Cleanup Program (VCP)", "RN": "RN100646116", "VCP_ID": 1146, "SITE_NAME": "US CLEANERS, INC.", "PHYS_ADDR": "1942 W GRAY ST", "ADDR_DESC": "1942 WEST GRAY", "CITY": "HOUSTON", "COUNTY": "HARRIS", "ZIP_CODE": "77019", "REGION": "REGION 12 - HOUSTON", "LAT_DD": 29.75383923, "LONG_DD": -95.40591709, "HORZ_METH": "DOQ", "HORZ_ACC": 5, "HORZ_REF": "STRUC_CEN", "HORZ_DATE": "20000218", "HORZ_ORG": "TCEQ", "HORZ_DATUM": "NAD83", "HORZ_DESC": null, "dma_county": "Harris", "tceq_program": "vcp"}}, {"type": "Feature", "id": 1461774, "geometry": {"type": "Point", "coordinates": [-95.381132, 29.771035]}, "properties": {"OBJECTID": 1461774, "REM_PROG": "Voluntary Cleanup Program (VCP)", "RN": "RN100240175", "VCP_ID": 2710, "SITE_NAME": "OFFICE WAREHOUSE BUILDING", "PHYS_ADDR": "2102 EDWARDS ST", "ADDR_DESC": "2102-2314 EDWARDS ST EVEN S", "CITY": "HOUSTON", "COUNTY": "HARRIS", "ZIP_CODE": "77007", "REGION": "REGION 12 - HOUSTON", "LAT_DD": 29.77102963, "LONG_DD": -95.38112525, "HORZ_METH": "DOQ", "HORZ_ACC": 5, "HORZ_REF": "FAC_CEN", "HORZ_DATE": "20141125", "HORZ_ORG": "TCEQ", "HORZ_DATUM": "NAD83", "HORZ_DESC": null, "dma_county": "Harris", "tceq_program": "vcp"}}, {"type": "Feature", "id": 1461779, "geometry": {"type": "Point", "coordinates": [-95.346771, 29.753448]}, "properties": {"OBJECTID": 1461779, "REM_PROG": "Voluntary Cleanup Program (VCP)", "RN": "RN100927755", "VCP_ID": 1305, "SITE_NAME": "GEAR MACHINING FACILITY", "PHYS_ADDR": "2530 GARROW ST", "ADDR_DESC": null, "CITY": "HOUSTON", "COUNTY": "HARRIS", "ZIP_CODE": "77003", "REGION": "REGION 12 - HOUSTON", "LAT_DD": 29.75344258, "LONG_DD": -95.34676378, "HORZ_METH": "DOQ", "HORZ_ACC": 5, "HORZ_REF": "STRUC_CEN", "HORZ_DATE": "20010123", "HORZ_ORG": "TCEQ", "HORZ_DATUM": "NAD83", "HORZ_DESC": null, "dma_county": "Harris", "tceq_program": "vcp"}}, {"type": "Feature", "id": 1461781, "geometry": {"type": "Point", "coordinates": [-95.02396, 29.677002]}, "properties": {"OBJECTID": 1461781, "REM_PROG": "Voluntary Cleanup Program (VCP)", "RN": "RN103727822", "VCP_ID": 2048, "SITE_NAME": "HARRIS COUNTY LANDFILL LA PORTE 3", "PHYS_ADDR": "901 N BROADWAY ST", "ADDR_DESC": "1000 FEET E OF STATE HIGHWAY 146 950 FEET N OF CREST LANE STREET W OF N BROADWAY STREET", "CITY": "LA PORTE", "COUNTY": "HARRIS", "ZIP_CODE": "77571", "REGION": "REGION 12 - HOUSTON", "LAT_DD": 29.67699647, "LONG_DD": -95.02395347, "HORZ_METH": "DOQ", "HORZ_ACC": 5, "HORZ_REF": "FAC_CEN", "HORZ_DATE": "20070410", "HORZ_ORG": "TCEQ", "HORZ_DATUM": "NAD83", "HORZ_DESC": null, "dma_county": "Harris", "tceq_program": "vcp"}}, {"type": "Feature", "id": 1461782, "geometry": {"type": "Point", "coordinates": [-95.36045, 29.755385]}, "properties": {"OBJECTID": 1461782, "REM_PROG": "Voluntary Cleanup Program (VCP)", "RN": "RN101460814", "VCP_ID": 1358, "SITE_NAME": "MUTLI-STORY OFFICE BUILDING", "PHYS_ADDR": null, "ADDR_DESC": "PARKING LOT", "CITY": "HOUSTON", "COUNTY": "HARRIS", "ZIP_CODE": null, "REGION": "REGION 12 - HOUSTON", "LAT_DD": 29.75537991, "LONG_DD": -95.36044253, "HORZ_METH": "DOQ", "HORZ_ACC": 5, "HORZ_REF": "FAC_CEN", "HORZ_DATE": "20010523", "HORZ_ORG": "TCEQ", "HORZ_DATUM": "NAD83", "HORZ_DESC": null, "dma_county": "Harris", "tceq_program": "vcp"}}, {"type": "Feature", "id": 1461783, "geometry": {"type": "Point", "coordinates": [-95.363488, 29.757921]}, "properties": {"OBJECTID": 1461783, "REM_PROG": "Voluntary Cleanup Program (VCP)", "RN": "RN105497689", "VCP_ID": 2159, "SITE_NAME": "BLOCK 93 CITY OF HOUSTON", "PHYS_ADDR": null, "ADDR_DESC": "BLOCK OF RUSK FANNIN WALKER AND MAIN STS", "CITY": "HOUSTON", "COUNTY": "HARRIS", "ZIP_CODE": null, "REGION": "REGION 12 - HOUSTON", "LAT_DD": 29.7579159, "LONG_DD": -95.36348069, "HORZ_METH": "DOQ", "HORZ_ACC": 5, "HORZ_REF": "FAC_CEN", "HORZ_DATE": "20080407", "HORZ_ORG": "TCEQ", "HORZ_DATUM": "NAD83", "HORZ_DESC": null, "dma_county": "Harris", "tceq_program": "vcp"}}, {"type": "Feature", "id": 1461788, "geometry": {"type": "Point", "coordinates": [-95.317631, 29.73309]}, "properties": {"OBJECTID": 1461788, "REM_PROG": "Voluntary Cleanup Program (VCP)", "RN": "RN100614650", "VCP_ID": 2153, "SITE_NAME": "ELLIOTT VALVE", "PHYS_ADDR": "5436 CLAY ST", "ADDR_DESC": "INTERSECTION OF HUGHS AND POLK STS", "CITY": "HOUSTON", "COUNTY": "HARRIS", "ZIP_CODE": "77023", "REGION": "REGION 12 - HOUSTON", "LAT_DD": 29.7330853, "LONG_DD": -95.31762356, "HORZ_METH": "DOQ", "HORZ_ACC": 5, "HORZ_REF": "STRUC_CEN", "HORZ_DATE": "20080312", "HORZ_ORG": "TCEQ", "HORZ_DATUM": "NAD83", "HORZ_DESC": null, "dma_county": "Harris", "tceq_program": "vcp"}}, {"type": "Feature", "id": 1461789, "geometry": {"type": "Point", "coordinates": [-95.521178, 29.869707]}, "properties": {"OBJECTID": 1461789, "REM_PROG": "Voluntary Cleanup Program (VCP)", "RN": "RN100635085", "VCP_ID": 848, "SITE_NAME": "FLINTLOCK CANDLE PLANT", "PHYS_ADDR": "6937 FLINTLOCK RD", "ADDR_DESC": "6937 FLINTLOCK AKA FLINTROCK CANDLE PLANT", "CITY": "HOUSTON", "COUNTY": "HARRIS", "ZIP_CODE": "77040", "REGION": "REGION 12 - HOUSTON", "LAT_DD": 29.86970144, "LONG_DD": -95.52117134, "HORZ_METH": "ADDMAT_NUM", "HORZ_ACC": -9999, "HORZ_REF": "OTHER", "HORZ_DATE": "19981013", "HORZ_ORG": "TCEQ", "HORZ_DATUM": "NAD83", "HORZ_DESC": null, "dma_county": "Harris", "tceq_program": "vcp"}}, {"type": "Feature", "id": 1461792, "geometry": {"type": "Point", "coordinates": [-95.594918, 29.876437]}, "properties": {"OBJECTID": 1461792, "REM_PROG": "Voluntary Cleanup Program (VCP)", "RN": "RN105006340", "VCP_ID": 2091, "SITE_NAME": "QUEST CHEMICAL", "PHYS_ADDR": "12255 FM 529 RD", "ADDR_DESC": "1.5 MILES W OF INTERSECTION OF FM 529 AND US HWY 290", "CITY": "HOUSTON", "COUNTY": "HARRIS", "ZIP_CODE": "77041", "REGION": "REGION 12 - HOUSTON", "LAT_DD": 29.8764317, "LONG_DD": -95.59491088, "HORZ_METH": "ADDMAT_NUM", "HORZ_ACC": -9999, "HORZ_REF": "OTHER", "HORZ_DATE": "20070816", "HORZ_ORG": "TCEQ", "HORZ_DATUM": "NAD83", "HORZ_DESC": null, "dma_county": "Harris", "tceq_program": "vcp"}}, {"type": "Feature", "id": 1461794, "geometry": {"type": "Point", "coordinates": [-95.01536, 29.779399]}, "properties": {"OBJECTID": 1461794, "REM_PROG": "Voluntary Cleanup Program (VCP)", "RN": "RN102761475", "VCP_ID": 51, "SITE_NAME": "LIBERTY TIRE RECYCLING", "PHYS_ADDR": "5302 WADE RD", "ADDR_DESC": null, "CITY": "BAYTOWN", "COUNTY": "HARRIS", "ZIP_CODE": "77521", "REGION": "REGION 12 - HOUSTON", "LAT_DD": 29.77939426, "LONG_DD": -95.01535288, "HORZ_METH": "ADDMAT_NUM", "HORZ_ACC": -9999, "HORZ_REF": "OTHER", "HORZ_DATE": "19960401", "HORZ_ORG": "TCEQ", "HORZ_DATUM": "NAD83", "HORZ_DESC": null, "dma_county": "Harris", "tceq_program": "vcp"}}, {"type": "Feature", "id": 1461795, "geometry": {"type": "Point", "coordinates": [-95.304007, 29.797945]}, "properties": {"OBJECTID": 1461795, "REM_PROG": "Voluntary Cleanup Program (VCP)", "RN": "RN100641323", "VCP_ID": 359, "SITE_NAME": "DRUM SERVICES", "PHYS_ADDR": "4000 BLAFFER ST", "ADDR_DESC": "4000 BLAFFER ST HOUSTON TX", "CITY": "HOUSTON", "COUNTY": "HARRIS", "ZIP_CODE": "77026", "REGION": "REGION 12 - HOUSTON", "LAT_DD": 29.79793987, "LONG_DD": -95.30400049, "HORZ_METH": "ADDMAT_NUM", "HORZ_ACC": -9999, "HORZ_REF": "OTHER", "HORZ_DATE": "19960926", "HORZ_ORG": "TCEQ", "HORZ_DATUM": "NAD83", "HORZ_DESC": null, "dma_county": "Harris", "tceq_program": "vcp"}}, {"type": "Feature", "id": 1461797, "geometry": {"type": "Point", "coordinates": [-95.341815, 29.760866]}, "properties": {"OBJECTID": 1461797, "REM_PROG": "Voluntary Cleanup Program (VCP)", "RN": "RN101460905", "VCP_ID": 1330, "SITE_NAME": "4.59 ACRE MIDDLE STREET TRACT", "PHYS_ADDR": null, "ADDR_DESC": "VACANT PROPERTY SWC BUFFALO BAYOU & MIDDLE ST", "CITY": "HOUSTON", "COUNTY": "HARRIS", "ZIP_CODE": null, "REGION": "REGION 12 - HOUSTON", "LAT_DD": 29.76086064, "LONG_DD": -95.34180828, "HORZ_METH": "UNKNOWN", "HORZ_ACC": -9999, "HORZ_REF": "OTHER", "HORZ_DATE": "20010308", "HORZ_ORG": "TCEQ", "HORZ_DATUM": "NAD83", "HORZ_DESC": null, "dma_county": "Harris", "tceq_program": "vcp"}}, {"type": "Feature", "id": 1461803, "geometry": {"type": "Point", "coordinates": [-95.353854, 29.773077]}, "properties": {"OBJECTID": 1461803, "REM_PROG": "Voluntary Cleanup Program (VCP)", "RN": "RN101904720", "VCP_ID": 857, "SITE_NAME": "UPPR HARDY STREET YARD", "PHYS_ADDR": "1400 FULTON ST", "ADDR_DESC": "1400 FULTON STREET", "CITY": "HOUSTON", "COUNTY": "HARRIS", "ZIP_CODE": "77009", "REGION": "REGION 12 - HOUSTON", "LAT_DD": 29.77307143, "LONG_DD": -95.35384677, "HORZ_METH": "ADDMAT_NUM", "HORZ_ACC": -9999, "HORZ_REF": "FAC_CEN", "HORZ_DATE": "19981026", "HORZ_ORG": "TCEQ", "HORZ_DATUM": "NAD83", "HORZ_DESC": null, "dma_county": "Harris", "tceq_program": "vcp"}}, {"type": "Feature", "id": 1461804, "geometry": {"type": "Point", "coordinates": [-95.327701, 29.719629]}, "properties": {"OBJECTID": 1461804, "REM_PROG": "Voluntary Cleanup Program (VCP)", "RN": "RN102337441", "VCP_ID": 1784, "SITE_NAME": "SCHLUMBERGER TECHNOLOGY HOUSTON", "PHYS_ADDR": "5000 GULF FWY", "ADDR_DESC": "5000 GULF FREEWAY", "CITY": "HOUSTON", "COUNTY": "HARRIS", "ZIP_CODE": "77023", "REGION": "REGION 12 - HOUSTON", "LAT_DD": 29.7196237, "LONG_DD": -95.32769402, "HORZ_METH": "ADDMAT_NUM", "HORZ_ACC": -9999, "HORZ_REF": "OTHER", "HORZ_DATE": "20050120", "HORZ_ORG": "TCEQ", "HORZ_DATUM": "NAD83", "HORZ_DESC": null, "dma_county": "Harris", "tceq_program": "vcp"}}, {"type": "Feature", "id": 1461809, "geometry": {"type": "Point", "coordinates": [-95.892188, 28.721348]}, "properties": {"OBJECTID": 1461809, "REM_PROG": "Voluntary Cleanup Program (VCP)", "RN": "RN101461077", "VCP_ID": 1114, "SITE_NAME": "TEXAS GULF SULPHUR MINE PROPER", "PHYS_ADDR": null, "ADDR_DESC": "SOUTH GULF ROAD SULFUR MINE", "CITY": "GULF", "COUNTY": "MATAGORDA", "ZIP_CODE": null, "REGION": "REGION 12 - HOUSTON", "LAT_DD": 28.72134308, "LONG_DD": -95.89218083, "HORZ_METH": "ADDMAT", "HORZ_ACC": -9999, "HORZ_REF": "OTHER", "HORZ_DATE": "20000118", "HORZ_ORG": "TCEQ", "HORZ_DATUM": "NAD83", "HORZ_DESC": null, "dma_county": "Matagorda", "tceq_program": "vcp"}}, {"type": "Feature", "id": 1461810, "geometry": {"type": "Point", "coordinates": [-95.023167, 29.948818]}, "properties": {"OBJECTID": 1461810, "REM_PROG": "Voluntary Cleanup Program (VCP)", "RN": "RN100210301", "VCP_ID": 644, "SITE_NAME": "ARKEMA CROSBY PLANT", "PHYS_ADDR": "18000 CROSBY EASTGATE RD", "ADDR_DESC": "18000 CROSBY EASTGATE ROAD", "CITY": "CROSBY", "COUNTY": "HARRIS", "ZIP_CODE": "77532", "REGION": "REGION 12 - HOUSTON", "LAT_DD": 29.94881273, "LONG_DD": -95.02316008, "HORZ_METH": "DOQ", "HORZ_ACC": 5, "HORZ_REF": "FAC_CEN", "HORZ_DATE": "19971028", "HORZ_ORG": "TCEQ", "HORZ_DATUM": "NAD83", "HORZ_DESC": null, "dma_county": "Harris", "tceq_program": "vcp"}}, {"type": "Feature", "id": 1461812, "geometry": {"type": "Point", "coordinates": [-95.314734, 29.744983]}, "properties": {"OBJECTID": 1461812, "REM_PROG": "Voluntary Cleanup Program (VCP)", "RN": "RN100677749", "VCP_ID": 2568, "SITE_NAME": "FORMER CROWN BEVERAGE PACKAGING", "PHYS_ADDR": "5900 CANAL ST", "ADDR_DESC": null, "CITY": "HOUSTON", "COUNTY": "HARRIS", "ZIP_CODE": "77011", "REGION": "REGION 12 - HOUSTON", "LAT_DD": 29.74497772, "LONG_DD": -95.3147268, "HORZ_METH": "DOQ", "HORZ_ACC": 5, "HORZ_REF": "STRUC_CEN", "HORZ_DATE": "20130204", "HORZ_ORG": "TCEQ", "HORZ_DATUM": "NAD83", "HORZ_DESC": null, "dma_county": "Harris", "tceq_program": "vcp"}}, {"type": "Feature", "id": 1461813, "geometry": {"type": "Point", "coordinates": [-95.38334, 29.771116]}, "properties": {"OBJECTID": 1461813, "REM_PROG": "Voluntary Cleanup Program (VCP)", "RN": "RN102030962", "VCP_ID": 2057, "SITE_NAME": "JOHNNY FRANKS AUTO PARTS", "PHYS_ADDR": "1225 SAWYER ST", "ADDR_DESC": "1225 AND 1240 SAWYER ST NEAR INTERSECTION SAWYER AND EDWARDS STS", "CITY": "HOUSTON", "COUNTY": "HARRIS", "ZIP_CODE": "77007", "REGION": "REGION 12 - HOUSTON", "LAT_DD": 29.771110999999998, "LONG_DD": -95.383333, "HORZ_METH": "ADDMAT_NUM", "HORZ_ACC": -9999, "HORZ_REF": "STRUC_CEN", "HORZ_DATE": "20070504", "HORZ_ORG": "TCEQ", "HORZ_DATUM": "NAD83", "HORZ_DESC": null, "dma_county": "Harris", "tceq_program": "vcp"}}, {"type": "Feature", "id": 1461814, "geometry": {"type": "Point", "coordinates": [-95.355235, 29.757164]}, "properties": {"OBJECTID": 1461814, "REM_PROG": "Voluntary Cleanup Program (VCP)", "RN": "RN101052264", "VCP_ID": 569, "SITE_NAME": "THE BALLPARK AT UNION STATION", "PHYS_ADDR": "501 CRAWFORD ST", "ADDR_DESC": "501 CRAWFORD", "CITY": "HOUSTON", "COUNTY": "HARRIS", "ZIP_CODE": "77002", "REGION": "REGION 12 - HOUSTON", "LAT_DD": 29.75715885, "LONG_DD": -95.3552284, "HORZ_METH": "ADDMAT_NUM", "HORZ_ACC": -9999, "HORZ_REF": "OTHER", "HORZ_DATE": "19970714", "HORZ_ORG": "TCEQ", "HORZ_DATUM": "NAD83", "HORZ_DESC": null, "dma_county": "Harris", "tceq_program": "vcp"}}, {"type": "Feature", "id": 1461817, "geometry": {"type": "Point", "coordinates": [-95.454878, 30.279841]}, "properties": {"OBJECTID": 1461817, "REM_PROG": "Voluntary Cleanup Program (VCP)", "RN": "RN103202271", "VCP_ID": 1578, "SITE_NAME": "BORDEN METALS PRODUCTS", "PHYS_ADDR": null, "ADDR_DESC": "SEC OF SOUTH LOOP 336 AND IH 45 ABANDONED PROPERTY", "CITY": "CONROE", "COUNTY": "MONTGOMERY", "ZIP_CODE": null, "REGION": "REGION 12 - HOUSTON", "LAT_DD": 30.27983552, "LONG_DD": -95.45487068, "HORZ_METH": "ADDMAT_INT", "HORZ_ACC": -9999, "HORZ_REF": "OTHER", "HORZ_DATE": "20030321", "HORZ_ORG": "TCEQ", "HORZ_DATUM": "NAD83", "HORZ_DESC": null, "dma_county": "Montgomery", "tceq_program": "vcp"}}, {"type": "Feature", "id": 1461822, "geometry": {"type": "Point", "coordinates": [-95.333867, 29.749292]}, "properties": {"OBJECTID": 1461822, "REM_PROG": "Voluntary Cleanup Program (VCP)", "RN": "RN100702547", "VCP_ID": 784, "SITE_NAME": "WAREHOUSE/TURBINE CHROME SERVI", "PHYS_ADDR": "15 DRENNAN ST", "ADDR_DESC": "15 DRENNAN STREET", "CITY": "HOUSTON", "COUNTY": "HARRIS", "ZIP_CODE": "77003", "REGION": "REGION 12 - HOUSTON", "LAT_DD": 29.749286820000002, "LONG_DD": -95.33385972, "HORZ_METH": "ADDMAT_NUM", "HORZ_ACC": -9999, "HORZ_REF": "OTHER", "HORZ_DATE": "19980604", "HORZ_ORG": "TCEQ", "HORZ_DATUM": "NAD83", "HORZ_DESC": null, "dma_county": "Harris", "tceq_program": "vcp"}}, {"type": "Feature", "id": 1461825, "geometry": {"type": "Point", "coordinates": [-95.130463, 29.527032]}, "properties": {"OBJECTID": 1461825, "REM_PROG": "Voluntary Cleanup Program (VCP)", "RN": "RN102618444", "VCP_ID": 1256, "SITE_NAME": "NASA VALUE CENTER", "PHYS_ADDR": "20710 GULF FWY", "ADDR_DESC": "IH-45 AT NASA ROAD 1", "CITY": "WEBSTER", "COUNTY": "HARRIS", "ZIP_CODE": "77598", "REGION": "REGION 12 - HOUSTON", "LAT_DD": 29.52702697, "LONG_DD": -95.13045626, "HORZ_METH": "ADDMAT_NUM", "HORZ_ACC": -9999, "HORZ_REF": "STRUC_CEN", "HORZ_DATE": "20000830", "HORZ_ORG": "TCEQ", "HORZ_DATUM": "NAD83", "HORZ_DESC": null, "dma_county": "Harris", "tceq_program": "vcp"}}, {"type": "Feature", "id": 1461826, "geometry": {"type": "Point", "coordinates": [-95.37185, 29.770292]}, "properties": {"OBJECTID": 1461826, "REM_PROG": "Voluntary Cleanup Program (VCP)", "RN": "RN102368370", "VCP_ID": 2716, "SITE_NAME": "MONTALBANO TIRE", "PHYS_ADDR": "1302 HOUSTON AVE", "ADDR_DESC": null, "CITY": "HOUSTON", "COUNTY": "HARRIS", "ZIP_CODE": "77007", "REGION": "REGION 12 - HOUSTON", "LAT_DD": 29.77028693, "LONG_DD": -95.37184307, "HORZ_METH": "ADDMAT_NUM", "HORZ_ACC": -9999, "HORZ_REF": "STRUC_CEN", "HORZ_DATE": "20141216", "HORZ_ORG": "TCEQ", "HORZ_DATUM": "NAD83", "HORZ_DESC": null, "dma_county": "Harris", "tceq_program": "vcp"}}, {"type": "Feature", "id": 1461829, "geometry": {"type": "Point", "coordinates": [-95.184027, 30.047503]}, "properties": {"OBJECTID": 1461829, "REM_PROG": "Voluntary Cleanup Program (VCP)", "RN": "RN104089024", "VCP_ID": 2003, "SITE_NAME": "KING CLEANERS", "PHYS_ADDR": "2855 W LAKE HOUSTON PKWY STE 104", "ADDR_DESC": null, "CITY": "KINGWOOD", "COUNTY": "HARRIS", "ZIP_CODE": "77339", "REGION": "REGION 12 - HOUSTON", "LAT_DD": 30.04749789, "LONG_DD": -95.18401966, "HORZ_METH": "ADDMAT_NUM", "HORZ_ACC": -9999, "HORZ_REF": "STRUC_CEN", "HORZ_DATE": "20070105", "HORZ_ORG": "TCEQ", "HORZ_DATUM": "NAD83", "HORZ_DESC": null, "dma_county": "Harris", "tceq_program": "vcp"}}, {"type": "Feature", "id": 1461830, "geometry": {"type": "Point", "coordinates": [-95.380717, 30.021009]}, "properties": {"OBJECTID": 1461830, "REM_PROG": "Voluntary Cleanup Program (VCP)", "RN": "RN102379237", "VCP_ID": 1741, "SITE_NAME": "JCB PROPERTIES", "PHYS_ADDR": "3035 FM 1960 RD", "ADDR_DESC": "NWC INTERSECTION OF FM 1960 AND ALDINE WESTFIELD RD", "CITY": "HOUSTON", "COUNTY": "HARRIS", "ZIP_CODE": "77073", "REGION": "REGION 12 - HOUSTON", "LAT_DD": 30.021003999999998, "LONG_DD": -95.3807099, "HORZ_METH": "ADDMAT_NUM", "HORZ_ACC": -9999, "HORZ_REF": "OTHER", "HORZ_DATE": "20040917", "HORZ_ORG": "TCEQ", "HORZ_DATUM": "NAD83", "HORZ_DESC": null, "dma_county": "Harris", "tceq_program": "vcp"}}, {"type": "Feature", "id": 1461835, "geometry": {"type": "Point", "coordinates": [-96.334788, 29.557945]}, "properties": {"OBJECTID": 1461835, "REM_PROG": "Voluntary Cleanup Program (VCP)", "RN": "RN100537604", "VCP_ID": 1860, "SITE_NAME": "LCRA LAKE PUMP PLANT", "PHYS_ADDR": "4052 FM 102", "ADDR_DESC": "LCRA LAKE PLANT 2 MI S OF EAGLE LAKE ON 4052 FM 102", "CITY": "EAGLE LAKE", "COUNTY": "COLORADO", "ZIP_CODE": "77434", "REGION": "REGION 12 - HOUSTON", "LAT_DD": 29.55793987, "LONG_DD": -96.33478114, "HORZ_METH": "ADDMAT_NUM", "HORZ_ACC": -9999, "HORZ_REF": "OTHER", "HORZ_DATE": "20050831", "HORZ_ORG": "TCEQ", "HORZ_DATUM": "NAD83", "HORZ_DESC": null, "dma_county": "Colorado", "tceq_program": "vcp"}}, {"type": "Feature", "id": 1461840, "geometry": {"type": "Point", "coordinates": [-94.898502, 29.697681]}, "properties": {"OBJECTID": 1461840, "REM_PROG": "Voluntary Cleanup Program (VCP)", "RN": "RN100686997", "VCP_ID": 128, "SITE_NAME": "CEDAR CROSSING BUSINESS PARK K", "PHYS_ADDR": "5200 E MCKINNEY RD", "ADDR_DESC": "5200 EAST MCKINNEY, SUITE 100", "CITY": "BAYTOWN", "COUNTY": "HARRIS", "ZIP_CODE": "77523", "REGION": "REGION 12 - HOUSTON", "LAT_DD": 29.69767539, "LONG_DD": -94.89849534, "HORZ_METH": "ADDMAT_NUM", "HORZ_ACC": -9999, "HORZ_REF": "OTHER", "HORZ_DATE": "19951112", "HORZ_ORG": "TCEQ", "HORZ_DATUM": "NAD83", "HORZ_DESC": null, "dma_county": "Chambers", "tceq_program": "vcp"}}, {"type": "Feature", "id": 1461843, "geometry": {"type": "Point", "coordinates": [-95.375207, 29.931349]}, "properties": {"OBJECTID": 1461843, "REM_PROG": "Voluntary Cleanup Program (VCP)", "RN": "RN100863174", "VCP_ID": 2773, "SITE_NAME": "TIMKENSTEEL", "PHYS_ADDR": "14730 YARBERRY ST", "ADDR_DESC": "14730 Yarberry St, Houston, TX", "CITY": "HOUSTON", "COUNTY": "HARRIS", "ZIP_CODE": "77039", "REGION": "REGION 12 - HOUSTON", "LAT_DD": 29.93134391, "LONG_DD": -95.37519958, "HORZ_METH": "ADDMAT_NUM", "HORZ_ACC": -9999, "HORZ_REF": "STRUC_CEN", "HORZ_DATE": "20150903", "HORZ_ORG": "TCEQ", "HORZ_DATUM": "NAD83", "HORZ_DESC": null, "dma_county": "Harris", "tceq_program": "vcp"}}, {"type": "Feature", "id": 1461846, "geometry": {"type": "Point", "coordinates": [-95.582174, 29.998174]}, "properties": {"OBJECTID": 1461846, "REM_PROG": "Voluntary Cleanup Program (VCP)", "RN": "RN100241314", "VCP_ID": 1076, "SITE_NAME": "LAKEWOOD FOREST SHOPPING CENTE", "PHYS_ADDR": "21147 STATE HIGHWAY 249", "ADDR_DESC": "21147 STATE HIGHWAY 249", "CITY": "HOUSTON", "COUNTY": "HARRIS", "ZIP_CODE": "77070", "REGION": "REGION 12 - HOUSTON", "LAT_DD": 29.99816833, "LONG_DD": -95.58216665, "HORZ_METH": "DOQ", "HORZ_ACC": 5, "HORZ_REF": "FAC_CEN", "HORZ_DATE": "19991027", "HORZ_ORG": "TCEQ", "HORZ_DATUM": "NAD83", "HORZ_DESC": null, "dma_county": "Harris", "tceq_program": "vcp"}}, {"type": "Feature", "id": 1461850, "geometry": {"type": "Point", "coordinates": [-95.314763, 29.758684]}, "properties": {"OBJECTID": 1461850, "REM_PROG": "Voluntary Cleanup Program (VCP)", "RN": "RN105051676", "VCP_ID": 2881, "SITE_NAME": "FORMER WIRE ROPE WAREHOUSE", "PHYS_ADDR": "5532 HARVEY WILSON DR", "ADDR_DESC": null, "CITY": "HOUSTON", "COUNTY": "HARRIS", "ZIP_CODE": "77020", "REGION": "REGION 12 - HOUSTON", "LAT_DD": 29.75867842, "LONG_DD": -95.31475634, "HORZ_METH": "DOQ", "HORZ_ACC": 5, "HORZ_REF": "STRUC_CEN", "HORZ_DATE": "20170329", "HORZ_ORG": "TCEQ", "HORZ_DATUM": "NAD83", "HORZ_DESC": null, "dma_county": "Harris", "tceq_program": "vcp"}}, {"type": "Feature", "id": 1461862, "geometry": {"type": "Point", "coordinates": [-95.517545, 29.704526]}, "properties": {"OBJECTID": 1461862, "REM_PROG": "Voluntary Cleanup Program (VCP)", "RN": "RN100617406", "VCP_ID": 1747, "SITE_NAME": "GILLMAN PROPERTY", "PHYS_ADDR": "7601 BELLAIRE BLVD", "ADDR_DESC": "VACANT PROPERTY LOCATED AT SEC OF BELLAIRE AND FONDREN 7601 - 7635 BELLAIRE BLVD", "CITY": "HOUSTON", "COUNTY": "HARRIS", "ZIP_CODE": "77036", "REGION": "REGION 12 - HOUSTON", "LAT_DD": 29.70452064, "LONG_DD": -95.51753753, "HORZ_METH": "ADDMAT_NUM", "HORZ_ACC": -9999, "HORZ_REF": "OTHER", "HORZ_DATE": "20041019", "HORZ_ORG": "TCEQ", "HORZ_DATUM": "NAD83", "HORZ_DESC": null, "dma_county": "Harris", "tceq_program": "vcp"}}, {"type": "Feature", "id": 1461866, "geometry": {"type": "Point", "coordinates": [-95.446883, 29.786812]}, "properties": {"OBJECTID": 1461866, "REM_PROG": "Voluntary Cleanup Program (VCP)", "RN": "RN101474989", "VCP_ID": 213, "SITE_NAME": "PRECISION FLAMECUTTING", "PHYS_ADDR": "7104 OLD KATY RD", "ADDR_DESC": "7104 OLD KATY ROAD", "CITY": "HOUSTON", "COUNTY": "HARRIS", "ZIP_CODE": "77024", "REGION": "REGION 12 - HOUSTON", "LAT_DD": 29.78680673, "LONG_DD": -95.44687589, "HORZ_METH": "ADDMAT_NUM", "HORZ_ACC": -9999, "HORZ_REF": "FAC_CEN", "HORZ_DATE": "19960327", "HORZ_ORG": "TCEQ", "HORZ_DATUM": "NAD83", "HORZ_DESC": null, "dma_county": "Harris", "tceq_program": "vcp"}}, {"type": "Feature", "id": 1461867, "geometry": {"type": "Point", "coordinates": [-95.451414, 30.127331]}, "properties": {"OBJECTID": 1461867, "REM_PROG": "Voluntary Cleanup Program (VCP)", "RN": "RN101053668", "VCP_ID": 1101, "SITE_NAME": "GROGAN CENTRE I", "PHYS_ADDR": "502 SAWDUST RD", "ADDR_DESC": "502 SAWDUST ROAD", "CITY": "SPRING", "COUNTY": "MONTGOMERY", "ZIP_CODE": "77380", "REGION": "REGION 12 - HOUSTON", "LAT_DD": 30.12732545, "LONG_DD": -95.45140708, "HORZ_METH": "ADDMAT_NUM", "HORZ_ACC": -9999, "HORZ_REF": "STRUC_CEN", "HORZ_DATE": "19991214", "HORZ_ORG": "TCEQ", "HORZ_DATUM": "NAD83", "HORZ_DESC": null, "dma_county": "Montgomery", "tceq_program": "vcp"}}, {"type": "Feature", "id": 1461872, "geometry": {"type": "Point", "coordinates": [-95.379355, 29.750712]}, "properties": {"OBJECTID": 1461872, "REM_PROG": "Voluntary Cleanup Program (VCP)", "RN": "RN101054831", "VCP_ID": 1085, "SITE_NAME": "JEFFERSON MIDTOWN APARTMENTS", "PHYS_ADDR": "2350 BAGBY ST", "ADDR_DESC": "2350 BAGBY STREET", "CITY": "HOUSTON", "COUNTY": "HARRIS", "ZIP_CODE": "77006", "REGION": "REGION 12 - HOUSTON", "LAT_DD": 29.75070722, "LONG_DD": -95.37934816, "HORZ_METH": "ADDMAT_NUM", "HORZ_ACC": -9999, "HORZ_REF": "FAC_CEN", "HORZ_DATE": "19991123", "HORZ_ORG": "TCEQ", "HORZ_DATUM": "NAD83", "HORZ_DESC": null, "dma_county": "Harris", "tceq_program": "vcp"}}, {"type": "Feature", "id": 1461873, "geometry": {"type": "Point", "coordinates": [-95.350053, 29.772103]}, "properties": {"OBJECTID": 1461873, "REM_PROG": "Voluntary Cleanup Program (VCP)", "RN": "RN102645660", "VCP_ID": 1222, "SITE_NAME": "FORMER HOUSTON FOAM PLASTICS", "PHYS_ADDR": "1209 MAURY ST", "ADDR_DESC": "1209 MAURY ST", "CITY": "HOUSTON", "COUNTY": "HARRIS", "ZIP_CODE": "77020", "REGION": "REGION 12 - HOUSTON", "LAT_DD": 29.77209733, "LONG_DD": -95.35004559, "HORZ_METH": "DOQ", "HORZ_ACC": 5, "HORZ_REF": "FAC_CEN", "HORZ_DATE": "20000616", "HORZ_ORG": "TCEQ", "HORZ_DATUM": "NAD83", "HORZ_DESC": null, "dma_county": "Harris", "tceq_program": "vcp"}}, {"type": "Feature", "id": 1461886, "geometry": {"type": "Point", "coordinates": [-95.778826, 29.583106]}, "properties": {"OBJECTID": 1461886, "REM_PROG": "Voluntary Cleanup Program (VCP)", "RN": "RN104987722", "VCP_ID": 1932, "SITE_NAME": "2000 BLOCK PRESTON", "PHYS_ADDR": null, "ADDR_DESC": "INTERSECTION OF ROCKY FALLS AND PRESTON", "CITY": "RICHMOND", "COUNTY": "FORT BEND", "ZIP_CODE": null, "REGION": "REGION 12 - HOUSTON", "LAT_DD": 29.58310116, "LONG_DD": -95.7788192, "HORZ_METH": "DOQ", "HORZ_ACC": 5, "HORZ_REF": "FAC_CEN", "HORZ_DATE": "20060524", "HORZ_ORG": "TCEQ", "HORZ_DATUM": "NAD83", "HORZ_DESC": null, "dma_county": "Fort Bend", "tceq_program": "vcp"}}, {"type": "Feature", "id": 1461887, "geometry": {"type": "Point", "coordinates": [-95.135383, 29.866038]}, "properties": {"OBJECTID": 1461887, "REM_PROG": "Voluntary Cleanup Program (VCP)", "RN": "RN101475317", "VCP_ID": 13, "SITE_NAME": "WESTLAKE INDUSTRIES", "PHYS_ADDR": "17011 OLD BEAUMONT HWY 90", "ADDR_DESC": "17011 OLD BEAUMONT HIGHWAY 90", "CITY": "HOUSTON", "COUNTY": "HARRIS", "ZIP_CODE": "77015", "REGION": "REGION 12 - HOUSTON", "LAT_DD": 29.86603233, "LONG_DD": -95.13537646, "HORZ_METH": "DOQ", "HORZ_ACC": 5, "HORZ_REF": "FAC_CEN", "HORZ_DATE": "19951222", "HORZ_ORG": "TCEQ", "HORZ_DATUM": "NAD83", "HORZ_DESC": null, "dma_county": "Harris", "tceq_program": "vcp"}}, {"type": "Feature", "id": 1461888, "geometry": {"type": "Point", "coordinates": [-95.513577, 29.837214]}, "properties": {"OBJECTID": 1461888, "REM_PROG": "Voluntary Cleanup Program (VCP)", "RN": "RN102955978", "VCP_ID": 328, "SITE_NAME": "RREEF WEST VI - PINEWAY BUSINE", "PHYS_ADDR": "4660 PINE TIMBERS ST", "ADDR_DESC": "4660 PINE TIMBERS", "CITY": "HOUSTON", "COUNTY": "HARRIS", "ZIP_CODE": "77041", "REGION": "REGION 12 - HOUSTON", "LAT_DD": 29.83720883, "LONG_DD": -95.51356955, "HORZ_METH": "DOQ", "HORZ_ACC": 5, "HORZ_REF": "FAC_CEN", "HORZ_DATE": "19960820", "HORZ_ORG": "TCEQ", "HORZ_DATUM": "NAD83", "HORZ_DESC": null, "dma_county": "Harris", "tceq_program": "vcp"}}, {"type": "Feature", "id": 1461892, "geometry": {"type": "Point", "coordinates": [-94.871944, 29.818717]}, "properties": {"OBJECTID": 1461892, "REM_PROG": "Voluntary Cleanup Program (VCP)", "RN": "RN100688555", "VCP_ID": 1826, "SITE_NAME": "MOHAWK REFINING", "PHYS_ADDR": "20121 NEEDLEPOINT RD", "ADDR_DESC": "20121 Needle Point Road, Baytown, TX", "CITY": "BAYTOWN", "COUNTY": "CHAMBERS", "ZIP_CODE": "77523", "REGION": "REGION 12 - HOUSTON", "LAT_DD": 29.81871189, "LONG_DD": -94.87193705, "HORZ_METH": "ADDMAT_NUM", "HORZ_ACC": -9999, "HORZ_REF": "OTHER", "HORZ_DATE": "20050526", "HORZ_ORG": "TCEQ", "HORZ_DATUM": "NAD83", "HORZ_DESC": null, "dma_county": "Chambers", "tceq_program": "vcp"}}, {"type": "Feature", "id": 1461895, "geometry": {"type": "Point", "coordinates": [-95.506117, 29.783335]}, "properties": {"OBJECTID": 1461895, "REM_PROG": "Voluntary Cleanup Program (VCP)", "RN": "RN101054591", "VCP_ID": 503, "SITE_NAME": "SILVERS PROPERTY", "PHYS_ADDR": "PO BOX 22735", "ADDR_DESC": "BROGDEN AND IH-10", "CITY": "HOUSTON", "COUNTY": "HARRIS", "ZIP_CODE": "77227", "REGION": "REGION 12 - HOUSTON", "LAT_DD": 29.78333, "LONG_DD": -95.50610999999999, "HORZ_METH": "UNKNOWN", "HORZ_ACC": -9999, "HORZ_REF": "OTHER", "HORZ_DATE": "19970409", "HORZ_ORG": "TCEQ", "HORZ_DATUM": "NAD83", "HORZ_DESC": null, "dma_county": "Harris", "tceq_program": "vcp"}}, {"type": "Feature", "id": 1461897, "geometry": {"type": "Point", "coordinates": [-95.343035, 29.756219]}, "properties": {"OBJECTID": 1461897, "REM_PROG": "Voluntary Cleanup Program (VCP)", "RN": "RN104950241", "VCP_ID": 1923, "SITE_NAME": "NINFAS OFFICES", "PHYS_ADDR": "2727 CANAL ST", "ADDR_DESC": "NWC OF THE INTERSECTION OF CANAL AND DELANO STREETS", "CITY": "HOUSTON", "COUNTY": "HARRIS", "ZIP_CODE": "77003", "REGION": "REGION 12 - HOUSTON", "LAT_DD": 29.75621379, "LONG_DD": -95.34302766, "HORZ_METH": "DOQ", "HORZ_ACC": 5, "HORZ_REF": "FAC_CEN", "HORZ_DATE": "20060424", "HORZ_ORG": "TCEQ", "HORZ_DATUM": "NAD83", "HORZ_DESC": null, "dma_county": "Harris", "tceq_program": "vcp"}}, {"type": "Feature", "id": 1461902, "geometry": {"type": "Point", "coordinates": [-95.267076, 29.785128]}, "properties": {"OBJECTID": 1461902, "REM_PROG": "Voluntary Cleanup Program (VCP)", "RN": "RN102312634", "VCP_ID": 2171, "SITE_NAME": "REYNOLDS ALUMINUM HOUSTON CAN PLANT", "PHYS_ADDR": "10000 NORTH LOOP E", "ADDR_DESC": null, "CITY": "HOUSTON", "COUNTY": "HARRIS", "ZIP_CODE": "77029", "REGION": "REGION 12 - HOUSTON", "LAT_DD": 29.78512307, "LONG_DD": -95.26706944, "HORZ_METH": "DOQ", "HORZ_ACC": 5, "HORZ_REF": "STRUC_CEN", "HORZ_DATE": "20080509", "HORZ_ORG": "TCEQ", "HORZ_DATUM": "NAD83", "HORZ_DESC": null, "dma_county": "Harris", "tceq_program": "vcp"}}, {"type": "Feature", "id": 1461905, "geometry": {"type": "Point", "coordinates": [-95.555977, 29.716211]}, "properties": {"OBJECTID": 1461905, "REM_PROG": "Voluntary Cleanup Program (VCP)", "RN": "RN100671262", "VCP_ID": 1637, "SITE_NAME": "WEST BELT BUSINESS PARK", "PHYS_ADDR": "10611 HARWIN DR", "ADDR_DESC": "SEC HARWIN RD AND BELTWAY 8", "CITY": "HOUSTON", "COUNTY": "HARRIS", "ZIP_CODE": "77036", "REGION": "REGION 12 - HOUSTON", "LAT_DD": 29.71620547, "LONG_DD": -95.55596972, "HORZ_METH": "ADDMAT_NUM", "HORZ_ACC": -9999, "HORZ_REF": "STRUC_CEN", "HORZ_DATE": "20030912", "HORZ_ORG": "TCEQ", "HORZ_DATUM": "NAD83", "HORZ_DESC": null, "dma_county": "Harris", "tceq_program": "vcp"}}, {"type": "Feature", "id": 1461906, "geometry": {"type": "Point", "coordinates": [-95.570088, 29.689614]}, "properties": {"OBJECTID": 1461906, "REM_PROG": "Voluntary Cleanup Program (VCP)", "RN": "RN102085610", "VCP_ID": 1100, "SITE_NAME": "BEECHNUT CENTRE I", "PHYS_ADDR": "10828 BEECHNUT ST", "ADDR_DESC": "10828 BEECHNUT STREET", "CITY": "HOUSTON", "COUNTY": "HARRIS", "ZIP_CODE": "77072", "REGION": "REGION 12 - HOUSTON", "LAT_DD": 29.68960913, "LONG_DD": -95.57008132, "HORZ_METH": "ADDMAT_NUM", "HORZ_ACC": -9999, "HORZ_REF": "STRUC_CEN", "HORZ_DATE": "19991214", "HORZ_ORG": "TCEQ", "HORZ_DATUM": "NAD83", "HORZ_DESC": null, "dma_county": "Harris", "tceq_program": "vcp"}}, {"type": "Feature", "id": 1461907, "geometry": {"type": "Point", "coordinates": [-95.588902, 29.737105]}, "properties": {"OBJECTID": 1461907, "REM_PROG": "Voluntary Cleanup Program (VCP)", "RN": "RN102888922", "VCP_ID": 1501, "SITE_NAME": "FORMER COMET CLEANERS KIRKWOOD", "PHYS_ADDR": "11950 WESTHEIMER RD", "ADDR_DESC": null, "CITY": "HOUSTON", "COUNTY": "HARRIS", "ZIP_CODE": "77077", "REGION": "REGION 12 - HOUSTON", "LAT_DD": 29.73709986, "LONG_DD": -95.58889532, "HORZ_METH": "ADDMAT_NUM", "HORZ_ACC": -9999, "HORZ_REF": "OTHER", "HORZ_DATE": "20020731", "HORZ_ORG": "TCEQ", "HORZ_DATUM": "NAD83", "HORZ_DESC": null, "dma_county": "Harris", "tceq_program": "vcp"}}, {"type": "Feature", "id": 1461908, "geometry": {"type": "Point", "coordinates": [-95.459913, 29.647643]}, "properties": {"OBJECTID": 1461908, "REM_PROG": "Voluntary Cleanup Program (VCP)", "RN": "RN100564624", "VCP_ID": 1708, "SITE_NAME": "FIESTA SOUTH MAIN CENTER", "PHYS_ADDR": "12321 MAIN ST", "ADDR_DESC": "LOCATED SEC OF S MAIN AND S POST OAK", "CITY": "HOUSTON", "COUNTY": "HARRIS", "ZIP_CODE": "77035", "REGION": "REGION 12 - HOUSTON", "LAT_DD": 29.64763753, "LONG_DD": -95.45990592, "HORZ_METH": "ADDMAT_NUM", "HORZ_ACC": -9999, "HORZ_REF": "OTHER", "HORZ_DATE": "20040618", "HORZ_ORG": "TCEQ", "HORZ_DATUM": "NAD83", "HORZ_DESC": null, "dma_county": "Harris", "tceq_program": "vcp"}}, {"type": "Feature", "id": 1461911, "geometry": {"type": "Point", "coordinates": [-95.615847, 29.878156]}, "properties": {"OBJECTID": 1461911, "REM_PROG": "Voluntary Cleanup Program (VCP)", "RN": "RN106593171", "VCP_ID": 2274, "SITE_NAME": "ATCO BUSINESS PARK", "PHYS_ADDR": "13601 FM 529 RD", "ADDR_DESC": null, "CITY": "HOUSTON", "COUNTY": "HARRIS", "ZIP_CODE": "77041", "REGION": "REGION 12 - HOUSTON", "LAT_DD": 29.87815043, "LONG_DD": -95.61583944, "HORZ_METH": "ADDMAT_NUM", "HORZ_ACC": -9999, "HORZ_REF": "STRUC_CEN", "HORZ_DATE": "20090722", "HORZ_ORG": "TCEQ", "HORZ_DATUM": "NAD83", "HORZ_DESC": null, "dma_county": "Harris", "tceq_program": "vcp"}}, {"type": "Feature", "id": 1461914, "geometry": {"type": "Point", "coordinates": [-95.39885, 29.734245]}, "properties": {"OBJECTID": 1461914, "REM_PROG": "Voluntary Cleanup Program (VCP)", "RN": "RN104556931", "VCP_ID": 1796, "SITE_NAME": "CITY OF HOUSTON RICHMOND PROPERTY", "PHYS_ADDR": "1521 RICHMOND AVE", "ADDR_DESC": "1521 - 1569 RICHMOND", "CITY": "HOUSTON", "COUNTY": "HARRIS", "ZIP_CODE": "77006", "REGION": "REGION 12 - HOUSTON", "LAT_DD": 29.7342397, "LONG_DD": -95.39884347, "HORZ_METH": "ADDMAT_NUM", "HORZ_ACC": -9999, "HORZ_REF": "OTHER", "HORZ_DATE": "20050223", "HORZ_ORG": "TCEQ", "HORZ_DATUM": "NAD83", "HORZ_DESC": null, "dma_county": "Harris", "tceq_program": "vcp"}}, {"type": "Feature", "id": 1461919, "geometry": {"type": "Point", "coordinates": [-95.322631, 29.742173]}, "properties": {"OBJECTID": 1461919, "REM_PROG": "Voluntary Cleanup Program (VCP)", "RN": "RN105652671", "VCP_ID": 2234, "SITE_NAME": "EAST END CORRIDOR IV", "PHYS_ADDR": null, "ADDR_DESC": "5209 5219 5304 5314 HARRISBURG BLVD", "CITY": "HOUSTON", "COUNTY": "HARRIS", "ZIP_CODE": null, "REGION": "REGION 12 - HOUSTON", "LAT_DD": 29.742168, "LONG_DD": -95.32262399999999, "HORZ_METH": "ADDMAT", "HORZ_ACC": -9999, "HORZ_REF": "OTHER", "HORZ_DATE": "20081112", "HORZ_ORG": "TCEQ", "HORZ_DATUM": "NAD83", "HORZ_DESC": null, "dma_county": "Harris", "tceq_program": "vcp"}}, {"type": "Feature", "id": 1461925, "geometry": {"type": "Point", "coordinates": [-95.018864, 29.606593]}, "properties": {"OBJECTID": 1461925, "REM_PROG": "Voluntary Cleanup Program (VCP)", "RN": "RN100218411", "VCP_ID": 2255, "SITE_NAME": "ODFJELL TERMINALS", "PHYS_ADDR": "12211 PORT RD", "ADDR_DESC": null, "CITY": "SEABROOK", "COUNTY": "HARRIS", "ZIP_CODE": "77586", "REGION": "REGION 12 - HOUSTON", "LAT_DD": 29.60658803, "LONG_DD": -95.01885692, "HORZ_METH": "DOQ", "HORZ_ACC": 5, "HORZ_REF": "STRUC_CEN", "HORZ_DATE": "20090312", "HORZ_ORG": "TCEQ", "HORZ_DATUM": "NAD83", "HORZ_DESC": null, "dma_county": "Harris", "tceq_program": "vcp"}}, {"type": "Feature", "id": 1461926, "geometry": {"type": "Point", "coordinates": [-95.415343, 29.738224]}, "properties": {"OBJECTID": 1461926, "REM_PROG": "Voluntary Cleanup Program (VCP)", "RN": "RN105200455", "VCP_ID": 2040, "SITE_NAME": "PILGRIMS LAUNDRY", "PHYS_ADDR": "2307 W ALABAMA ST", "ADDR_DESC": null, "CITY": "HOUSTON", "COUNTY": "HARRIS", "ZIP_CODE": "77098", "REGION": "REGION 12 - HOUSTON", "LAT_DD": 29.73821905, "LONG_DD": -95.41533572, "HORZ_METH": "DOQ", "HORZ_ACC": 5, "HORZ_REF": "FAC_CEN", "HORZ_DATE": "20070312", "HORZ_ORG": "TCEQ", "HORZ_DATUM": "NAD83", "HORZ_DESC": null, "dma_county": "Harris", "tceq_program": "vcp"}}, {"type": "Feature", "id": 1461931, "geometry": {"type": "Point", "coordinates": [-95.417983, 29.762088]}, "properties": {"OBJECTID": 1461931, "REM_PROG": "Voluntary Cleanup Program (VCP)", "RN": "RN106007859", "VCP_ID": 2348, "SITE_NAME": "COMMERCIAL PROPERTY NEC MEMORIAL & ASBURY", "PHYS_ADDR": "5502 MEMORIAL DR", "ADDR_DESC": null, "CITY": "HOUSTON", "COUNTY": "HARRIS", "ZIP_CODE": "77007", "REGION": "REGION 12 - HOUSTON", "LAT_DD": 29.76208233, "LONG_DD": -95.41797638, "HORZ_METH": "DOQ", "HORZ_ACC": 5, "HORZ_REF": "FAC_CEN", "HORZ_DATE": "20100901", "HORZ_ORG": "TCEQ", "HORZ_DATUM": "NAD83", "HORZ_DESC": null, "dma_county": "Harris", "tceq_program": "vcp"}}, {"type": "Feature", "id": 1461933, "geometry": {"type": "Point", "coordinates": [-95.379953, 29.770181]}, "properties": {"OBJECTID": 1461933, "REM_PROG": "Voluntary Cleanup Program (VCP)", "RN": "RN101828929", "VCP_ID": 2012, "SITE_NAME": "CULLIGAN WATER", "PHYS_ADDR": "2121 EDWARDS ST", "ADDR_DESC": "NORTH OF WASHINGTON AVE, APPX 2 MILES WEST OF DOWNTOWN", "CITY": "HOUSTON", "COUNTY": "HARRIS", "ZIP_CODE": "77007", "REGION": "REGION 12 - HOUSTON", "LAT_DD": 29.7701757, "LONG_DD": -95.37994608, "HORZ_METH": "DOQ", "HORZ_ACC": 5, "HORZ_REF": "FAC_CEN", "HORZ_DATE": "20061220", "HORZ_ORG": "TCEQ", "HORZ_DATUM": "NAD83", "HORZ_DESC": null, "dma_county": "Harris", "tceq_program": "vcp"}}, {"type": "Feature", "id": 1461934, "geometry": {"type": "Point", "coordinates": [-95.386673, 29.008338]}, "properties": {"OBJECTID": 1461934, "REM_PROG": "Voluntary Cleanup Program (VCP)", "RN": "RN105721526", "VCP_ID": 2263, "SITE_NAME": "INDUSTRIAL SOLUTIONS", "PHYS_ADDR": null, "ADDR_DESC": "TRACT LOCATED ON WESTERN SIDE OF PROPERTY AT THE FAR NE CORNER OF HWY 288 & 332", "CITY": "CLUTE", "COUNTY": "BRAZORIA", "ZIP_CODE": null, "REGION": "REGION 12 - HOUSTON", "LAT_DD": 29.008333, "LONG_DD": -95.38666599999999, "HORZ_METH": "UNKNOWN", "HORZ_ACC": -9999, "HORZ_REF": "OTHER", "HORZ_DATE": "20090422", "HORZ_ORG": "TCEQ", "HORZ_DATUM": "NAD83", "HORZ_DESC": null, "dma_county": "Brazoria", "tceq_program": "vcp"}}, {"type": "Feature", "id": 1461937, "geometry": {"type": "Point", "coordinates": [-95.342928, 29.761223]}, "properties": {"OBJECTID": 1461937, "REM_PROG": "Voluntary Cleanup Program (VCP)", "RN": "RN109186817", "VCP_ID": 2812, "SITE_NAME": "400 JENSEN", "PHYS_ADDR": "400 JENSEN DR", "ADDR_DESC": null, "CITY": "HOUSTON", "COUNTY": "HARRIS", "ZIP_CODE": "77020", "REGION": "REGION 12 - HOUSTON", "LAT_DD": 29.76121789, "LONG_DD": -95.34292146, "HORZ_METH": "DOQ", "HORZ_ACC": 5, "HORZ_REF": "FAC_CEN", "HORZ_DATE": "20160411", "HORZ_ORG": "TCEQ", "HORZ_DATUM": "NAD83", "HORZ_DESC": null, "dma_county": "Harris", "tceq_program": "vcp"}}, {"type": "Feature", "id": 1461940, "geometry": {"type": "Point", "coordinates": [-94.77536, 29.316166]}, "properties": {"OBJECTID": 1461940, "REM_PROG": "Voluntary Cleanup Program (VCP)", "RN": "RN107588774", "VCP_ID": 2682, "SITE_NAME": "500 BARRACUDA AVENUE AND 400 HARBORSIDE DRIVE", "PHYS_ADDR": "500 BARRACUDA AVE", "ADDR_DESC": "500 BARRACUDA AVENUE AND 400 HARBORSIDE DRIVE", "CITY": "GALVESTON", "COUNTY": "GALVESTON", "ZIP_CODE": "77550", "REGION": "REGION 12 - HOUSTON", "LAT_DD": 29.31616078, "LONG_DD": -94.77535336, "HORZ_METH": "ADDMAT_NUM", "HORZ_ACC": -9999, "HORZ_REF": "OTHER", "HORZ_DATE": "20140626", "HORZ_ORG": "TCEQ", "HORZ_DATUM": "NAD83", "HORZ_DESC": null, "dma_county": "Galveston", "tceq_program": "vcp"}}, {"type": "Feature", "id": 1461943, "geometry": {"type": "Point", "coordinates": [-95.119314, 29.55064]}, "properties": {"OBJECTID": 1461943, "REM_PROG": "Voluntary Cleanup Program (VCP)", "RN": "RN104748579", "VCP_ID": 532, "SITE_NAME": "900 910 GEMINI SITE", "PHYS_ADDR": null, "ADDR_DESC": "900 THROUGH 910 GEMINI AVE", "CITY": "WEBSTER", "COUNTY": "HARRIS", "ZIP_CODE": null, "REGION": "REGION 12 - HOUSTON", "LAT_DD": 29.550635, "LONG_DD": -95.11930699999999, "HORZ_METH": "UNKNOWN", "HORZ_ACC": -9999, "HORZ_REF": "OTHER", "HORZ_DATE": "19970520", "HORZ_ORG": "TCEQ", "HORZ_DATUM": "NAD83", "HORZ_DESC": null, "dma_county": "Harris", "tceq_program": "vcp"}}, {"type": "Feature", "id": 1461945, "geometry": {"type": "Point", "coordinates": [-95.551921, 29.765045]}, "properties": {"OBJECTID": 1461945, "REM_PROG": "Voluntary Cleanup Program (VCP)", "RN": "RN107854168", "VCP_ID": 2700, "SITE_NAME": "MEMORIAL GREEN", "PHYS_ADDR": "12601 MEMORIAL DR", "ADDR_DESC": null, "CITY": "HOUSTON", "COUNTY": "HARRIS", "ZIP_CODE": "77024", "REGION": "REGION 12 - HOUSTON", "LAT_DD": 29.76504028, "LONG_DD": -95.551914, "HORZ_METH": "DOQ", "HORZ_ACC": 5, "HORZ_REF": "FAC_CEN", "HORZ_DATE": "20141126", "HORZ_ORG": "TCEQ", "HORZ_DATUM": "NAD83", "HORZ_DESC": null, "dma_county": "Harris", "tceq_program": "vcp"}}, {"type": "Feature", "id": 1461948, "geometry": {"type": "Point", "coordinates": [-95.415287, 30.019175]}, "properties": {"OBJECTID": 1461948, "REM_PROG": "Voluntary Cleanup Program (VCP)", "RN": "RN101053304", "VCP_ID": 847, "SITE_NAME": "IMPERIAL VALLEY DRIVE PROPERTY", "PHYS_ADDR": null, "ADDR_DESC": "HUMBLE WESTFIELD AT IMPERIAL VALLEY VACANT TRACT", "CITY": "HOUSTON", "COUNTY": "HARRIS", "ZIP_CODE": null, "REGION": "REGION 12 - HOUSTON", "LAT_DD": 30.01917, "LONG_DD": -95.41528, "HORZ_METH": "UNKNOWN", "HORZ_ACC": -9999, "HORZ_REF": "OTHER", "HORZ_DATE": "19981013", "HORZ_ORG": "TCEQ", "HORZ_DATUM": "NAD83", "HORZ_DESC": null, "dma_county": "Harris", "tceq_program": "vcp"}}, {"type": "Feature", "id": 1461953, "geometry": {"type": "Point", "coordinates": [-95.443186, 29.78697]}, "properties": {"OBJECTID": 1461953, "REM_PROG": "Voluntary Cleanup Program (VCP)", "RN": "RN102488178", "VCP_ID": 1766, "SITE_NAME": "TRINITY METALS", "PHYS_ADDR": "7010 OLD KATY RD", "ADDR_DESC": "7010 Old Katy Road, Houston, TX", "CITY": "HOUSTON", "COUNTY": "HARRIS", "ZIP_CODE": "77024", "REGION": "REGION 12 - HOUSTON", "LAT_DD": 29.78696431, "LONG_DD": -95.44317862, "HORZ_METH": "DOQ", "HORZ_ACC": 5, "HORZ_REF": "FAC_CEN", "HORZ_DATE": "20041210", "HORZ_ORG": "TCEQ", "HORZ_DATUM": "NAD83", "HORZ_DESC": null, "dma_county": "Harris", "tceq_program": "vcp"}}, {"type": "Feature", "id": 1461954, "geometry": {"type": "Point", "coordinates": [-95.376903, 29.923796]}, "properties": {"OBJECTID": 1461954, "REM_PROG": "Voluntary Cleanup Program (VCP)", "RN": "RN106400153", "VCP_ID": 2498, "SITE_NAME": "14204 EAST HARDY ROAD", "PHYS_ADDR": "14204 E HARDY RD", "ADDR_DESC": null, "CITY": "HOUSTON", "COUNTY": "HARRIS", "ZIP_CODE": "77039", "REGION": "REGION 12 - HOUSTON", "LAT_DD": 29.92379103, "LONG_DD": -95.37689629, "HORZ_METH": "ADDMAT_NUM", "HORZ_ACC": -9999, "HORZ_REF": "STRUC_CEN", "HORZ_DATE": "20120426", "HORZ_ORG": "TCEQ", "HORZ_DATUM": "NAD83", "HORZ_DESC": null, "dma_county": "Harris", "tceq_program": "vcp"}}, {"type": "Feature", "id": 1461957, "geometry": {"type": "Point", "coordinates": [-95.305776, 29.678532]}, "properties": {"OBJECTID": 1461957, "REM_PROG": "Voluntary Cleanup Program (VCP)", "RN": "RN100708890", "VCP_ID": 1244, "SITE_NAME": "HISD FUTURE ELEMENTARY SCHOOL", "PHYS_ADDR": "5927 WALTRIP ST", "ADDR_DESC": "5927 WALTRIP", "CITY": "HOUSTON", "COUNTY": "HARRIS", "ZIP_CODE": "77087", "REGION": "REGION 12 - HOUSTON", "LAT_DD": 29.6785272, "LONG_DD": -95.30576945, "HORZ_METH": "ADDMAT_NUM", "HORZ_ACC": -9999, "HORZ_REF": "OTHER", "HORZ_DATE": "20000727", "HORZ_ORG": "TCEQ", "HORZ_DATUM": "NAD83", "HORZ_DESC": null, "dma_county": "Harris", "tceq_program": "vcp"}}, {"type": "Feature", "id": 1461964, "geometry": {"type": "Point", "coordinates": [-95.325669, 29.455528]}, "properties": {"OBJECTID": 1461964, "REM_PROG": "Voluntary Cleanup Program (VCP)", "RN": "RN100212810", "VCP_ID": 1421, "SITE_NAME": "KEESHAN & BOST CHEMICAL", "PHYS_ADDR": "22102 HIGHWAY 6", "ADDR_DESC": "22102 STATE HIGHWAY 6 ON THE SOUTHSIDE OF STATE HIGHWAY 6 APPROXIMATELY TWO MILES EAST OF THE CITY OF MANVEL BRAZORIA COUNTY TEXAS", "CITY": "MANVEL", "COUNTY": "BRAZORIA", "ZIP_CODE": "77578", "REGION": "REGION 12 - HOUSTON", "LAT_DD": 29.45552307, "LONG_DD": -95.32566195, "HORZ_METH": "ADDMAT_NUM", "HORZ_ACC": -9999, "HORZ_REF": "OTHER", "HORZ_DATE": "20011203", "HORZ_ORG": "TCEQ", "HORZ_DATUM": "NAD83", "HORZ_DESC": null, "dma_county": "Brazoria", "tceq_program": "vcp"}}, {"type": "Feature", "id": 1461968, "geometry": {"type": "Point", "coordinates": [-95.621763, 30.061332]}, "properties": {"OBJECTID": 1461968, "REM_PROG": "Voluntary Cleanup Program (VCP)", "RN": "RN105925713", "VCP_ID": 2497, "SITE_NAME": "TOMBALL GRAND PAVILLION", "PHYS_ADDR": "26511 STATE HIGHWAY 249", "ADDR_DESC": null, "CITY": "TOMBALL", "COUNTY": "HARRIS", "ZIP_CODE": "77375", "REGION": "REGION 12 - HOUSTON", "LAT_DD": 30.0613267, "LONG_DD": -95.6217564, "HORZ_METH": "ADDMAT_NUM", "HORZ_ACC": -9999, "HORZ_REF": "OTHER", "HORZ_DATE": "20120419", "HORZ_ORG": "TCEQ", "HORZ_DATUM": "NAD83", "HORZ_DESC": null, "dma_county": "Harris", "tceq_program": "vcp"}}, {"type": "Feature", "id": 1461975, "geometry": {"type": "Point", "coordinates": [-95.507558, 29.982118]}, "properties": {"OBJECTID": 1461975, "REM_PROG": "Voluntary Cleanup Program (VCP)", "RN": "RN103970695", "VCP_ID": 1850, "SITE_NAME": "FASHION FAIR DRY CLEANERS", "PHYS_ADDR": "5137 FM 1960 RD W", "ADDR_DESC": null, "CITY": "HOUSTON", "COUNTY": "HARRIS", "ZIP_CODE": "77069", "REGION": "REGION 12 - HOUSTON", "LAT_DD": 29.98211291, "LONG_DD": -95.50755073, "HORZ_METH": "ADDMAT_NUM", "HORZ_ACC": -9999, "HORZ_REF": "STRUC_CEN", "HORZ_DATE": "20050818", "HORZ_ORG": "TCEQ", "HORZ_DATUM": "NAD83", "HORZ_DESC": null, "dma_county": "Harris", "tceq_program": "vcp"}}, {"type": "Feature", "id": 1461977, "geometry": {"type": "Point", "coordinates": [-95.314726, 29.734686]}, "properties": {"OBJECTID": 1461977, "REM_PROG": "Voluntary Cleanup Program (VCP)", "RN": "RN100639905", "VCP_ID": 1928, "SITE_NAME": "IWECO", "PHYS_ADDR": "600 HUGHES ST", "ADDR_DESC": null, "CITY": "HOUSTON", "COUNTY": "HARRIS", "ZIP_CODE": "77023", "REGION": "REGION 12 - HOUSTON", "LAT_DD": 29.734681, "LONG_DD": -95.314719, "HORZ_METH": "DOQ", "HORZ_ACC": 5, "HORZ_REF": "FAC_CEN", "HORZ_DATE": "20060515", "HORZ_ORG": "TCEQ", "HORZ_DATUM": "NAD83", "HORZ_DESC": null, "dma_county": "Harris", "tceq_program": "vcp"}}, {"type": "Feature", "id": 1461979, "geometry": {"type": "Point", "coordinates": [-95.403129, 29.809707]}, "properties": {"OBJECTID": 1461979, "REM_PROG": "Voluntary Cleanup Program (VCP)", "RN": "RN100596121", "VCP_ID": 2391, "SITE_NAME": "NATIONAL FLAME AND FORGE", "PHYS_ADDR": "349 W 24TH ST", "ADDR_DESC": null, "CITY": "HOUSTON", "COUNTY": "HARRIS", "ZIP_CODE": "77008", "REGION": "REGION 12 - HOUSTON", "LAT_DD": 29.80970166, "LONG_DD": -95.40312211, "HORZ_METH": "ADDMAT_NUM", "HORZ_ACC": -9999, "HORZ_REF": "OTHER", "HORZ_DATE": "20110222", "HORZ_ORG": "TCEQ", "HORZ_DATUM": "NAD83", "HORZ_DESC": null, "dma_county": "Harris", "tceq_program": "vcp"}}, {"type": "Feature", "id": 1461986, "geometry": {"type": "Point", "coordinates": [-95.50488, 29.70921]}, "properties": {"OBJECTID": 1461986, "REM_PROG": "Voluntary Cleanup Program (VCP)", "RN": "RN102645553", "VCP_ID": 422, "SITE_NAME": "HALLIBURTON GEOPHYSICAL SERVIC", "PHYS_ADDR": "6909 SOUTHWEST FWY", "ADDR_DESC": "6909 SOUTHWEST FREEWAY", "CITY": "HOUSTON", "COUNTY": "HARRIS", "ZIP_CODE": "77074", "REGION": "REGION 12 - HOUSTON", "LAT_DD": 29.70920456, "LONG_DD": -95.50487315, "HORZ_METH": "ADDMAT_NUM", "HORZ_ACC": -9999, "HORZ_REF": "FAC_CEN", "HORZ_DATE": "19961217", "HORZ_ORG": "TCEQ", "HORZ_DATUM": "NAD83", "HORZ_DESC": null, "dma_county": "Harris", "tceq_program": "vcp"}}, {"type": "Feature", "id": 1461989, "geometry": {"type": "Point", "coordinates": [-95.420882, 29.988067]}, "properties": {"OBJECTID": 1461989, "REM_PROG": "Voluntary Cleanup Program (VCP)", "RN": "RN102072550", "VCP_ID": 705, "SITE_NAME": "PLAINS MACHINERY", "PHYS_ADDR": null, "ADDR_DESC": "15200 NORTH FREEWAY", "CITY": "HOUSTON", "COUNTY": "HARRIS", "ZIP_CODE": null, "REGION": "REGION 12 - HOUSTON", "LAT_DD": 29.98806166, "LONG_DD": -95.42087453, "HORZ_METH": "ADDMAT_NUM", "HORZ_ACC": -9999, "HORZ_REF": "STRUC_CEN", "HORZ_DATE": "19980217", "HORZ_ORG": "TCEQ", "HORZ_DATUM": "NAD83", "HORZ_DESC": null, "dma_county": "Harris", "tceq_program": "vcp"}}, {"type": "Feature", "id": 1461990, "geometry": {"type": "Point", "coordinates": [-95.32032, 29.761716]}, "properties": {"OBJECTID": 1461990, "REM_PROG": "Voluntary Cleanup Program (VCP)", "RN": "RN101948875", "VCP_ID": 131, "SITE_NAME": "NORTHSIDE WASTEWATER TREATMENT", "PHYS_ADDR": "100 JAPHET ST", "ADDR_DESC": "100 JAPHET ST, HOUSTON, TX", "CITY": "HOUSTON", "COUNTY": "HARRIS", "ZIP_CODE": "77020", "REGION": "REGION 12 - HOUSTON", "LAT_DD": 29.7617104, "LONG_DD": -95.32031303, "HORZ_METH": "ADDMAT_NUM", "HORZ_ACC": -9999, "HORZ_REF": "FAC_CEN", "HORZ_DATE": "19951025", "HORZ_ORG": "TCEQ", "HORZ_DATUM": "NAD83", "HORZ_DESC": null, "dma_county": "Harris", "tceq_program": "vcp"}}, {"type": "Feature", "id": 1461996, "geometry": {"type": "Point", "coordinates": [-95.333238, 28.949508]}, "properties": {"OBJECTID": 1461996, "REM_PROG": "Voluntary Cleanup Program (VCP)", "RN": "RN105845788", "VCP_ID": 2292, "SITE_NAME": "7.166 ACRE STAUFFER CHANNEL TRACT", "PHYS_ADDR": "800 E BRAZOS ST", "ADDR_DESC": "800 E BRAZOS ST\nFREEPORT TX 77541-5957", "CITY": "FREEPORT", "COUNTY": "BRAZORIA", "ZIP_CODE": "77541", "REGION": "REGION 12 - HOUSTON", "LAT_DD": 28.949503, "LONG_DD": -95.333231, "HORZ_METH": "UNKNOWN", "HORZ_ACC": -9999, "HORZ_REF": "OTHER", "HORZ_DATE": "20091105", "HORZ_ORG": "TCEQ", "HORZ_DATUM": "NAD83", "HORZ_DESC": null, "dma_county": "Brazoria", "tceq_program": "vcp"}}, {"type": "Feature", "id": 1461998, "geometry": {"type": "Point", "coordinates": [-95.393052, 29.665134]}, "properties": {"OBJECTID": 1461998, "REM_PROG": "Voluntary Cleanup Program (VCP)", "RN": "RN102617545", "VCP_ID": 1131, "SITE_NAME": "EXXON PIERCE JUNCTION", "PHYS_ADDR": null, "ADDR_DESC": "SOUTH OF BELLFORT HIGHWAY 281 AND ALMEDA GAS PRODUCTION AND OIL STORAGE FACILITY", "CITY": "HOUSTON", "COUNTY": "HARRIS", "ZIP_CODE": null, "REGION": "REGION 12 - HOUSTON", "LAT_DD": 29.66512845, "LONG_DD": -95.39304467, "HORZ_METH": "DOQ", "HORZ_ACC": 5, "HORZ_REF": "FAC_CEN", "HORZ_DATE": "20000201", "HORZ_ORG": "TCEQ", "HORZ_DATUM": "NAD83", "HORZ_DESC": null, "dma_county": "Harris", "tceq_program": "vcp"}}, {"type": "Feature", "id": 1461999, "geometry": {"type": "Point", "coordinates": [-95.274616, 29.778834]}, "properties": {"OBJECTID": 1461999, "REM_PROG": "Voluntary Cleanup Program (VCP)", "RN": "RN101049849", "VCP_ID": 1882, "SITE_NAME": "REXAM BEVERAGE CAN", "PHYS_ADDR": "8501 EAST FWY", "ADDR_DESC": "8501 EAST FWY HOUSTON TX", "CITY": "HOUSTON", "COUNTY": "HARRIS", "ZIP_CODE": "77029", "REGION": "REGION 12 - HOUSTON", "LAT_DD": 29.77882882, "LONG_DD": -95.274609, "HORZ_METH": "DOQ", "HORZ_ACC": 5, "HORZ_REF": "STRUC_CEN", "HORZ_DATE": "20051115", "HORZ_ORG": "TCEQ", "HORZ_DATUM": "NAD83", "HORZ_DESC": null, "dma_county": "Harris", "tceq_program": "vcp"}}, {"type": "Feature", "id": 1462004, "geometry": {"type": "Point", "coordinates": [-95.636272, 29.900582]}, "properties": {"OBJECTID": 1462004, "REM_PROG": "Voluntary Cleanup Program (VCP)", "RN": "RN100705219", "VCP_ID": 883, "SITE_NAME": "TOWN SQUARE COPPERFIELD SHOPPING CENTER", "PHYS_ADDR": "8475 HIGHWAY 6 N", "ADDR_DESC": "8475 HIGHWAY 6 N AKA TOWN SQUARE COPPERFIELD SHOPPING CTR", "CITY": "HOUSTON", "COUNTY": "HARRIS", "ZIP_CODE": "77095", "REGION": "REGION 12 - HOUSTON", "LAT_DD": 29.90057684, "LONG_DD": -95.63626532, "HORZ_METH": "DOQ", "HORZ_ACC": 5, "HORZ_REF": "FAC_CEN", "HORZ_DATE": "19981130", "HORZ_ORG": "TCEQ", "HORZ_DATUM": "NAD83", "HORZ_DESC": null, "dma_county": "Harris", "tceq_program": "vcp"}}, {"type": "Feature", "id": 1462008, "geometry": {"type": "Point", "coordinates": [-95.344553, 29.741451]}, "properties": {"OBJECTID": 1462008, "REM_PROG": "Voluntary Cleanup Program (VCP)", "RN": "RN105620470", "VCP_ID": 2220, "SITE_NAME": "SOUTHEAST CORRIDOR - PARCELS 008 - 012", "PHYS_ADDR": "3522 POLK ST", "ADDR_DESC": null, "CITY": "HOUSTON", "COUNTY": "HARRIS", "ZIP_CODE": "77003", "REGION": "REGION 12 - HOUSTON", "LAT_DD": 29.74144625, "LONG_DD": -95.34454558, "HORZ_METH": "ADDMAT_NUM", "HORZ_ACC": -9999, "HORZ_REF": "STRUC_CEN", "HORZ_DATE": "20080911", "HORZ_ORG": "TCEQ", "HORZ_DATUM": "NAD83", "HORZ_DESC": null, "dma_county": "Harris", "tceq_program": "vcp"}}, {"type": "Feature", "id": 1462010, "geometry": {"type": "Point", "coordinates": [-95.507638, 29.73816]}, "properties": {"OBJECTID": 1462010, "REM_PROG": "Voluntary Cleanup Program (VCP)", "RN": "RN100653013", "VCP_ID": 1497, "SITE_NAME": "TOMS FINE CLEANERS HOUSTON", "PHYS_ADDR": "7956 WESTHEIMER RD", "ADDR_DESC": "7956 WESTHEIMER RD HOUSTON TX", "CITY": "HOUSTON", "COUNTY": "HARRIS", "ZIP_CODE": "77063", "REGION": "REGION 12 - HOUSTON", "LAT_DD": 29.73815521, "LONG_DD": -95.50763081, "HORZ_METH": "ADDMAT_NUM", "HORZ_ACC": -9999, "HORZ_REF": "OTHER", "HORZ_DATE": "20020724", "HORZ_ORG": "TCEQ", "HORZ_DATUM": "NAD83", "HORZ_DESC": null, "dma_county": "Harris", "tceq_program": "vcp"}}, {"type": "Feature", "id": 1462011, "geometry": {"type": "Point", "coordinates": [-95.585199, 29.783509]}, "properties": {"OBJECTID": 1462011, "REM_PROG": "Voluntary Cleanup Program (VCP)", "RN": "RN101766731", "VCP_ID": 67, "SITE_NAME": "NILS SEFELDT VOLVO", "PHYS_ADDR": "11451 KATY FWY", "ADDR_DESC": "11451 KATY FRWY HOUSTON TX", "CITY": "HOUSTON", "COUNTY": "HARRIS", "ZIP_CODE": "77079", "REGION": "REGION 12 - HOUSTON", "LAT_DD": 29.78350418, "LONG_DD": -95.58519178, "HORZ_METH": "ADDMAT_NUM", "HORZ_ACC": -9999, "HORZ_REF": "STRUC_CEN", "HORZ_DATE": "19951019", "HORZ_ORG": "TCEQ", "HORZ_DATUM": "NAD83", "HORZ_DESC": null, "dma_county": "Harris", "tceq_program": "vcp"}}, {"type": "Feature", "id": 1462014, "geometry": {"type": "Point", "coordinates": [-95.412498, 29.733115]}, "properties": {"OBJECTID": 1462014, "REM_PROG": "Voluntary Cleanup Program (VCP)", "RN": "RN105062947", "VCP_ID": 1969, "SITE_NAME": "SHEPHERD PLAZA SHOPPING CENTER", "PHYS_ADDR": "2100 RICHMOND AVE", "ADDR_DESC": "LOCATED SW OF DOWNTOWN HOUSTON, BOUNDED BY RICHMOND AVE, SOUTH SANDMAN, FARNHARN AND GREENBRIAR", "CITY": "HOUSTON", "COUNTY": "HARRIS", "ZIP_CODE": "77098", "REGION": "REGION 12 - HOUSTON", "LAT_DD": 29.7331094, "LONG_DD": -95.41249081, "HORZ_METH": "DOQ", "HORZ_ACC": 5, "HORZ_REF": "STRUC_CEN", "HORZ_DATE": "20060906", "HORZ_ORG": "TCEQ", "HORZ_DATUM": "NAD83", "HORZ_DESC": null, "dma_county": "Harris", "tceq_program": "vcp"}}, {"type": "Feature", "id": 1462020, "geometry": {"type": "Point", "coordinates": [-94.769533, 29.314638]}, "properties": {"OBJECTID": 1462020, "REM_PROG": "Voluntary Cleanup Program (VCP)", "RN": "RN103217683", "VCP_ID": 509, "SITE_NAME": "CHEVRON BULK PLANT 60165535", "PHYS_ADDR": "1902 WATER", "ADDR_DESC": "1802 WATER STREET", "CITY": "GALVESTON", "COUNTY": "GALVESTON", "ZIP_CODE": "77550", "REGION": "REGION 12 - HOUSTON", "LAT_DD": 29.31463336, "LONG_DD": -94.76952611, "HORZ_METH": "ADDMAT_NUM", "HORZ_ACC": -9999, "HORZ_REF": "OTHER", "HORZ_DATE": "19970417", "HORZ_ORG": "TCEQ", "HORZ_DATUM": "NAD83", "HORZ_DESC": null, "dma_county": "Galveston", "tceq_program": "vcp"}}, {"type": "Feature", "id": 1462023, "geometry": {"type": "Point", "coordinates": [-95.497078, 29.894676]}, "properties": {"OBJECTID": 1462023, "REM_PROG": "Voluntary Cleanup Program (VCP)", "RN": "RN100928068", "VCP_ID": 2201, "SITE_NAME": "UNITED FABRICATING", "PHYS_ADDR": "11117 N HOUSTON ROSSLYN RD", "ADDR_DESC": "11117 N HOUSTON ROSSLYN RD", "CITY": "HOUSTON", "COUNTY": "HARRIS", "ZIP_CODE": "77088", "REGION": "REGION 12 - HOUSTON", "LAT_DD": 29.89467122, "LONG_DD": -95.49707084, "HORZ_METH": "ADDMAT_NUM", "HORZ_ACC": -9999, "HORZ_REF": "STRUC_CEN", "HORZ_DATE": "20080714", "HORZ_ORG": "TCEQ", "HORZ_DATUM": "NAD83", "HORZ_DESC": null, "dma_county": "Harris", "tceq_program": "vcp"}}, {"type": "Feature", "id": 1462025, "geometry": {"type": "Point", "coordinates": [-95.494176, 29.737264]}, "properties": {"OBJECTID": 1462025, "REM_PROG": "Voluntary Cleanup Program (VCP)", "RN": "RN100889732", "VCP_ID": 1731, "SITE_NAME": "WESTHEIMER PLAZA", "PHYS_ADDR": "6237 WESTHEIMER RD", "ADDR_DESC": "6237 WESTHEIMER", "CITY": "HOUSTON", "COUNTY": "HARRIS", "ZIP_CODE": "77057", "REGION": "REGION 12 - HOUSTON", "LAT_DD": 29.73725838, "LONG_DD": -95.49416888, "HORZ_METH": "ADDMAT_NUM", "HORZ_ACC": -9999, "HORZ_REF": "STRUC_CEN", "HORZ_DATE": "20040817", "HORZ_ORG": "TCEQ", "HORZ_DATUM": "NAD83", "HORZ_DESC": null, "dma_county": "Harris", "tceq_program": "vcp"}}, {"type": "Feature", "id": 1462027, "geometry": {"type": "Point", "coordinates": [-95.267646, 29.640889]}, "properties": {"OBJECTID": 1462027, "REM_PROG": "Voluntary Cleanup Program (VCP)", "RN": "RN101787984", "VCP_ID": 478, "SITE_NAME": "ENTERPRISE AIR CENTER", "PHYS_ADDR": "8850 W MONROE RD", "ADDR_DESC": "8850 WEST MONROE ROAD AKA ENTERPRISE AIR CENTER", "CITY": "HOUSTON", "COUNTY": "HARRIS", "ZIP_CODE": "77061", "REGION": "REGION 12 - HOUSTON", "LAT_DD": 29.64088372, "LONG_DD": -95.267639, "HORZ_METH": "ADDMAT_NUM", "HORZ_ACC": -9999, "HORZ_REF": "OTHER", "HORZ_DATE": "19970303", "HORZ_ORG": "TCEQ", "HORZ_DATUM": "NAD83", "HORZ_DESC": null, "dma_county": "Harris", "tceq_program": "vcp"}}, {"type": "Feature", "id": 1462033, "geometry": {"type": "Point", "coordinates": [-95.430473, 29.779335]}, "properties": {"OBJECTID": 1462033, "REM_PROG": "Voluntary Cleanup Program (VCP)", "RN": "RN101052389", "VCP_ID": 954, "SITE_NAME": "SUTHERLAND LUMBER  - 7502 WASH", "PHYS_ADDR": "7502 WASHINGTON AVE", "ADDR_DESC": "7502 WASHINGTON AVENUE", "CITY": "HOUSTON", "COUNTY": "HARRIS", "ZIP_CODE": "77007", "REGION": "REGION 12 - HOUSTON", "LAT_DD": 29.77932993, "LONG_DD": -95.4304656, "HORZ_METH": "DOQ", "HORZ_ACC": 5, "HORZ_REF": "FAC_CEN", "HORZ_DATE": "19990405", "HORZ_ORG": "TCEQ", "HORZ_DATUM": "NAD83", "HORZ_DESC": null, "dma_county": "Harris", "tceq_program": "vcp"}}, {"type": "Feature", "id": 1462039, "geometry": {"type": "Point", "coordinates": [-95.507481, 29.736925]}, "properties": {"OBJECTID": 1462039, "REM_PROG": "Voluntary Cleanup Program (VCP)", "RN": "RN104467097", "VCP_ID": 1829, "SITE_NAME": "7900 BLOCK WESTHEIMER", "PHYS_ADDR": null, "ADDR_DESC": "7921, 7927, 7914 AND 7933 WESTHEIMER", "CITY": "HOUSTON", "COUNTY": "HARRIS", "ZIP_CODE": null, "REGION": "REGION 12 - HOUSTON", "LAT_DD": 29.736919999999998, "LONG_DD": -95.50747362, "HORZ_METH": "ADDMAT_NUM", "HORZ_ACC": -9999, "HORZ_REF": "OTHER", "HORZ_DATE": "20050603", "HORZ_ORG": "TCEQ", "HORZ_DATUM": "NAD83", "HORZ_DESC": null, "dma_county": "Harris", "tceq_program": "vcp"}}, {"type": "Feature", "id": 1462040, "geometry": {"type": "Point", "coordinates": [-95.104177, 29.491675]}, "properties": {"OBJECTID": 1462040, "REM_PROG": "Voluntary Cleanup Program (VCP)", "RN": "RN102700820", "VCP_ID": 311, "SITE_NAME": "TRACT IV TOWNSITE ADDITION LEAGUE CITY", "PHYS_ADDR": null, "ADDR_DESC": "LINK ROAD EAST OF CALDER DRIVE ATHELETIC FACILITY", "CITY": "LEAGUE CITY", "COUNTY": "GALVESTON", "ZIP_CODE": null, "REGION": "REGION 12 - HOUSTON", "LAT_DD": 29.49167, "LONG_DD": -95.10417, "HORZ_METH": "UNKNOWN", "HORZ_ACC": -9999, "HORZ_REF": "OTHER", "HORZ_DATE": "19960802", "HORZ_ORG": "TCEQ", "HORZ_DATUM": "NAD83", "HORZ_DESC": null, "dma_county": "Galveston", "tceq_program": "vcp"}}, {"type": "Feature", "id": 1462043, "geometry": {"type": "Point", "coordinates": [-95.361029, 29.771236]}, "properties": {"OBJECTID": 1462043, "REM_PROG": "Voluntary Cleanup Program (VCP)", "RN": "RN105415624", "VCP_ID": 2133, "SITE_NAME": "WELLINGTON FISHER SITE", "PHYS_ADDR": "315 N MAIN ST", "ADDR_DESC": null, "CITY": "HOUSTON", "COUNTY": "HARRIS", "ZIP_CODE": "77002", "REGION": "REGION 12 - HOUSTON", "LAT_DD": 29.77123036, "LONG_DD": -95.36102224, "HORZ_METH": "ADDMAT_NUM", "HORZ_ACC": -9999, "HORZ_REF": "OTHER", "HORZ_DATE": "20080111", "HORZ_ORG": "TCEQ", "HORZ_DATUM": "NAD83", "HORZ_DESC": null, "dma_county": "Harris", "tceq_program": "vcp"}}, {"type": "Feature", "id": 1462045, "geometry": {"type": "Point", "coordinates": [-95.427835, 29.786558]}, "properties": {"OBJECTID": 1462045, "REM_PROG": "Voluntary Cleanup Program (VCP)", "RN": "RN100717867", "VCP_ID": 2119, "SITE_NAME": "SEATEX", "PHYS_ADDR": "6325 HURST ST", "ADDR_DESC": null, "CITY": "HOUSTON", "COUNTY": "HARRIS", "ZIP_CODE": "77008", "REGION": "REGION 12 - HOUSTON", "LAT_DD": 29.78655259, "LONG_DD": -95.42782752, "HORZ_METH": "DOQ", "HORZ_ACC": 5, "HORZ_REF": "FAC_CEN", "HORZ_DATE": "20071130", "HORZ_ORG": "TCEQ", "HORZ_DATUM": "NAD83", "HORZ_DESC": null, "dma_county": "Harris", "tceq_program": "vcp"}}, {"type": "Feature", "id": 1462055, "geometry": {"type": "Point", "coordinates": [-95.534052, 29.787627]}, "properties": {"OBJECTID": 1462055, "REM_PROG": "Voluntary Cleanup Program (VCP)", "RN": "RN100642545", "VCP_ID": 1525, "SITE_NAME": "FABRICATION/ASSEMBLY", "PHYS_ADDR": "9720 KATY FWY", "ADDR_DESC": "9720 Katy Rd, Houston, TX", "CITY": "HOUSTON", "COUNTY": "HARRIS", "ZIP_CODE": "77055", "REGION": "REGION 12 - HOUSTON", "LAT_DD": 29.78762167, "LONG_DD": -95.53404486, "HORZ_METH": "ADDMAT_NUM", "HORZ_ACC": -9999, "HORZ_REF": "STRUC_CEN", "HORZ_DATE": "20021003", "HORZ_ORG": "TCEQ", "HORZ_DATUM": "NAD83", "HORZ_DESC": null, "dma_county": "Harris", "tceq_program": "vcp"}}, {"type": "Feature", "id": 1462059, "geometry": {"type": "Point", "coordinates": [-95.380068, 29.694631]}, "properties": {"OBJECTID": 1462059, "REM_PROG": "Voluntary Cleanup Program (VCP)", "RN": "RN105148449", "VCP_ID": 2007, "SITE_NAME": "ALICE STREET EAST PLUME B", "PHYS_ADDR": null, "ADDR_DESC": "SWC ALICE AND ARDMORE STS", "CITY": "HOUSTON", "COUNTY": "HARRIS", "ZIP_CODE": null, "REGION": "REGION 12 - HOUSTON", "LAT_DD": 29.69462579, "LONG_DD": -95.38006051, "HORZ_METH": "DOQ", "HORZ_ACC": 5, "HORZ_REF": "FAC_CEN", "HORZ_DATE": "20061219", "HORZ_ORG": "TCEQ", "HORZ_DATUM": "NAD83", "HORZ_DESC": null, "dma_county": "Harris", "tceq_program": "vcp"}}, {"type": "Feature", "id": 1462060, "geometry": {"type": "Point", "coordinates": [-95.29117, 29.451601]}, "properties": {"OBJECTID": 1462060, "REM_PROG": "Voluntary Cleanup Program (VCP)", "RN": "RN105166789", "VCP_ID": 1321, "SITE_NAME": "CROP FLYING OPERATIONS", "PHYS_ADDR": null, "ADDR_DESC": "0.25 MI N OF HIGHWAY 6 ON CR 146", "CITY": "ALVIN", "COUNTY": "BRAZORIA", "ZIP_CODE": null, "REGION": "REGION 12 - HOUSTON", "LAT_DD": 29.45159552, "LONG_DD": -95.29116348, "HORZ_METH": "DOQ", "HORZ_ACC": 5, "HORZ_REF": "STRUC_CEN", "HORZ_DATE": "20010305", "HORZ_ORG": "TCEQ", "HORZ_DATUM": "NAD83", "HORZ_DESC": null, "dma_county": "Brazoria", "tceq_program": "vcp"}}, {"type": "Feature", "id": 1462062, "geometry": {"type": "Point", "coordinates": [-95.368938, 29.644696]}, "properties": {"OBJECTID": 1462062, "REM_PROG": "Voluntary Cleanup Program (VCP)", "RN": "RN108823808", "VCP_ID": 2837, "SITE_NAME": "FORMER SALVAGE YARD", "PHYS_ADDR": "3626 AIRPORT BLVD", "ADDR_DESC": null, "CITY": "HOUSTON", "COUNTY": "HARRIS", "ZIP_CODE": "77051", "REGION": "REGION 12 - HOUSTON", "LAT_DD": 29.64469057, "LONG_DD": -95.36893098, "HORZ_METH": "ADDMAT_NUM", "HORZ_ACC": -9999, "HORZ_REF": "OTHER", "HORZ_DATE": "20160815", "HORZ_ORG": "TCEQ", "HORZ_DATUM": "NAD83", "HORZ_DESC": null, "dma_county": "Harris", "tceq_program": "vcp"}}, {"type": "Feature", "id": 1462065, "geometry": {"type": "Point", "coordinates": [-95.294065, 29.71604]}, "properties": {"OBJECTID": 1462065, "REM_PROG": "Voluntary Cleanup Program (VCP)", "RN": "RN100658814", "VCP_ID": 105, "SITE_NAME": "TELEDYNE POST-HOUSTON", "PHYS_ADDR": "829 S 75TH ST", "ADDR_DESC": "829 S 75TH ST HOUSTON TX", "CITY": "HOUSTON", "COUNTY": "HARRIS", "ZIP_CODE": "77023", "REGION": "REGION 12 - HOUSTON", "LAT_DD": 29.71603484, "LONG_DD": -95.29405755, "HORZ_METH": "ADDMAT_NUM", "HORZ_ACC": -9999, "HORZ_REF": "OTHER", "HORZ_DATE": "19951101", "HORZ_ORG": "TCEQ", "HORZ_DATUM": "NAD83", "HORZ_DESC": null, "dma_county": "Harris", "tceq_program": "vcp"}}, {"type": "Feature", "id": 1462070, "geometry": {"type": "Point", "coordinates": [-95.429139, 29.784939]}, "properties": {"OBJECTID": 1462070, "REM_PROG": "Voluntary Cleanup Program (VCP)", "RN": "RN103155693", "VCP_ID": 2581, "SITE_NAME": "3025 MAXROY STREET SITE", "PHYS_ADDR": "3025 MAXROY ST", "ADDR_DESC": null, "CITY": "HOUSTON", "COUNTY": "HARRIS", "ZIP_CODE": "77008", "REGION": "REGION 12 - HOUSTON", "LAT_DD": 29.78493408, "LONG_DD": -95.4291322, "HORZ_METH": "DOQ", "HORZ_ACC": -9999, "HORZ_REF": "STRUC_CEN", "HORZ_DATE": "20130510", "HORZ_ORG": "TCEQ", "HORZ_DATUM": "NAD83", "HORZ_DESC": null, "dma_county": "Harris", "tceq_program": "vcp"}}, {"type": "Feature", "id": 1462072, "geometry": {"type": "Point", "coordinates": [-95.510833, 30.665942]}, "properties": {"OBJECTID": 1462072, "REM_PROG": "Voluntary Cleanup Program (VCP)", "RN": "RN100242973", "VCP_ID": 2836, "SITE_NAME": "HISTORIC POND", "PHYS_ADDR": "7553 STATE HIGHWAY 75 S", "ADDR_DESC": "E SIDE OF HWY 75 N OF HWY 40", "CITY": "HUNTSVILLE", "COUNTY": "WALKER", "ZIP_CODE": "77340", "REGION": "REGION 12 - HOUSTON", "LAT_DD": 30.66593627, "LONG_DD": -95.51082542, "HORZ_METH": "DOQ", "HORZ_ACC": 5, "HORZ_REF": "FAC_CEN", "HORZ_DATE": "20160811", "HORZ_ORG": "TCEQ", "HORZ_DATUM": "NAD83", "HORZ_DESC": null, "dma_county": "Walker", "tceq_program": "vcp"}}, {"type": "Feature", "id": 1462079, "geometry": {"type": "Point", "coordinates": [-95.468911, 29.78325]}, "properties": {"OBJECTID": 1462079, "REM_PROG": "Voluntary Cleanup Program (VCP)", "RN": "RN100654854", "VCP_ID": 852, "SITE_NAME": "CROWN SERVICES", "PHYS_ADDR": "7715 KATY FWY", "ADDR_DESC": "7715 KATY FREEWAY", "CITY": "HOUSTON", "COUNTY": "HARRIS", "ZIP_CODE": "77024", "REGION": "REGION 12 - HOUSTON", "LAT_DD": 29.78324432, "LONG_DD": -95.46890383, "HORZ_METH": "DOQ", "HORZ_ACC": 5, "HORZ_REF": "STRUC_CEN", "HORZ_DATE": "19981022", "HORZ_ORG": "TCEQ", "HORZ_DATUM": "NAD83", "HORZ_DESC": null, "dma_county": "Harris", "tceq_program": "vcp"}}, {"type": "Feature", "id": 1462081, "geometry": {"type": "Point", "coordinates": [-95.361947, 29.686945]}, "properties": {"OBJECTID": 1462081, "REM_PROG": "Voluntary Cleanup Program (VCP)", "RN": "RN101461002", "VCP_ID": 622, "SITE_NAME": "SUNNYSIDE UP PARK", "PHYS_ADDR": null, "ADDR_DESC": "SHERWOOD DRIVE VACANT TRACT", "CITY": "HOUSTON", "COUNTY": "HARRIS", "ZIP_CODE": null, "REGION": "REGION 12 - HOUSTON", "LAT_DD": 29.68694, "LONG_DD": -95.36193999999999, "HORZ_METH": "UNKNOWN", "HORZ_ACC": -9999, "HORZ_REF": "OTHER", "HORZ_DATE": "19970930", "HORZ_ORG": "TCEQ", "HORZ_DATUM": "NAD83", "HORZ_DESC": null, "dma_county": "Harris", "tceq_program": "vcp"}}, {"type": "Feature", "id": 1462085, "geometry": {"type": "Point", "coordinates": [-95.430642, 29.792293]}, "properties": {"OBJECTID": 1462085, "REM_PROG": "Voluntary Cleanup Program (VCP)", "RN": "RN101462240", "VCP_ID": 2053, "SITE_NAME": "KOENIG KING WINCH", "PHYS_ADDR": "2902 W 12TH ST", "ADDR_DESC": "ADJACENT TO NWC OF INTERSECTION OF W 12TH AND ELLA BLVD", "CITY": "HOUSTON", "COUNTY": "HARRIS", "ZIP_CODE": "77008", "REGION": "REGION 12 - HOUSTON", "LAT_DD": 29.79228742, "LONG_DD": -95.43063537, "HORZ_METH": "ADDMAT_NUM", "HORZ_ACC": -9999, "HORZ_REF": "FAC_CEN", "HORZ_DATE": "20070430", "HORZ_ORG": "TCEQ", "HORZ_DATUM": "NAD83", "HORZ_DESC": null, "dma_county": "Harris", "tceq_program": "vcp"}}, {"type": "Feature", "id": 1462090, "geometry": {"type": "Point", "coordinates": [-95.325577, 29.742995]}, "properties": {"OBJECTID": 1462090, "REM_PROG": "Voluntary Cleanup Program (VCP)", "RN": "RN105662662", "VCP_ID": 2237, "SITE_NAME": "EAST END CORRIDOR - PARCELS EE 052 AND EE 054", "PHYS_ADDR": null, "ADDR_DESC": "PROPERTY LOCATED APPROXIMATELY 1.6 MILE EAST OF DOWNTOWN HOUSTON", "CITY": "HOUSTON", "COUNTY": "HARRIS", "ZIP_CODE": null, "REGION": "REGION 12 - HOUSTON", "LAT_DD": 29.74299, "LONG_DD": -95.32557, "HORZ_METH": "UNKNOWN", "HORZ_ACC": -9999, "HORZ_REF": "OTHER", "HORZ_DATE": "20081211", "HORZ_ORG": "TCEQ", "HORZ_DATUM": "NAD83", "HORZ_DESC": null, "dma_county": "Harris", "tceq_program": "vcp"}}, {"type": "Feature", "id": 1462091, "geometry": {"type": "Point", "coordinates": [-94.892715, 29.371443]}, "properties": {"OBJECTID": 1462091, "REM_PROG": "Voluntary Cleanup Program (VCP)", "RN": "RN103764528", "VCP_ID": 763, "SITE_NAME": "DOCK ROAD PROJECT", "PHYS_ADDR": null, "ADDR_DESC": "1500 BLOCK OF DOCK ROAD PETROLEUM PIPELINE, TEXAS CITY, TX", "CITY": "TEXAS CITY", "COUNTY": "GALVESTON", "ZIP_CODE": null, "REGION": "REGION 12 - HOUSTON", "LAT_DD": 29.37143803, "LONG_DD": -94.8927077, "HORZ_METH": "DOQ", "HORZ_ACC": 5, "HORZ_REF": "FAC_CEN", "HORZ_DATE": "19980429", "HORZ_ORG": "TCEQ", "HORZ_DATUM": "NAD83", "HORZ_DESC": null, "dma_county": "Galveston", "tceq_program": "vcp"}}, {"type": "Feature", "id": 1462094, "geometry": {"type": "Point", "coordinates": [-95.260943, 29.72485]}, "properties": {"OBJECTID": 1462094, "REM_PROG": "Voluntary Cleanup Program (VCP)", "RN": "RN102562022", "VCP_ID": 457, "SITE_NAME": "SOUTH COAST TERMINALS MANCHES", "PHYS_ADDR": "9317 E AVENUE S", "ADDR_DESC": null, "CITY": "HOUSTON", "COUNTY": "HARRIS", "ZIP_CODE": "77012", "REGION": "REGION 12 - HOUSTON", "LAT_DD": 29.72484452, "LONG_DD": -95.26093585, "HORZ_METH": "DOQ", "HORZ_ACC": 5, "HORZ_REF": "FAC_CEN", "HORZ_DATE": "19970206", "HORZ_ORG": "TCEQ", "HORZ_DATUM": "NAD83", "HORZ_DESC": null, "dma_county": "Harris", "tceq_program": "vcp"}}, {"type": "Feature", "id": 1462096, "geometry": {"type": "Point", "coordinates": [-95.353761, 29.900377]}, "properties": {"OBJECTID": 1462096, "REM_PROG": "Voluntary Cleanup Program (VCP)", "RN": "RN100667427", "VCP_ID": 1339, "SITE_NAME": "OILFIELD TOOLS MANUFACTURING", "PHYS_ADDR": "12800 ALDINE WESTFIELD RD", "ADDR_DESC": null, "CITY": "HOUSTON", "COUNTY": "HARRIS", "ZIP_CODE": "77039", "REGION": "REGION 12 - HOUSTON", "LAT_DD": 29.90037137, "LONG_DD": -95.35375376, "HORZ_METH": "ADDMAT_NUM", "HORZ_ACC": -9999, "HORZ_REF": "STRUC_CEN", "HORZ_DATE": "20010409", "HORZ_ORG": "TCEQ", "HORZ_DATUM": "NAD83", "HORZ_DESC": null, "dma_county": "Harris", "tceq_program": "vcp"}}, {"type": "Feature", "id": 1462097, "geometry": {"type": "Point", "coordinates": [-96.282811, 29.182476]}, "properties": {"OBJECTID": 1462097, "REM_PROG": "Voluntary Cleanup Program (VCP)", "RN": "RN101475192", "VCP_ID": 538, "SITE_NAME": "EL CAMPO ALUMINUM", "PHYS_ADDR": "902 GLADYS ST", "ADDR_DESC": "902 GLADYS ST EL CAMPO TX", "CITY": "EL CAMPO", "COUNTY": "WHARTON", "ZIP_CODE": "77437", "REGION": "REGION 12 - HOUSTON", "LAT_DD": 29.1824709, "LONG_DD": -96.28280414, "HORZ_METH": "DOQ", "HORZ_ACC": 5, "HORZ_REF": "STRUC_CEN", "HORZ_DATE": "19970528", "HORZ_ORG": "TCEQ", "HORZ_DATUM": "NAD83", "HORZ_DESC": null, "dma_county": "Wharton", "tceq_program": "vcp"}}, {"type": "Feature", "id": 182454, "geometry": {"type": "Point", "coordinates": [-95.301443, 29.856057]}, "properties": {"OBJECTID": 182454, "REM_PROG": "Brownfields Site Assessment (BSA)", "RN": "RN100521053", "BSA_ID": "G038", "SITE_NAME": "HOMESTEAD PLAZA SHOPPING CENTER", "PHYS_ADDR": "9929 HOMESTEAD RD", "ADDR_DESC": "NEAR SWC OF HOMESTEAD RD AND PARKER RD", "CITY": "HOUSTON", "COUNTY": "HARRIS", "ZIP_CODE": "77016", "REGION": "REGION 12 - HOUSTON", "LAT_DD": 29.85605145, "LONG_DD": -95.30143616, "HORZ_METH": "DOQ", "HORZ_ACC": 5, "HORZ_REF": "FAC_CEN", "HORZ_DATE": "20010611", "HORZ_ORG": "TCEQ", "HORZ_DATUM": "NAD83", "HORZ_DESC": null, "dma_county": "Harris", "tceq_program": "bsa"}}, {"type": "Feature", "id": 182455, "geometry": {"type": "Point", "coordinates": [-95.354648, 29.767772]}, "properties": {"OBJECTID": 182455, "REM_PROG": "Brownfields Site Assessment (BSA)", "RN": "RN100521087", "BSA_ID": "G043", "SITE_NAME": "RICHEY ST PROPERTY", "PHYS_ADDR": "1801 RICHEY ST", "ADDR_DESC": null, "CITY": "PASADENA", "COUNTY": "HARRIS", "ZIP_CODE": "77502", "REGION": "REGION 12 - HOUSTON", "LAT_DD": 29.7677669, "LONG_DD": -95.35464146, "HORZ_METH": "DOQ", "HORZ_ACC": 5, "HORZ_REF": "FAC_CEN", "HORZ_DATE": "20010208", "HORZ_ORG": "TCEQ", "HORZ_DATUM": "NAD83", "HORZ_DESC": null, "dma_county": "Harris", "tceq_program": "bsa"}}, {"type": "Feature", "id": 182463, "geometry": {"type": "Point", "coordinates": [-95.288044, 29.774603]}, "properties": {"OBJECTID": 182463, "REM_PROG": "Brownfields Site Assessment (BSA)", "RN": "RN100521145", "BSA_ID": "G002", "SITE_NAME": "DORSETT & MARKET ST PARCEL 19", "PHYS_ADDR": null, "ADDR_DESC": "DORSETT & MARKET STS PARCEL 19", "CITY": "HOUSTON", "COUNTY": "HARRIS", "ZIP_CODE": null, "REGION": "REGION 12 - HOUSTON", "LAT_DD": 29.77459775, "LONG_DD": -95.28803742, "HORZ_METH": "DOQ", "HORZ_ACC": 5, "HORZ_REF": "FAC_CEN", "HORZ_DATE": "20010530", "HORZ_ORG": "TCEQ", "HORZ_DATUM": "NAD83", "HORZ_DESC": null, "dma_county": "Harris", "tceq_program": "bsa"}}, {"type": "Feature", "id": 182465, "geometry": {"type": "Point", "coordinates": [-95.288044, 29.774603]}, "properties": {"OBJECTID": 182465, "REM_PROG": "Brownfields Site Assessment (BSA)", "RN": "RN103017836", "BSA_ID": "G067", "SITE_NAME": "CITY OF HOUSTON PANEL 085 019", "PHYS_ADDR": null, "ADDR_DESC": "ABANDONED PROPERTY 800 DORSETT STREET OFF IH-10 EXIT TO MCCARTY TO MARKET", "CITY": "HOUSTON", "COUNTY": "HARRIS", "ZIP_CODE": null, "REGION": "REGION 12 - HOUSTON", "LAT_DD": 29.77459775, "LONG_DD": -95.28803742, "HORZ_METH": "DOQ", "HORZ_ACC": 5, "HORZ_REF": "FAC_CEN", "HORZ_DATE": "20030217", "HORZ_ORG": "TCEQ", "HORZ_DATUM": "NAD83", "HORZ_DESC": null, "dma_county": "Harris", "tceq_program": "bsa"}}, {"type": "Feature", "id": 182467, "geometry": {"type": "Point", "coordinates": [-95.093531, 29.52029]}, "properties": {"OBJECTID": 182467, "REM_PROG": "Brownfields Site Assessment (BSA)", "RN": "RN102986650", "BSA_ID": "G065", "SITE_NAME": "WISCONSIN STREET CLOSED LANDFILL", "PHYS_ADDR": null, "ADDR_DESC": "FROM FM 518 GO NORTH ON WISCONSIN UNTIL STREET DEAD ENDS NO ADDRESS OLD LANDFILL", "CITY": "LEAGUE CITY", "COUNTY": "GALVESTON", "ZIP_CODE": null, "REGION": "REGION 12 - HOUSTON", "LAT_DD": 29.52028526, "LONG_DD": -95.09352402, "HORZ_METH": "DOQ", "HORZ_ACC": 5, "HORZ_REF": "FAC_CEN", "HORZ_DATE": "20030102", "HORZ_ORG": "TCEQ", "HORZ_DATUM": "NAD83", "HORZ_DESC": null, "dma_county": "Galveston", "tceq_program": "bsa"}}, {"type": "Feature", "id": 182469, "geometry": {"type": "Point", "coordinates": [-95.294, 29.736351]}, "properties": {"OBJECTID": 182469, "REM_PROG": "Brownfields Site Assessment (BSA)", "RN": "RN104428081", "BSA_ID": "G080", "SITE_NAME": "COMMUNITY FAMILY CENTER", "PHYS_ADDR": null, "ADDR_DESC": "UNION PACIFIC RAILROAD EASEMENT FROM CANAL TO SHERMAN STREETS", "CITY": "HOUSTON", "COUNTY": "HARRIS", "ZIP_CODE": null, "REGION": "REGION 12 - HOUSTON", "LAT_DD": 29.73634558, "LONG_DD": -95.29399273, "HORZ_METH": "DOQ", "HORZ_ACC": 5, "HORZ_REF": "FAC_CEN", "HORZ_DATE": "20041019", "HORZ_ORG": "TCEQ", "HORZ_DATUM": "NAD83", "HORZ_DESC": null, "dma_county": "Harris", "tceq_program": "bsa"}}, {"type": "Feature", "id": 182473, "geometry": {"type": "Point", "coordinates": [-95.328519, 29.758176]}, "properties": {"OBJECTID": 182473, "REM_PROG": "Brownfields Site Assessment (BSA)", "RN": "RN102785037", "BSA_ID": "G068", "SITE_NAME": "TONY MARRON PARK", "PHYS_ADDR": "808 N YORK ST", "ADDR_DESC": "IH-10 EXIT WACO PROCEED WEST TO SITE WACO TURNS INTO HIRSCH STREET AFTER CROSSING CLINTON DR THEN TURNS INTO N YORK AFTER CROSSING BUFFALO BAYOU", "CITY": "HOUSTON", "COUNTY": "HARRIS", "ZIP_CODE": "77003", "REGION": "REGION 12 - HOUSTON", "LAT_DD": 29.75817031, "LONG_DD": -95.32851208, "HORZ_METH": "DOQ", "HORZ_ACC": 5, "HORZ_REF": "FAC_CEN", "HORZ_DATE": "20030221", "HORZ_ORG": "TCEQ", "HORZ_DATUM": "NAD83", "HORZ_DESC": null, "dma_county": "Harris", "tceq_program": "bsa"}}, {"type": "Feature", "id": 182476, "geometry": {"type": "Point", "coordinates": [-95.286388, 29.774325]}, "properties": {"OBJECTID": 182476, "REM_PROG": "Brownfields Site Assessment (BSA)", "RN": "RN106320807", "BSA_ID": "G137", "SITE_NAME": "FORMER CACTUS PIPE-DORSETT PARK", "PHYS_ADDR": "815 DORSETT ST", "ADDR_DESC": "815 DORSETT ST", "CITY": "HOUSTON", "COUNTY": "HARRIS", "ZIP_CODE": "77029", "REGION": "REGION 12 - HOUSTON", "LAT_DD": 29.7743201, "LONG_DD": -95.28638076, "HORZ_METH": "DOQ", "HORZ_ACC": 5, "HORZ_REF": "FAC_CEN", "HORZ_DATE": "20111221", "HORZ_ORG": "TCEQ", "HORZ_DATUM": "NAD83", "HORZ_DESC": null, "dma_county": "Harris", "tceq_program": "bsa"}}, {"type": "Feature", "id": 182484, "geometry": {"type": "Point", "coordinates": [-94.804305, 29.301259]}, "properties": {"OBJECTID": 182484, "REM_PROG": "Brownfields Site Assessment (BSA)", "RN": "RN111489076", "BSA_ID": "G210", "SITE_NAME": "SHIELD PARK", "PHYS_ADDR": "3228 CHURCH ST", "ADDR_DESC": null, "CITY": "GALVESTON", "COUNTY": "GALVESTON", "ZIP_CODE": "77550", "REGION": "REGION 12 - HOUSTON", "LAT_DD": 29.30125389, "LONG_DD": -94.80429833, "HORZ_METH": "DOQ", "HORZ_ACC": 5, "HORZ_REF": "FAC_CEN", "HORZ_DATE": "20220427", "HORZ_ORG": "TCEQ", "HORZ_DATUM": "NAD83", "HORZ_DESC": null, "dma_county": "Galveston", "tceq_program": "bsa"}}, {"type": "Feature", "id": 182592, "geometry": {"type": "Point", "coordinates": [-95.332459, 29.752457]}, "properties": {"OBJECTID": 182592, "REM_PROG": "Brownfields Site Assessment (BSA)", "RN": "RN100520899", "BSA_ID": "G004", "SITE_NAME": "MILBY ST BUS BARN", "PHYS_ADDR": "301 N DRENNAN ST", "ADDR_DESC": null, "CITY": "HOUSTON", "COUNTY": "HARRIS", "ZIP_CODE": "77003", "REGION": "REGION 12 - HOUSTON", "LAT_DD": 29.7524516, "LONG_DD": -95.33245179, "HORZ_METH": "DOQ", "HORZ_ACC": 5, "HORZ_REF": "FAC_CEN", "HORZ_DATE": "20010530", "HORZ_ORG": "TCEQ", "HORZ_DATUM": "NAD83", "HORZ_DESC": null, "dma_county": "Harris", "tceq_program": "bsa"}}, {"type": "Feature", "id": 182602, "geometry": {"type": "Point", "coordinates": [-95.643318, 29.143228]}, "properties": {"OBJECTID": 182602, "REM_PROG": "Brownfields Site Assessment (BSA)", "RN": "RN100521152", "BSA_ID": "G016", "SITE_NAME": "BLANCHARD AUTO SALES", "PHYS_ADDR": null, "ADDR_DESC": "CORNER OF E BRAZOS & S 14TH ST", "CITY": "WEST COLUMBIA", "COUNTY": "BRAZORIA", "ZIP_CODE": null, "REGION": "REGION 12 - HOUSTON", "LAT_DD": 29.14322336, "LONG_DD": -95.64331075, "HORZ_METH": "DOQ", "HORZ_ACC": 5, "HORZ_REF": "FAC_CEN", "HORZ_DATE": "20010530", "HORZ_ORG": "TCEQ", "HORZ_DATUM": "NAD83", "HORZ_DESC": null, "dma_county": "Brazoria", "tceq_program": "bsa"}}, {"type": "Feature", "id": 182603, "geometry": {"type": "Point", "coordinates": [-94.824663, 29.295193]}, "properties": {"OBJECTID": 182603, "REM_PROG": "Brownfields Site Assessment (BSA)", "RN": "RN103061891", "BSA_ID": "G017", "SITE_NAME": "ESTATE OF WILLIAM R BLACK", "PHYS_ADDR": "600 51ST ST", "ADDR_DESC": null, "CITY": "GALVESTON", "COUNTY": "GALVESTON", "ZIP_CODE": "77551", "REGION": "REGION 12 - HOUSTON", "LAT_DD": 29.29518769, "LONG_DD": -94.82465608, "HORZ_METH": "DOQ", "HORZ_ACC": 5, "HORZ_REF": "FAC_CEN", "HORZ_DATE": "20010530", "HORZ_ORG": "TCEQ", "HORZ_DATUM": "NAD83", "HORZ_DESC": null, "dma_county": "Galveston", "tceq_program": "bsa"}}, {"type": "Feature", "id": 182609, "geometry": {"type": "Point", "coordinates": [-96.10124, 29.314759]}, "properties": {"OBJECTID": 182609, "REM_PROG": "Brownfields Site Assessment (BSA)", "RN": "RN100520865", "BSA_ID": "G044", "SITE_NAME": "N RICHMOND RD PROPERTY", "PHYS_ADDR": "404 N RICHMOND RD", "ADDR_DESC": null, "CITY": "WHARTON", "COUNTY": "WHARTON", "ZIP_CODE": "77488", "REGION": "REGION 12 - HOUSTON", "LAT_DD": 29.31475409, "LONG_DD": -96.10123281, "HORZ_METH": "DOQ", "HORZ_ACC": 5, "HORZ_REF": "FAC_CEN", "HORZ_DATE": "20001115", "HORZ_ORG": "TCEQ", "HORZ_DATUM": "NAD83", "HORZ_DESC": null, "dma_county": "Wharton", "tceq_program": "bsa"}}, {"type": "Feature", "id": 182625, "geometry": {"type": "Point", "coordinates": [-95.382614, 29.751724]}, "properties": {"OBJECTID": 182625, "REM_PROG": "Brownfields Site Assessment (BSA)", "RN": "RN100518646", "BSA_ID": "G001", "SITE_NAME": "WEBSTER - CITY OF HOUSTON", "PHYS_ADDR": "1501 W WEBSTER ST", "ADDR_DESC": null, "CITY": "HOUSTON", "COUNTY": "HARRIS", "ZIP_CODE": "77019", "REGION": "REGION 12 - HOUSTON", "LAT_DD": 29.7517188, "LONG_DD": -95.38260653, "HORZ_METH": "DOQ", "HORZ_ACC": 5, "HORZ_REF": "FAC_CEN", "HORZ_DATE": "20010530", "HORZ_ORG": "TCEQ", "HORZ_DATUM": "NAD83", "HORZ_DESC": null, "dma_county": "Harris", "tceq_program": "bsa"}}, {"type": "Feature", "id": 182628, "geometry": {"type": "Point", "coordinates": [-95.441067, 29.873423]}, "properties": {"OBJECTID": 182628, "REM_PROG": "Brownfields Site Assessment (BSA)", "RN": "RN106218712", "BSA_ID": "G134", "SITE_NAME": "8000 CORA", "PHYS_ADDR": "8000 CORA ST", "ADDR_DESC": null, "CITY": "HOUSTON", "COUNTY": "HARRIS", "ZIP_CODE": "77088", "REGION": "REGION 12 - HOUSTON", "LAT_DD": 29.87341813, "LONG_DD": -95.44105957, "HORZ_METH": "DOQ", "HORZ_ACC": 5, "HORZ_REF": "FAC_CEN", "HORZ_DATE": "20110803", "HORZ_ORG": "TCEQ", "HORZ_DATUM": "NAD83", "HORZ_DESC": null, "dma_county": "Harris", "tceq_program": "bsa"}}, {"type": "Feature", "id": 182644, "geometry": {"type": "Point", "coordinates": [-95.427368, 29.878822]}, "properties": {"OBJECTID": 182644, "REM_PROG": "Brownfields Site Assessment (BSA)", "RN": "RN106216930", "BSA_ID": "G132", "SITE_NAME": "1043 CONKLIN", "PHYS_ADDR": "1043 CONKLIN ST", "ADDR_DESC": null, "CITY": "HOUSTON", "COUNTY": "HARRIS", "ZIP_CODE": "77088", "REGION": "REGION 12 - HOUSTON", "LAT_DD": 29.87881679, "LONG_DD": -95.42736131, "HORZ_METH": "DOQ", "HORZ_ACC": 5, "HORZ_REF": "FAC_CEN", "HORZ_DATE": "20110803", "HORZ_ORG": "TCEQ", "HORZ_DATUM": "NAD83", "HORZ_DESC": null, "dma_county": "Harris", "tceq_program": "bsa"}}, {"type": "Feature", "id": 182651, "geometry": {"type": "Point", "coordinates": [-95.384125, 29.767633]}, "properties": {"OBJECTID": 182651, "REM_PROG": "Brownfields Site Assessment (BSA)", "RN": "RN100518687", "BSA_ID": "G010", "SITE_NAME": "OLD SIXTH WARD", "PHYS_ADDR": "2505 WASHINGTON AVE", "ADDR_DESC": null, "CITY": "HOUSTON", "COUNTY": "HARRIS", "ZIP_CODE": "77007", "REGION": "REGION 12 - HOUSTON", "LAT_DD": 29.76762783, "LONG_DD": -95.38411764, "HORZ_METH": "DOQ", "HORZ_ACC": 5, "HORZ_REF": "FAC_CEN", "HORZ_DATE": "20010530", "HORZ_ORG": "TCEQ", "HORZ_DATUM": "NAD83", "HORZ_DESC": null, "dma_county": "Harris", "tceq_program": "bsa"}}, {"type": "Feature", "id": 182664, "geometry": {"type": "Point", "coordinates": [-95.423019, 29.879294]}, "properties": {"OBJECTID": 182664, "REM_PROG": "Brownfields Site Assessment (BSA)", "RN": "RN106216948", "BSA_ID": "G133", "SITE_NAME": "946 CONKLIN", "PHYS_ADDR": "946 CONKLIN ST", "ADDR_DESC": null, "CITY": "HOUSTON", "COUNTY": "HARRIS", "ZIP_CODE": "77088", "REGION": "REGION 12 - HOUSTON", "LAT_DD": 29.87928905, "LONG_DD": -95.42301237, "HORZ_METH": "DOQ", "HORZ_ACC": 5, "HORZ_REF": "FAC_CEN", "HORZ_DATE": "20110803", "HORZ_ORG": "TCEQ", "HORZ_DATUM": "NAD83", "HORZ_DESC": null, "dma_county": "Harris", "tceq_program": "bsa"}}, {"type": "Feature", "id": 182666, "geometry": {"type": "Point", "coordinates": [-96.10124, 29.314759]}, "properties": {"OBJECTID": 182666, "REM_PROG": "Brownfields Site Assessment (BSA)", "RN": "RN100520865", "BSA_ID": "G138", "SITE_NAME": "N RICHMOND RD PROPERTY", "PHYS_ADDR": "404 N RICHMOND RD", "ADDR_DESC": null, "CITY": "WHARTON", "COUNTY": "WHARTON", "ZIP_CODE": "77488", "REGION": "REGION 12 - HOUSTON", "LAT_DD": 29.31475409, "LONG_DD": -96.10123281, "HORZ_METH": "DOQ", "HORZ_ACC": 5, "HORZ_REF": "FAC_CEN", "HORZ_DATE": "20120302", "HORZ_ORG": "TCEQ", "HORZ_DATUM": "NAD83", "HORZ_DESC": null, "dma_county": "Wharton", "tceq_program": "bsa"}}, {"type": "Feature", "id": 182677, "geometry": {"type": "Point", "coordinates": [-95.286388, 29.774325]}, "properties": {"OBJECTID": 182677, "REM_PROG": "Brownfields Site Assessment (BSA)", "RN": "RN100521244", "BSA_ID": "G012", "SITE_NAME": "DORSETT & MARKET ST PARCEL 20", "PHYS_ADDR": null, "ADDR_DESC": "DORSETT & MARKET ST PARCEL 20", "CITY": "HOUSTON", "COUNTY": "HARRIS", "ZIP_CODE": null, "REGION": "REGION 12 - HOUSTON", "LAT_DD": 29.7743201, "LONG_DD": -95.28638076, "HORZ_METH": "DOQ", "HORZ_ACC": 5, "HORZ_REF": "FAC_CEN", "HORZ_DATE": "20010530", "HORZ_ORG": "TCEQ", "HORZ_DATUM": "NAD83", "HORZ_DESC": null, "dma_county": "Harris", "tceq_program": "bsa"}}, {"type": "Feature", "id": 182682, "geometry": {"type": "Point", "coordinates": [-96.275802, 29.192086]}, "properties": {"OBJECTID": 182682, "REM_PROG": "Brownfields Site Assessment (BSA)", "RN": "RN109276626", "BSA_ID": "G176", "SITE_NAME": "FOREMOST DAIRY", "PHYS_ADDR": "711 W JACKSON ST", "ADDR_DESC": "711 W JACKSON ST", "CITY": "EL CAMPO", "COUNTY": "WHARTON", "ZIP_CODE": "77437", "REGION": "REGION 12 - HOUSTON", "LAT_DD": 29.19208095, "LONG_DD": -96.27579461, "HORZ_METH": "DOQ", "HORZ_ACC": 5, "HORZ_REF": "FAC_CEN", "HORZ_DATE": "20160725", "HORZ_ORG": "TCEQ", "HORZ_DATUM": "NAD83", "HORZ_DESC": null, "dma_county": "Wharton", "tceq_program": "bsa"}}, {"type": "Feature", "id": 182691, "geometry": {"type": "Point", "coordinates": [-95.427604, 29.88249]}, "properties": {"OBJECTID": 182691, "REM_PROG": "Brownfields Site Assessment (BSA)", "RN": "RN106218720", "BSA_ID": "G135", "SITE_NAME": "1050 DEWALT", "PHYS_ADDR": "1050 DEWALT ST", "ADDR_DESC": null, "CITY": "HOUSTON", "COUNTY": "HARRIS", "ZIP_CODE": "77088", "REGION": "REGION 12 - HOUSTON", "LAT_DD": 29.8824852, "LONG_DD": -95.42759687, "HORZ_METH": "DOQ", "HORZ_ACC": 5, "HORZ_REF": "FAC_CEN", "HORZ_DATE": "20110803", "HORZ_ORG": "TCEQ", "HORZ_DATUM": "NAD83", "HORZ_DESC": null, "dma_county": "Harris", "tceq_program": "bsa"}}, {"type": "Feature", "id": 182721, "geometry": {"type": "Point", "coordinates": [-95.294929, 29.737537]}, "properties": {"OBJECTID": 182721, "REM_PROG": "Brownfields Site Assessment (BSA)", "RN": "RN103120267", "BSA_ID": "G069", "SITE_NAME": "CITY OF HOUSTON PARCEL 1Y3 001", "PHYS_ADDR": "7238 CANAL ST", "ADDR_DESC": "7238 CANAL STREET", "CITY": "HOUSTON", "COUNTY": "HARRIS", "ZIP_CODE": "77011", "REGION": "REGION 12 - HOUSTON", "LAT_DD": 29.73753203, "LONG_DD": -95.29492199, "HORZ_METH": "DOQ", "HORZ_ACC": 5, "HORZ_REF": "FAC_CEN", "HORZ_DATE": "20030414", "HORZ_ORG": "TCEQ", "HORZ_DATUM": "NAD83", "HORZ_DESC": null, "dma_county": "Harris", "tceq_program": "bsa"}}, {"type": "Feature", "id": 182723, "geometry": {"type": "Point", "coordinates": [-95.330069, 29.747075]}, "properties": {"OBJECTID": 182723, "REM_PROG": "Brownfields Site Assessment (BSA)", "RN": "RN100520881", "BSA_ID": "G003", "SITE_NAME": "LATINO LEARNING CENTER", "PHYS_ADDR": "117 N EASTWOOD ST", "ADDR_DESC": null, "CITY": "HOUSTON", "COUNTY": "HARRIS", "ZIP_CODE": "77011", "REGION": "REGION 12 - HOUSTON", "LAT_DD": 29.74706967, "LONG_DD": -95.33006194, "HORZ_METH": "DOQ", "HORZ_ACC": 5, "HORZ_REF": "FAC_CEN", "HORZ_DATE": "20010530", "HORZ_ORG": "TCEQ", "HORZ_DATUM": "NAD83", "HORZ_DESC": null, "dma_county": "Harris", "tceq_program": "bsa"}}, {"type": "Feature", "id": 182724, "geometry": {"type": "Point", "coordinates": [-95.421474, 29.862982]}, "properties": {"OBJECTID": 182724, "REM_PROG": "Brownfields Site Assessment (BSA)", "RN": "RN106219975", "BSA_ID": "G136", "SITE_NAME": "887 DILLARD", "PHYS_ADDR": "887 DILLARD ST", "ADDR_DESC": null, "CITY": "HOUSTON", "COUNTY": "HARRIS", "ZIP_CODE": "77091", "REGION": "REGION 12 - HOUSTON", "LAT_DD": 29.86297656, "LONG_DD": -95.42146652, "HORZ_METH": "DOQ", "HORZ_ACC": 5, "HORZ_REF": "FAC_CEN", "HORZ_DATE": "20110803", "HORZ_ORG": "TCEQ", "HORZ_DATUM": "NAD83", "HORZ_DESC": null, "dma_county": "Harris", "tceq_program": "bsa"}}, {"type": "Feature", "id": 182727, "geometry": {"type": "Point", "coordinates": [-95.35382, 29.808752]}, "properties": {"OBJECTID": 182727, "REM_PROG": "Brownfields Site Assessment (BSA)", "RN": "RN100518596", "BSA_ID": "G040", "SITE_NAME": "TERRY ST PROPERTY", "PHYS_ADDR": "5401 TERRY ST", "ADDR_DESC": null, "CITY": "HOUSTON", "COUNTY": "HARRIS", "ZIP_CODE": "77009", "REGION": "REGION 12 - HOUSTON", "LAT_DD": 29.8087465, "LONG_DD": -95.35381346, "HORZ_METH": "DOQ", "HORZ_ACC": 5, "HORZ_REF": "FAC_CEN", "HORZ_DATE": "20001010", "HORZ_ORG": "TCEQ", "HORZ_DATUM": "NAD83", "HORZ_DESC": null, "dma_county": "Harris", "tceq_program": "bsa"}}, {"type": "Feature", "id": 182730, "geometry": {"type": "Point", "coordinates": [-95.336071, 29.759345]}, "properties": {"OBJECTID": 182730, "REM_PROG": "Brownfields Site Assessment (BSA)", "RN": "RN109675827", "BSA_ID": "G181", "SITE_NAME": "CITY OF HOUSTON INCINERATOR SITE", "PHYS_ADDR": null, "ADDR_DESC": " 0 VELASCO ST HOUSTON TX 77003", "CITY": "HOUSTON", "COUNTY": "HARRIS", "ZIP_CODE": null, "REGION": "REGION 12 - HOUSTON", "LAT_DD": 29.75933979, "LONG_DD": -95.33606405, "HORZ_METH": "DOQ", "HORZ_ACC": 5, "HORZ_REF": "FAC_CEN", "HORZ_DATE": "20170223", "HORZ_ORG": "TCEQ", "HORZ_DATUM": "NAD83", "HORZ_DESC": "Buffalo Bayou Partnership", "dma_county": "Harris", "tceq_program": "bsa"}}, {"type": "Feature", "id": 182753, "geometry": {"type": "Point", "coordinates": [-95.451259, 29.613733]}, "properties": {"OBJECTID": 182753, "REM_PROG": "Brownfields Site Assessment (BSA)", "RN": "RN112330220", "BSA_ID": "G221", "SITE_NAME": "LOT ON W FUQUA", "PHYS_ADDR": null, "ADDR_DESC": "NE CORNER OF W FUQUA ST AND CAMPDEN HILL RD", "CITY": "HOUSTON", "COUNTY": "HARRIS", "ZIP_CODE": null, "REGION": "REGION 12 - HOUSTON", "LAT_DD": 29.61372819, "LONG_DD": -95.45125205, "HORZ_METH": "DOQ", "HORZ_ACC": 5, "HORZ_REF": "FAC_CEN", "HORZ_DATE": "20251119", "HORZ_ORG": "TCEQ", "HORZ_DATUM": "NAD83", "HORZ_DESC": null, "dma_county": "Harris", "tceq_program": "bsa"}}]}